pdb_00006pcu	pdb_00006pcu
pdb_00006pdr	pdb_00006pdr
pdb_00006pds	pdb_00006pds
pdb_00006pdu	pdb_00006pdu
pdb_00006pe8	pdb_00006pe8
pdb_00006pe8	pdb_00005dmi
pdb_00006pe8	pdb_00005dmj
pdb_00006pe8	pdb_00005ihl
pdb_00006pe8	pdb_00006fax
pdb_00006pe8	pdb_00008yx1
pdb_00006pe8	pdb_00008yx9
pdb_00006pec	pdb_00006pec
pdb_00006pef	pdb_00006pef
pdb_00006pi7	pdb_00006pi7
pdb_00006plh	pdb_00006plh
pdb_00006pwc	pdb_00006pwc
pdb_00006pwc	pdb_00007ul2
pdb_00006pwu	pdb_00006pwu
pdb_00006pxr	pdb_00006pxr
pdb_00006pz8	pdb_00006pz8
pdb_00006q6z	pdb_00006q6z
pdb_00006q6z	pdb_00006i8g
pdb_00006q6z	pdb_00006i8h
pdb_00006qgy	pdb_00006qgy
pdb_00006qgy	pdb_00006qgw
pdb_00006qgy	pdb_00006qgx
pdb_00006qig	pdb_00006qig
pdb_00006qup	pdb_00006qup
pdb_00006qv1	pdb_00006qv1
pdb_00006qv1	pdb_00006quz
pdb_00006qv1	pdb_00006qv0
pdb_00006qv2	pdb_00006qv2
pdb_00006qx3	pdb_00006qx3
pdb_00006qx4	pdb_00006qx4
pdb_00006qx4	pdb_00006hhu
pdb_00006r0x	pdb_00006r0x
pdb_00006r7t	pdb_00006r7t
pdb_00006r8x	pdb_00006r8x
pdb_00006r8x	pdb_00004ogx
pdb_00006r8x	pdb_00004ogy
pdb_00006r8x	pdb_00006aod
pdb_00006r8x	pdb_00006hhc
pdb_00006r8x	pdb_00009mnb
pdb_00006r8x	pdb_00006o1f
pdb_00006r8x	pdb_00006vvu
pdb_00006r8x	pdb_00008vgh
pdb_00006r8x	pdb_00008vgi
pdb_00006r8x	pdb_00008vgj
pdb_00006r8x	pdb_00008vgk
pdb_00006r8x	pdb_00009u8g
pdb_00006r8x	pdb_00009jd0
pdb_00006r8x	pdb_00009jd1
pdb_00006rps	pdb_00006rps
pdb_00006rty	pdb_00006rty
pdb_00006rty	pdb_00006rtw
pdb_00006rvc	pdb_00006rvc
pdb_00006s2i	pdb_00006s2i
pdb_00006s3d	pdb_00006s3d
pdb_00006s3t	pdb_00006s3t
pdb_00006sf6	pdb_00006sf6
pdb_00007x8t	pdb_00007x8t
pdb_00007x8t	pdb_00007x8q
pdb_00007x8t	pdb_00008x0t
pdb_00007x8t	pdb_00006o39
pdb_00007x8t	pdb_00006o3a
pdb_00007x8t	pdb_00006o3b
pdb_00007x8t	pdb_00007x8p
pdb_00007x8t	pdb_00008q7o
pdb_00007x9e	pdb_00007x9e
pdb_00007x9e	pdb_00007tow
pdb_00007x9e	pdb_00008d47
pdb_00007xjf	pdb_00007xjf
pdb_00007xjf	pdb_00005iwl
pdb_00007xjf	pdb_00005tz2
pdb_00007xjf	pdb_00005tzt
pdb_00007xjf	pdb_00005tzu
pdb_00007xjf	pdb_00008rp8
pdb_00007xjf	pdb_00008zca
pdb_00007xli	pdb_00007xli
pdb_00007xli	pdb_00007xld
pdb_00007xlt	pdb_00007xlt
pdb_00008xs1	pdb_00008xs1
pdb_00008xs3	pdb_00008xs3
pdb_00008xvl	pdb_00008xvl
pdb_00008xvl	pdb_00008xvj
pdb_00008xvl	pdb_00008xvk
pdb_00008y0y	pdb_00008y0y
pdb_00008y31	pdb_00008y31
pdb_00008y3u	pdb_00008y3u
pdb_00008y3u	pdb_00005fhc
pdb_00008y69	pdb_00008y69
pdb_00008y69	pdb_00008xfp
pdb_00008y69	pdb_00008xfs
pdb_00008y69	pdb_00008xft
pdb_00008y69	pdb_00008xt9
pdb_00008y69	pdb_00008xum
pdb_00008y69	pdb_00009kgk
pdb_00008y69	pdb_00009khh
pdb_00008y69	pdb_00009s37
pdb_00008y69	pdb_00009s38
pdb_00008y69	pdb_00009uok
pdb_00008ya0	pdb_00008ya0
pdb_00008ya0	pdb_00006itc
pdb_00008ya0	pdb_00008ya2
pdb_00009uuf	pdb_00009uuf
pdb_00009uuf	pdb_00004xak
pdb_00009uuf	pdb_00004zpt
pdb_00009uuf	pdb_00004zpv
pdb_00009uuf	pdb_00004zs6
pdb_00009uuf	pdb_00005gmq
pdb_00009uuf	pdb_00005yy5
pdb_00009uuf	pdb_00005zxv
pdb_00009uuf	pdb_00006c6y
pdb_00009uuf	pdb_00006c6z
pdb_00009uuf	pdb_00006war
pdb_00009uuf	pdb_00007coe
pdb_00009uuf	pdb_00007x26
pdb_00009uuf	pdb_00008idi
pdb_00009uuf	pdb_00008ido
pdb_00009uuf	pdb_00008iee
pdb_00009uuf	pdb_00008ysf
pdb_00009uuf	pdb_00008ysh
pdb_00009uuf	pdb_00009uo0
pdb_00009uuf	pdb_00009uoc
pdb_00009uuf	pdb_00009uoi
pdb_00009uuf	pdb_00009v0o
pdb_00009uvt	pdb_00009uvt
pdb_00009uvt	pdb_00009l9o
pdb_00009uvt	pdb_00009j05
pdb_00009uyl	pdb_00009uyl
pdb_00009uyl	pdb_00009uyn
pdb_00009uza	pdb_00009uza
pdb_00009uzb	pdb_00009uzb
pdb_00009uzb	pdb_00009uzc
pdb_00009uzb	pdb_00009uzd
pdb_00009uzb	pdb_00009uze
pdb_00009uzb	pdb_00009uzf
pdb_00009uzb	pdb_00009uzg
pdb_00009uzb	pdb_00009uzh
pdb_00009uzb	pdb_00009uzi
pdb_00009uzb	pdb_00009xf9
pdb_00009v32	pdb_00009v32
pdb_00009v32	pdb_00009v2u
pdb_00009v32	pdb_00009v31
pdb_00009v6r	pdb_00009v6r
pdb_00009vca	pdb_00009vca
pdb_00009vca	pdb_00009jo7
pdb_00009vca	pdb_00009jo9
pdb_00009vca	pdb_00009k94
pdb_00009vca	pdb_00009kmp
pdb_00009vca	pdb_00009kms
pdb_00009vhz	pdb_00009vhz
pdb_00009vhz	pdb_00002i9l
pdb_00009vhz	pdb_00004u6h
pdb_00009vhz	pdb_00008zu9
pdb_00009vhz	pdb_00008zua
pdb_00009vhz	pdb_00009j7y
pdb_00009vhz	pdb_00009lf8
pdb_00009vl2	pdb_00009vl2
pdb_00009vnp	pdb_00009vnp
pdb_00009vos	pdb_00009vos
pdb_00009vos	pdb_00009vor
pdb_00009vp0	pdb_00009vp0
pdb_00009vp0	pdb_00009uk5
pdb_00005l8l	pdb_00005l8l
pdb_00005l8l	pdb_00005l8j
pdb_00005l8l	pdb_00005l8k
pdb_00005ldn	pdb_00005ldn
pdb_00005ldn	pdb_00005ogi
pdb_00005ldn	pdb_00006eqc
pdb_00005lsp	pdb_00005lsp
pdb_00005lwf	pdb_00005lwf
pdb_00005lwf	pdb_00004m3k
pdb_00005lwf	pdb_00004n1h
pdb_00005m30	pdb_00005m30
pdb_00005m95	pdb_00005m95
pdb_00005m95	pdb_00005m94
pdb_00005mhr	pdb_00005mhr
pdb_00005mhs	pdb_00005mhs
pdb_00005mo9	pdb_00005mo9
pdb_00005mp2	pdb_00005mp2
pdb_00005mp3	pdb_00005mp3
pdb_00005mp5	pdb_00005mp5
pdb_00005mp5	pdb_00005mo3
pdb_00005mp5	pdb_00005mp1
pdb_00005mu0	pdb_00005mu0
pdb_00005mub	pdb_00005mub
pdb_00005mv3	pdb_00005mv3
pdb_00005mv3	pdb_00005mu2
pdb_00005mv4	pdb_00005mv4
pdb_00005mwn	pdb_00005mwn
pdb_00005myo	pdb_00005myo
pdb_00005myo	pdb_00005my4
pdb_00005myo	pdb_00007ow1
pdb_00005myo	pdb_00003bkj
pdb_00005myx	pdb_00005myx
pdb_00005myx	pdb_00005myk
pdb_00005n7b	pdb_00005n7b
pdb_00005n88	pdb_00005n88
pdb_00005nbd	pdb_00005nbd
pdb_00005nbm	pdb_00005nbm
pdb_00005nbm	pdb_00005nbl
pdb_00005nh3	pdb_00005nh3
pdb_00005nh3	pdb_00007oly
pdb_00005nhr	pdb_00005nhr
pdb_00005nhr	pdb_00005ngv
pdb_00005nmv	pdb_00005nmv
pdb_00005npj	pdb_00005npj
pdb_00005npj	pdb_00005npi
pdb_00005npj	pdb_00005nph
pdb_00005nqw	pdb_00005nqw
pdb_00005nqw	pdb_000022ps
pdb_00005nqw	pdb_00005anm
pdb_00005nqw	pdb_00005hys
pdb_00005nqw	pdb_00006uqr
pdb_00005nqw	pdb_00007shu
pdb_00005nqw	pdb_00007shy
pdb_00005nqw	pdb_00007shz
pdb_00005nqw	pdb_00007si0
pdb_00005o1r	pdb_00005o1r
pdb_00005o2u	pdb_00005o2u
pdb_00005ob5	pdb_00005ob5
pdb_00005ob5	pdb_00006wzj
pdb_00005ob5	pdb_00006wzk
pdb_00005ob5	pdb_00006wzl
pdb_00005ob5	pdb_00004r9y
pdb_00005ob5	pdb_00004rau
pdb_00005ob5	pdb_00006wzm
pdb_00005oca	pdb_00005oca
pdb_00005oca	pdb_00003h42
pdb_00005ock	pdb_00005ock
pdb_00005ocx	pdb_00005ocx
pdb_00005ojm	pdb_00005ojm
pdb_00005ojm	pdb_00005o8f
pdb_00005ojm	pdb_00006d6t
pdb_00005ojm	pdb_00006d6u
pdb_00005ojm	pdb_00006hug
pdb_00005ojm	pdb_00006huj
pdb_00005ojm	pdb_00006huk
pdb_00005ojm	pdb_00006huo
pdb_00005ojm	pdb_00006hup
pdb_00005ojm	pdb_00006x3s
pdb_00005ojm	pdb_00006x3t
pdb_00005ojm	pdb_00006x3u
pdb_00005ojm	pdb_00006x3v
pdb_00005ojm	pdb_00006x3w
pdb_00005ojm	pdb_00006x3x
pdb_00005ojm	pdb_00006x3z
pdb_00005ojm	pdb_00006x40
pdb_00005ojm	pdb_00007qne
pdb_00005ojm	pdb_00007t0z
pdb_00005ojm	pdb_00008dd2
pdb_00005ojm	pdb_00008dd3
pdb_00005ojm	pdb_00008foi
pdb_00005ojm	pdb_00008g4n
pdb_00005ojm	pdb_00008g4o
pdb_00005ojm	pdb_00008g4x
pdb_00005ojm	pdb_00008g5f
pdb_00005ojm	pdb_00008g5g
pdb_00005ojm	pdb_00008g5h
pdb_00005ojm	pdb_00008sgo
pdb_00005ojm	pdb_00008si9
pdb_00005ojm	pdb_00008sid
pdb_00005ojm	pdb_00008vqy
pdb_00005ojm	pdb_00008vrn
pdb_00005ojm	pdb_00009crs
pdb_00005ojm	pdb_00009crv
pdb_00005ojm	pdb_00009csb
pdb_00005ojm	pdb_00009ct0
pdb_00005ojm	pdb_00009ctj
pdb_00005ojm	pdb_00009ctp
pdb_00005ojm	pdb_00009ctv
pdb_00005ojm	pdb_00009cx7
pdb_00005ojm	pdb_00009cxa
pdb_00005ojm	pdb_00009cxb
pdb_00005ojm	pdb_00009cxc
pdb_00005ojm	pdb_00009cxd
pdb_00005ojm	pdb_00009drx
pdb_00005ojm	pdb_00009faj
pdb_00005ojm	pdb_00009fak
pdb_00005ojm	pdb_00009fam
pdb_00005ojm	pdb_00009fap
pdb_00005ojm	pdb_00009faq
pdb_00005ojm	pdb_00009fat
pdb_00005ojm	pdb_00009ffv
pdb_00005ojm	pdb_00009ffw
pdb_00005ojm	pdb_00009ffx
pdb_00005ojm	pdb_00009ffy
pdb_00005ojm	pdb_00009ffz
pdb_00005ojm	pdb_00009fg0
pdb_00005ojm	pdb_00009fg1
pdb_00005ojm	pdb_00009fg2
pdb_00005ojm	pdb_00009fg3
pdb_00005ojm	pdb_00009fga
pdb_00005ojm	pdb_00009fgb
pdb_00005ojm	pdb_00009fgc
pdb_00005ojm	pdb_00009fgd
pdb_00005ojm	pdb_00009fgg
pdb_00005ojm	pdb_00009fgh
pdb_00005ojm	pdb_00009oum
pdb_00005ojm	pdb_00009oun
pdb_00005ojm	pdb_00009ouo
pdb_00005ojm	pdb_00009oup
pdb_00005ojm	pdb_00009ouq
pdb_00005ojm	pdb_00009our
pdb_00005ojm	pdb_00009ov4
pdb_00005ojm	pdb_00007t0w
pdb_00005ojm	pdb_00006qfa
pdb_00005otj	pdb_00005otj
pdb_00005ovw	pdb_00005ovw
pdb_00005owp	pdb_00005owp
pdb_00005sv3	pdb_00005sv3
pdb_00007nd0	pdb_00007nd0
pdb_00007nd0	pdb_00007ncs
pdb_00007ndf	pdb_00007ndf
pdb_00007nft	pdb_00007nft
pdb_00007nft	pdb_00007nfq
pdb_00007nft	pdb_00007nfr
pdb_00007ngh	pdb_00007ngh
pdb_00007njz	pdb_00007njz
pdb_00007nki	pdb_00007nki
pdb_00007nki	pdb_00006qpg
pdb_00007nki	pdb_00006qxe
pdb_00007nki	pdb_00007nir
pdb_00007nki	pdb_00007nj3
pdb_00007nki	pdb_00007nk1
pdb_00007nki	pdb_00007nk8
pdb_00007nmu	pdb_00007nmu
pdb_00007nmu	pdb_00007r58
pdb_00007noz	pdb_00007noz
pdb_00007noz	pdb_00006ruv
pdb_00007nqa	pdb_00007nqa
pdb_00007nqa	pdb_00005e0q
pdb_00007nqa	pdb_00007now
pdb_00007nvo	pdb_00007nvo
pdb_00007nvo	pdb_00007nvl
pdb_00007nvo	pdb_00007nvm
pdb_00007nvo	pdb_00007nvn
pdb_00007nw3	pdb_00007nw3
pdb_00007nx0	pdb_00007nx0
pdb_00007nx3	pdb_00007nx3
pdb_00007o0s	pdb_00007o0s
pdb_00007o0s	pdb_00007o06
pdb_00007o0s	pdb_00007o3b
pdb_00007o2z	pdb_00007o2z
pdb_00007o31	pdb_00007o31
pdb_00007o31	pdb_00007o30
pdb_00007o33	pdb_00007o33
pdb_00007o52	pdb_00007o52
pdb_00007ocy	pdb_00007ocy
pdb_00007oh0	pdb_00007oh0
pdb_00007oh0	pdb_00007ce2
pdb_00007oh1	pdb_00007oh1
pdb_00007omm	pdb_00007omm
pdb_00008jly	pdb_00008jly
pdb_00008jly	pdb_00008jjv
pdb_00008jnk	pdb_00008jnk
pdb_00008jnk	pdb_00008jnr
pdb_00008jrv	pdb_00008jrv
pdb_00008jrv	pdb_00005xez
pdb_00008jrv	pdb_00005xf1
pdb_00008jrv	pdb_00008jru
pdb_00008jty	pdb_00008jty
pdb_00008jty	pdb_00008jtw
pdb_00008jty	pdb_00008jtx
pdb_00008k0c	pdb_00008k0c
pdb_00008k0c	pdb_00006cmg
pdb_00008k0c	pdb_00006cmi
pdb_00008k0c	pdb_00006vy4
pdb_00008k0c	pdb_00006vy5
pdb_00008k0c	pdb_00006vy6
pdb_00008k0c	pdb_00007syy
pdb_00008k0c	pdb_00007syz
pdb_00008k0c	pdb_00007txz
pdb_00008k0c	pdb_00007ty0
pdb_00008k0c	pdb_00008ja5
pdb_00008k0c	pdb_00008jr3
pdb_00008k0c	pdb_00008k3c
pdb_00008k0c	pdb_00008xc4
pdb_00008k0c	pdb_00008xps
pdb_00008k0c	pdb_00008xpy
pdb_00008k0c	pdb_00008xq3
pdb_00008k0c	pdb_00009dvd
pdb_00008k0c	pdb_00009lue
pdb_00008k0d	pdb_00008k0d
pdb_00009myl	pdb_00009myl
pdb_00009mz7	pdb_00009mz7
pdb_00009mz7	pdb_00009mmj
pdb_00009mz7	pdb_00009mz6
pdb_00009mz7	pdb_00009mz8
pdb_00009n5o	pdb_00009n5o
pdb_00009n5o	pdb_00009n5h
pdb_00009n7s	pdb_00009n7s
pdb_00009n7s	pdb_00008d21
pdb_00009n7s	pdb_00009bu6
pdb_00009n8i	pdb_00009n8i
pdb_00009n8i	pdb_00006ohg
pdb_00009n8i	pdb_00007jum
pdb_00009n8i	pdb_00007u9e
pdb_00009n8i	pdb_00007u9w
pdb_00009n8i	pdb_00007ua2
pdb_00009n8i	pdb_00007ua8
pdb_00009n8i	pdb_00007ubs
pdb_00009n8i	pdb_00007ucq
pdb_00009n8i	pdb_00007ust
pdb_00009n8i	pdb_00007usv
pdb_00009n8i	pdb_00007uvh
pdb_00009n8i	pdb_00007uvi
pdb_00009n8i	pdb_00007uvo
pdb_00009n8i	pdb_00007uvq
pdb_00009n8i	pdb_00007uvs
pdb_00009n8j	pdb_00009n8j
pdb_00009n8j	pdb_00007ufw
pdb_00009n8j	pdb_00009n8n
pdb_00009ncd	pdb_00009ncd
pdb_00009nja	pdb_00009nja
pdb_00009nja	pdb_00009fm1
pdb_00009nja	pdb_00009nj3
pdb_00009nja	pdb_00009nj6
pdb_00009nja	pdb_00009nj9
pdb_00009njy	pdb_00009njy
pdb_00009njy	pdb_00005jq6
pdb_00009nk9	pdb_00009nk9
pdb_00009nk9	pdb_00006kva
pdb_00009nk9	pdb_00006kvf
pdb_00009nln	pdb_00009nln
pdb_00009nn9	pdb_00009nn9
pdb_00009noz	pdb_00009noz
pdb_00009noz	pdb_00008fcz
pdb_00009noz	pdb_00008fd0
pdb_00009noz	pdb_00008fd1
pdb_00009noz	pdb_00009nnz
pdb_00009np0	pdb_00009np0
pdb_00009npg	pdb_00009npg
pdb_00009npg	pdb_00008vqf
pdb_00009npg	pdb_00009nph
pdb_00009npg	pdb_00009npi
pdb_00009nr8	pdb_00009nr8
pdb_00009nr8	pdb_00009nr6
pdb_00009nrc	pdb_00009nrc
pdb_00009nrj	pdb_00009nrj
pdb_00009nsd	pdb_00009nsd
pdb_00009nsd	pdb_00007uny
pdb_00009nsd	pdb_00007unz
pdb_00003l95	pdb_00003l95
pdb_00003l95	pdb_00005czx
pdb_00003l95	pdb_00005czv
pdb_00003l95	pdb_00006xsw
pdb_00003ldb	pdb_00003ldb
pdb_00003ldb	pdb_00003ld8
pdb_00003lev	pdb_00003lev
pdb_00003ley	pdb_00003ley
pdb_00003ley	pdb_00003lex
pdb_00003lh2	pdb_00003lh2
pdb_00003liz	pdb_00003liz
pdb_00003liz	pdb_00002nr6
pdb_00003lrh	pdb_00003lrh
pdb_00003mj9	pdb_00003mj9
pdb_00003mls	pdb_00003mls
pdb_00003moa	pdb_00003moa
pdb_00003moa	pdb_00001tji
pdb_00003moa	pdb_00003mnz
pdb_00003ncy	pdb_00003ncy
pdb_00003nh7	pdb_00003nh7
pdb_00003o41	pdb_00003o41
pdb_00003o41	pdb_00003o45
pdb_00003o6l	pdb_00003o6l
pdb_00003o6m	pdb_00003o6m
pdb_00003opz	pdb_00003opz
pdb_00003p30	pdb_00003p30
pdb_00003pnw	pdb_00003pnw
pdb_00003pp4	pdb_00003pp4
pdb_00003pp4	pdb_00002osl
pdb_00003pp4	pdb_00003bky
pdb_00003q1s	pdb_00003q1s
pdb_00003qa3	pdb_00003qa3
pdb_00003qa3	pdb_00003q3g
pdb_00003qa3	pdb_00009gmu
pdb_00003qa3	pdb_00009hll
pdb_00003qg6	pdb_00003qg6
pdb_00003qnz	pdb_00003qnz
pdb_00003qo0	pdb_00003qo0
pdb_00003qum	pdb_00003qum
pdb_00003qum	pdb_00002zch
pdb_00003qum	pdb_00002zck
pdb_00003qum	pdb_00002zcl
pdb_00003qum	pdb_00006vmk
pdb_00003qum	pdb_00004d9q
pdb_00003qum	pdb_00004d9r
pdb_00003qum	pdb_00006vmj
pdb_00003qum	pdb_00007u5b
pdb_00003r08	pdb_00003r08
pdb_00003rkd	pdb_00003rkd
pdb_00003rkd	pdb_00004plj
pdb_00003rkd	pdb_00004plk
pdb_00003rkd	pdb_00009imx
pdb_00003rkd	pdb_00009l9y
pdb_00003rkd	pdb_00009jin
pdb_00003rkd	pdb_00008pmx
pdb_00003rkd	pdb_00009jie
pdb_00003rkd	pdb_00009jil
pdb_00003ru8	pdb_00003ru8
pdb_00003s37	pdb_00003s37
pdb_00003s37	pdb_00003s35
pdb_00003s37	pdb_00003s36
pdb_00003sge	pdb_00003sge
pdb_00003skj	pdb_00003skj
pdb_00003so3	pdb_00003so3
pdb_00003so3	pdb_00003bn9
pdb_00003so3	pdb_00003nps
pdb_00003sob	pdb_00003sob
pdb_00003sqo	pdb_00003sqo
pdb_00003sqo	pdb_00005vl7
pdb_00003stb	pdb_00003stb
pdb_00003t2n	pdb_00003t2n
pdb_00006o3c	pdb_00006o3c
pdb_00006o8d	pdb_00006o8d
pdb_00006o8d	pdb_00001yjd
pdb_00006o8d	pdb_00004r0l
pdb_00006o8d	pdb_00008s6z
pdb_00006obd	pdb_00006obd
pdb_00006oel	pdb_00006oel
pdb_00006oel	pdb_00006wgl
pdb_00006oel	pdb_00008k4q
pdb_00006oel	pdb_00008z8l
pdb_00006oor	pdb_00006oor
pdb_00006oor	pdb_00003ubx
pdb_00006oq5	pdb_00006oq5
pdb_00006oq5	pdb_00009mx1
pdb_00006oq5	pdb_00009nfu
pdb_00006oq6	pdb_00006oq6
pdb_00006oq6	pdb_00007ubx
pdb_00006otc	pdb_00006otc
pdb_00006oz9	pdb_00006oz9
pdb_00006oz9	pdb_00005hj3
pdb_00006oz9	pdb_00006ea5
pdb_00006oz9	pdb_00006ea7
pdb_00006p60	pdb_00006p60
pdb_00006p67	pdb_00006p67
pdb_00006p67	pdb_00006p50
pdb_00006p7h	pdb_00006p7h
pdb_00006p8d	pdb_00006p8d
pdb_00006p91	pdb_00006p91
pdb_00006p91	pdb_00005vk2
pdb_00006p91	pdb_00006p95
pdb_00006p91	pdb_00007tyv
pdb_00006p91	pdb_00007uds
pdb_00006p91	pdb_00007uot
pdb_00006p91	pdb_00007uov
pdb_00006p91	pdb_00008ejh
pdb_00006p91	pdb_00008eji
pdb_00006p91	pdb_00009cj7
pdb_00006p91	pdb_00009mhe
pdb_00006p91	pdb_00009miv
pdb_00006p91	pdb_00009mj1
pdb_00006p9h	pdb_00006p9h
pdb_00006p9h	pdb_00005d1q
pdb_00006p9h	pdb_00005d1x
pdb_00006pbv	pdb_00006pbv
pdb_00006pbv	pdb_00006bqb
pdb_00007sk9	pdb_00007sk9
pdb_00007sk9	pdb_00007sk3
pdb_00007sk9	pdb_00007sk4
pdb_00007sk9	pdb_00007sk5
pdb_00007sk9	pdb_00007sk6
pdb_00007sk9	pdb_00007sk7
pdb_00007sk9	pdb_00007sk8
pdb_00007skz	pdb_00007skz
pdb_00007skz	pdb_00007sl5
pdb_00007skz	pdb_00007u09
pdb_00007skz	pdb_00007u0a
pdb_00007skz	pdb_00007u0e
pdb_00007skz	pdb_00007yue
pdb_00007skz	pdb_00008d36
pdb_00007skz	pdb_00008d6z
pdb_00007skz	pdb_00008dao
pdb_00007sl9	pdb_00007sl9
pdb_00007sla	pdb_00007sla
pdb_00007sla	pdb_00007sl8
pdb_00007so7	pdb_00007so7
pdb_00007so7	pdb_00005vqm
pdb_00007so7	pdb_00006oq7
pdb_00007so7	pdb_00006oq8
pdb_00007so7	pdb_00007so5
pdb_00007so7	pdb_00007uby
pdb_00007srs	pdb_00007srs
pdb_00007ssc	pdb_00007ssc
pdb_00007ssc	pdb_00006uoe
pdb_00007st8	pdb_00007st8
pdb_00007stf	pdb_00007stf
pdb_00007stg	pdb_00007stg
pdb_00007stg	pdb_00007sqp
pdb_00007stg	pdb_00007sr0
pdb_00007stg	pdb_00007sr3
pdb_00007stg	pdb_00007sr4
pdb_00007stg	pdb_00007sr5
pdb_00007stg	pdb_00007srk
pdb_00007stg	pdb_00007ssh
pdb_00007stg	pdb_00007st3
pdb_00007stg	pdb_00008tnj
pdb_00007stz	pdb_00007stz
pdb_00007t0r	pdb_00007t0r
pdb_00007t4s	pdb_00007t4s
pdb_00007t5f	pdb_00007t5f
pdb_00007t5f	pdb_00007na9
pdb_00007t6x	pdb_00007t6x
pdb_00007t6x	pdb_00008fsj
pdb_00007t82	pdb_00007t82
pdb_00007t86	pdb_00007t86
pdb_00007t87	pdb_00007t87
pdb_00007t87	pdb_00005k59
pdb_00007t87	pdb_00009n38
pdb_00007t92	pdb_00007t92
pdb_00008hlb	pdb_00008hlb
pdb_00008hn1	pdb_00008hn1
pdb_00008hn1	pdb_00007ymj
pdb_00008hpk	pdb_00008hpk
pdb_00008hpk	pdb_00008hpj
pdb_00008ib1	pdb_00008ib1
pdb_00009eiu	pdb_00009eiu
pdb_00009eiu	pdb_00009eg6
pdb_00009eiu	pdb_00009egn
pdb_00009emy	pdb_00009emy
pdb_00009en2	pdb_00009en2
pdb_00009eot	pdb_00009eot
pdb_00009eot	pdb_00008qz6
pdb_00009eot	pdb_00008qz7
pdb_00009etl	pdb_00009etl
pdb_00009etl	pdb_00009ert
pdb_00009etl	pdb_00009eru
pdb_00009etl	pdb_00009erw
pdb_00009etl	pdb_00009etj
pdb_00009eyd	pdb_00009eyd
pdb_00009eza	pdb_00009eza
pdb_00009ezi	pdb_00009ezi
pdb_00009ezi	pdb_00005imm
pdb_00009ezi	pdb_00005imo
pdb_00009ezi	pdb_00009ezh
pdb_00009ezi	pdb_00009ezu
pdb_00009ezi	pdb_00009ezv
pdb_00009ezi	pdb_00009ezw
pdb_00009f6o	pdb_00009f6o
pdb_00009f90	pdb_00009f90
pdb_00009f91	pdb_00009f91
pdb_00009faw	pdb_00009faw
pdb_00009faw	pdb_00006a96
pdb_00009faw	pdb_00006i53
pdb_00009faw	pdb_00007a5v
pdb_00009faw	pdb_00007qn5
pdb_00009faw	pdb_00007qn6
pdb_00009faw	pdb_00007qn7
pdb_00009faw	pdb_00007qn8
pdb_00009faw	pdb_00007qn9
pdb_00009faw	pdb_00007qna
pdb_00009faw	pdb_00007qnb
pdb_00009faw	pdb_00007qnc
pdb_00009faw	pdb_00007qnd
pdb_00009faw	pdb_00008pet
pdb_00009faw	pdb_00008pvb
pdb_00009faw	pdb_00009fau
pdb_00009faw	pdb_00009fav
pdb_00009faw	pdb_00009fax
pdb_00009faw	pdb_00009ffl
pdb_00009faw	pdb_00009ffm
pdb_00009faw	pdb_00009ffn
pdb_00009faw	pdb_00009ffo
pdb_00009faw	pdb_00009ffp
pdb_00009faw	pdb_00009ffq
pdb_00009faw	pdb_00009ffr
pdb_00009faw	pdb_00009ffs
pdb_00009faw	pdb_00009fft
pdb_00009faw	pdb_00009ffu
pdb_00009faw	pdb_00007pc0
pdb_00009faw	pdb_00007pbd
pdb_00009faw	pdb_00007pbz
pdb_00009fcm	pdb_00009fcm
pdb_00009fgy	pdb_00009fgy
pdb_00009fgy	pdb_00001a2y
pdb_00009fgy	pdb_00001bql
pdb_00009fgy	pdb_00001bvk
pdb_00009fgy	pdb_00001c08
pdb_00009fgy	pdb_00001dqj
pdb_00009fgy	pdb_00001dzb
pdb_00009fgy	pdb_00001fbi
pdb_00009fgy	pdb_00001fdl
pdb_00009fgy	pdb_00001g7h
pdb_00009fgy	pdb_00001g7i
pdb_00009fgy	pdb_00001g7j
pdb_00009fgy	pdb_00001g7l
pdb_00009fgy	pdb_00001g7m
pdb_00009fgy	pdb_00001ic4
pdb_00009fgy	pdb_00001ic5
pdb_00009fgy	pdb_00001ic7
pdb_00009fgy	pdb_00001j1o
pdb_00009fgy	pdb_00001j1p
pdb_00009fgy	pdb_00001j1x
pdb_00009fgy	pdb_00001jhl
pdb_00009fgy	pdb_00001jto
pdb_00009fgy	pdb_00001jtp
pdb_00009fgy	pdb_00001jtt
pdb_00009fgy	pdb_00001kip
pdb_00009fgy	pdb_00001kiq
pdb_00009fgy	pdb_00001kir
pdb_00009fgy	pdb_00001mel
pdb_00009fgy	pdb_00001mlc
pdb_00009fgy	pdb_00001nby
pdb_00009fgy	pdb_00001nbz
pdb_00009fgy	pdb_00001ndg
pdb_00009fgy	pdb_00001ndm
pdb_00009fgy	pdb_00001p2c
pdb_00009fgy	pdb_00001ri8
pdb_00009fgy	pdb_00001rjc
pdb_00009fgy	pdb_00001sq2
pdb_00009fgy	pdb_00001t6v
pdb_00009fgy	pdb_00001ua6
pdb_00009fgy	pdb_00001uac
pdb_00009fgy	pdb_00001vfb
pdb_00009fgy	pdb_00001xfp
pdb_00009fgy	pdb_00001xgp
pdb_00009fgy	pdb_00001xgq
pdb_00009fgy	pdb_00001xgr
pdb_00009fgy	pdb_00001xgt
pdb_00009fgy	pdb_00001xgu
pdb_00009fgy	pdb_00001yqv
pdb_00009fgy	pdb_00001zmy
pdb_00009fgy	pdb_00001zv5
pdb_00009fgy	pdb_00001zvh
pdb_00009fgy	pdb_00001zvy
pdb_00009fgy	pdb_00002dqc
pdb_00009fgy	pdb_00002dqd
pdb_00009fgy	pdb_00002dqe
pdb_00009fgy	pdb_00002dqf
pdb_00009fgy	pdb_00002dqg
pdb_00009fgy	pdb_00002dqh
pdb_00009fgy	pdb_00002dqi
pdb_00009fgy	pdb_00002dqj
pdb_00009fgy	pdb_00002eiz
pdb_00009fgy	pdb_00002eks
pdb_00009fgy	pdb_00002i25
pdb_00009fgy	pdb_00002i26
pdb_00009fgy	pdb_00002iff
pdb_00009fgy	pdb_00002yss
pdb_00009fgy	pdb_00002znw
pdb_00009fgy	pdb_00002znx
pdb_00009fgy	pdb_00003a67
pdb_00009fgy	pdb_00003a6b
pdb_00009fgy	pdb_00003a6c
pdb_00009fgy	pdb_00003d9a
pdb_00009fgy	pdb_00003hfm
pdb_00009fgy	pdb_00004pgj
pdb_00009fgy	pdb_00004tsa
pdb_00009fgy	pdb_00004tsb
pdb_00009fgy	pdb_00004tsc
pdb_00009fgy	pdb_00004ttd
pdb_00009fgy	pdb_00004u3x
pdb_00009fgy	pdb_00005vjo
pdb_00009fgy	pdb_00005vjq
pdb_00009fgy	pdb_00006jb2
pdb_00009fgy	pdb_00006jb5
pdb_00009fgy	pdb_00006jb8
pdb_00009fgy	pdb_00006p4a
pdb_00009fgy	pdb_00006p4b
pdb_00009fgy	pdb_00008gq1
pdb_00009fgy	pdb_00009fgx
pdb_00009fgy	pdb_00004i0c
pdb_00009fgy	pdb_00001op9
pdb_00009fgy	pdb_00003eba
pdb_00009fjf	pdb_00009fjf
pdb_00009fjf	pdb_00009ena
pdb_00009fkd	pdb_00009fkd
pdb_00009fm2	pdb_00009fm2
pdb_00009fm2	pdb_00008g3z
pdb_00009fm2	pdb_00008u1c
pdb_00009fm2	pdb_00008u1q
pdb_00009fm2	pdb_00008u1s
pdb_00009fq3	pdb_00009fq3
pdb_00009fq3	pdb_00009fns
pdb_00009fq3	pdb_00009fnt
pdb_00009fte	pdb_00009fte
pdb_00009fvc	pdb_00009fvc
pdb_00009fvc	pdb_00009fvb
pdb_00009fvc	pdb_00009fve
pdb_00002vxt	pdb_00002vxt
pdb_00002vyr	pdb_00002vyr
pdb_00002w65	pdb_00002w65
pdb_00002x6m	pdb_00002x6m
pdb_00002xqb	pdb_00002xqb
pdb_00002xqy	pdb_00002xqy
pdb_00002xra	pdb_00002xra
pdb_00002xra	pdb_00002cmr
pdb_00002xra	pdb_00003ma9
pdb_00002xra	pdb_00003mac
pdb_00002xtj	pdb_00002xtj
pdb_00002xxm	pdb_00002xxm
pdb_00002xxm	pdb_00002xt1
pdb_00002xxm	pdb_00002xv6
pdb_00002xzq	pdb_00002xzq
pdb_00002y36	pdb_00002y36
pdb_00002y5t	pdb_00002y5t
pdb_00002y6s	pdb_00002y6s
pdb_00002z8w	pdb_00002z8w
pdb_00002z8w	pdb_00002q8a
pdb_00002z8w	pdb_00002q8b
pdb_00002z8w	pdb_00002z8v
pdb_00002z8w	pdb_00004uao
pdb_00002z8w	pdb_00009bjg
pdb_00002z8w	pdb_00009bjh
pdb_00002zuq	pdb_00002zuq
pdb_00002zuq	pdb_00002ltq
pdb_000030us	pdb_000030us
pdb_000030us	pdb_000030wc
pdb_000030us	pdb_00009s7s
pdb_000030us	pdb_00009s8l
pdb_000031ic	pdb_000031ic
pdb_000031ic	pdb_00008oud
pdb_000031mr	pdb_000031mr
pdb_000035tl	pdb_000035tl
pdb_00003ab0	pdb_00003ab0
pdb_00003b9k	pdb_00003b9k
pdb_00003bsz	pdb_00003bsz
pdb_00003c2a	pdb_00003c2a
pdb_00003c2a	pdb_00003go1
pdb_00003c2a	pdb_00001ggi
pdb_00003c2a	pdb_00001nak
pdb_00003c2a	pdb_00001q1j
pdb_00003c2a	pdb_00002qsc
pdb_00003c2a	pdb_00003ghe
pdb_00003c2a	pdb_00004m1d
pdb_00003c2a	pdb_00005v6m
pdb_00003cfi	pdb_00003cfi
pdb_00003ck0	pdb_00003ck0
pdb_00003cxd	pdb_00003cxd
pdb_00003d0v	pdb_00003d0v
pdb_00003d0v	pdb_00002p8m
pdb_00003d0v	pdb_00003dro
pdb_00003d85	pdb_00003d85
pdb_00003d85	pdb_00004grw
pdb_00003dsf	pdb_00003dsf
pdb_00003e8u	pdb_00003e8u
pdb_00003efd	pdb_00003efd
pdb_00003eff	pdb_00003eff
pdb_00003eff	pdb_00003pjs
pdb_00003egs	pdb_00003egs
pdb_00003egs	pdb_00003d0l
pdb_00003egs	pdb_00003drq
pdb_00003egs	pdb_00003drt
pdb_00003etb	pdb_00003etb
pdb_00003eyf	pdb_00003eyf
pdb_00003eys	pdb_00003eys
pdb_00003eyu	pdb_00003eyu
pdb_00006mqc	pdb_00006mqc
pdb_00006mqe	pdb_00006mqe
pdb_00006mqm	pdb_00006mqm
pdb_00006mqr	pdb_00006mqr
pdb_00006mqs	pdb_00006mqs
pdb_00006mtt	pdb_00006mtt
pdb_00006mtt	pdb_00004g6f
pdb_00006mtt	pdb_00005iq7
pdb_00006mtt	pdb_00005iq9
pdb_00006mtt	pdb_00005u3j
pdb_00006mtt	pdb_00006mtp
pdb_00006mtt	pdb_00008g8d
pdb_00006mwn	pdb_00006mwn
pdb_00006n16	pdb_00006n16
pdb_00006n4r	pdb_00006n4r
pdb_00006n4r	pdb_00006n4q
pdb_00006n4r	pdb_00008vgl
pdb_00006n4r	pdb_00008vgm
pdb_00006n50	pdb_00006n50
pdb_00006n50	pdb_00006n4y
pdb_00006n51	pdb_00006n51
pdb_00006n51	pdb_00007dge
pdb_00006n51	pdb_00008t7h
pdb_00006n51	pdb_00008t8m
pdb_00006n51	pdb_00008tao
pdb_00006n51	pdb_00007epb
pdb_00006n51	pdb_00009ii2
pdb_00006n51	pdb_00009ii3
pdb_00006n5b	pdb_00006n5b
pdb_00006n7j	pdb_00006n7j
pdb_00006nha	pdb_00006nha
pdb_00006nha	pdb_00005whk
pdb_00006nha	pdb_00006fgb
pdb_00006nha	pdb_00009mi6
pdb_00006njm	pdb_00006njm
pdb_00006njm	pdb_00006njl
pdb_00006njm	pdb_00006njn
pdb_00006njm	pdb_00007ldd
pdb_00006njm	pdb_00007lde
pdb_00006njm	pdb_00009j93
pdb_00006nn3	pdb_00006nn3
pdb_00006nyq	pdb_00006nyq
pdb_00006o26	pdb_00006o26
pdb_00007u8g	pdb_00007u8g
pdb_00007uc8	pdb_00007uc8
pdb_00007ucx	pdb_00007ucx
pdb_00007ue9	pdb_00007ue9
pdb_00007uib	pdb_00007uib
pdb_00007uib	pdb_00007uia
pdb_00007uib	pdb_00007uie
pdb_00007uib	pdb_00005l21
pdb_00007ujd	pdb_00007ujd
pdb_00007ujd	pdb_00007uih
pdb_00007ul3	pdb_00007ul3
pdb_00007ul4	pdb_00007ul4
pdb_00007ul4	pdb_00007ul5
pdb_00007ul4	pdb_00008qot
pdb_00007ul4	pdb_00009bjk
pdb_00007ul4	pdb_00009mqi
pdb_00007ul4	pdb_00009mqk
pdb_00007ul4	pdb_00009wsv
pdb_00007ul4	pdb_00009wsx
pdb_00007ul7	pdb_00007ul7
pdb_00007um3	pdb_00007um3
pdb_00007ums	pdb_00007ums
pdb_00007upm	pdb_00007upm
pdb_00008uji	pdb_00008uji
pdb_00008ukh	pdb_00008ukh
pdb_00008ukh	pdb_00008ulf
pdb_00008ukv	pdb_00008ukv
pdb_00008ulk	pdb_00008ulk
pdb_00008ulk	pdb_00006w52
pdb_00008ulk	pdb_00009hvw
pdb_00008uoa	pdb_00008uoa
pdb_00008uoa	pdb_00008uo9
pdb_00008uoa	pdb_00009fyq
pdb_00008uoa	pdb_00009fyr
pdb_00008urf	pdb_00008urf
pdb_00008ut2	pdb_00008ut2
pdb_00008uta	pdb_00008uta
pdb_00008uta	pdb_00008uiw
pdb_00008uw9	pdb_00008uw9
pdb_00008uw9	pdb_00007apj
pdb_00008uw9	pdb_00008uvy
pdb_00008uw9	pdb_00008uw2
pdb_00008uw9	pdb_00008uw7
pdb_00008ux6	pdb_00008ux6
pdb_00008uy6	pdb_00008uy6
pdb_00008uzp	pdb_00008uzp
pdb_00008v13	pdb_00008v13
pdb_00008v13	pdb_00008r4n
pdb_00008v13	pdb_00008s72
pdb_00008v13	pdb_00009riu
pdb_00008v13	pdb_00008sxp
pdb_00008v13	pdb_00008d9y
pdb_00008v13	pdb_00008d9z
pdb_00008v13	pdb_00008da0
pdb_00008v13	pdb_00009fyt
pdb_00008v13	pdb_00009gcn
pdb_00008v13	pdb_00009huo
pdb_00008v13	pdb_00008da1
pdb_00008v52	pdb_00008v52
pdb_00008v52	pdb_000013fj
pdb_00008v52	pdb_00003eo1
pdb_00008v52	pdb_00004kxz
pdb_00008v52	pdb_00006xm2
pdb_00008v52	pdb_00007rco
pdb_00008v5a	pdb_00008v5a
pdb_00008v5a	pdb_00006mjz
pdb_00008v5a	pdb_00008dg8
pdb_00008v5a	pdb_00008tqk
pdb_00008v5a	pdb_00008v5k
pdb_00008v5a	pdb_00008v62
pdb_00008v5q	pdb_00008v5q
pdb_00008v5q	pdb_00008v5l
pdb_00008v5s	pdb_00008v5s
pdb_00008v5s	pdb_00008v5p
pdb_00008v91	pdb_00008v91
pdb_00008v91	pdb_00008v9d
pdb_00008vbb	pdb_00008vbb
pdb_00008vbb	pdb_00008vba
pdb_00008vdg	pdb_00008vdg
pdb_00008vdg	pdb_00008vdf
pdb_00008vdg	pdb_00009naq
pdb_00008vdl	pdb_00008vdl
pdb_00008vgp	pdb_00008vgp
pdb_00008vgp	pdb_00004zfg
pdb_00008via	pdb_00008via
pdb_00008via	pdb_00008hc5
pdb_00008via	pdb_00008zho
pdb_00008via	pdb_00008zhp
pdb_00008via	pdb_00009pw4
pdb_00008via	pdb_00009ysg
pdb_00008via	pdb_00009yta
pdb_00008via	pdb_00009ytc
pdb_00008vk1	pdb_00008vk1
pdb_00008vk1	pdb_00006oy4
pdb_00008vk1	pdb_00007mlh
pdb_00008vm9	pdb_00008vm9
pdb_00008vqd	pdb_00008vqd
pdb_00009vv6	pdb_00009vv6
pdb_00009vwo	pdb_00009vwo
pdb_00009vx3	pdb_00009vx3
pdb_00009w2j	pdb_00009w2j
pdb_00009w2j	pdb_000021du
pdb_00009w2j	pdb_000025ik
pdb_00009w2j	pdb_00006li3
pdb_00009w2j	pdb_00006wha
pdb_00009w2j	pdb_00007dh5
pdb_00009w2j	pdb_00007e14
pdb_00009w2j	pdb_00007f0t
pdb_00009w2j	pdb_00007f1o
pdb_00009w2j	pdb_00007f23
pdb_00009w2j	pdb_00007jvq
pdb_00009w2j	pdb_00007l1u
pdb_00009w2j	pdb_00007l1v
pdb_00009w2j	pdb_00007ljc
pdb_00009w2j	pdb_00007ljd
pdb_00009w2j	pdb_00007qvm
pdb_00009w2j	pdb_00007ran
pdb_00009w2j	pdb_00007rmg
pdb_00009w2j	pdb_00007rmh
pdb_00009w2j	pdb_00007rmi
pdb_00009w2j	pdb_00007s8l
pdb_00009w2j	pdb_00007s8n
pdb_00009w2j	pdb_00007s8p
pdb_00009w2j	pdb_00007sr8
pdb_00009w2j	pdb_00007srr
pdb_00009w2j	pdb_00007t9i
pdb_00009w2j	pdb_00007utz
pdb_00009w2j	pdb_00007vuh
pdb_00009w2j	pdb_00007vui
pdb_00009w2j	pdb_00007vuj
pdb_00009w2j	pdb_00007wu2
pdb_00009w2j	pdb_00007wu3
pdb_00009w2j	pdb_00007x1t
pdb_00009w2j	pdb_00007x2c
pdb_00009w2j	pdb_00007x2d
pdb_00009w2j	pdb_00007x2f
pdb_00009w2j	pdb_00007xbd
pdb_00009w2j	pdb_00007xjk
pdb_00009w2j	pdb_00007xjl
pdb_00009w2j	pdb_00007xp4
pdb_00009w2j	pdb_00007xp5
pdb_00009w2j	pdb_00007xp6
pdb_00009w2j	pdb_00007xw5
pdb_00009w2j	pdb_00007xw6
pdb_00009w2j	pdb_00008dpf
pdb_00009w2j	pdb_00008dpg
pdb_00009w2j	pdb_00008dph
pdb_00009w2j	pdb_00008dpi
pdb_00009w2j	pdb_00008dwg
pdb_00009w2j	pdb_00008e9w
pdb_00009w2j	pdb_00008e9y
pdb_00009w2j	pdb_00008e9z
pdb_00009w2j	pdb_00008eit
pdb_00009w2j	pdb_00008ejc
pdb_00009w2j	pdb_00008ejk
pdb_00009w2j	pdb_00008f76
pdb_00009w2j	pdb_00008fmz
pdb_00009w2j	pdb_00008gd9
pdb_00009w2j	pdb_00008hcq
pdb_00009w2j	pdb_00008hcx
pdb_00009w2j	pdb_00008hdo
pdb_00009w2j	pdb_00008hdp
pdb_00009w2j	pdb_00008hix
pdb_00009w2j	pdb_00008hj0
pdb_00009w2j	pdb_00008hj1
pdb_00009w2j	pdb_00008i2g
pdb_00009w2j	pdb_00008iq4
pdb_00009w2j	pdb_00008iq6
pdb_00009w2j	pdb_00008irr
pdb_00009w2j	pdb_00008iw1
pdb_00009w2j	pdb_00008izb
pdb_00009w2j	pdb_00008j9n
pdb_00009w2j	pdb_00008jhb
pdb_00009w2j	pdb_00008jhi
pdb_00009w2j	pdb_00008k4s
pdb_00009w2j	pdb_00008k8j
pdb_00009w2j	pdb_00008kgk
pdb_00009w2j	pdb_00008kh4
pdb_00009w2j	pdb_00008kh5
pdb_00009w2j	pdb_00008pm2
pdb_00009w2j	pdb_00008smv
pdb_00009w2j	pdb_00008t3q
pdb_00009w2j	pdb_00008t3s
pdb_00009w2j	pdb_00008t3v
pdb_00009w2j	pdb_00008thk
pdb_00009w2j	pdb_00008thl
pdb_00009w2j	pdb_00008u26
pdb_00009w2j	pdb_00008uwl
pdb_00009w2j	pdb_00008uxv
pdb_00009w2j	pdb_00008uy0
pdb_00009w2j	pdb_00008uyq
pdb_00009w2j	pdb_00008v6u
pdb_00009w2j	pdb_00008w89
pdb_00009w2j	pdb_00008w8a
pdb_00009w2j	pdb_00008wjx
pdb_00009w2j	pdb_00008wpu
pdb_00009w2j	pdb_00008wst
pdb_00009w2j	pdb_00008x79
pdb_00009w2j	pdb_00008x7a
pdb_00009w2j	pdb_00008xjk
pdb_00009w2j	pdb_00008xjl
pdb_00009w2j	pdb_00008xjm
pdb_00009w2j	pdb_00008xjn
pdb_00009w2j	pdb_00008xjo
pdb_00009w2j	pdb_00008xql
pdb_00009w2j	pdb_00008xqr
pdb_00009w2j	pdb_00008xve
pdb_00009w2j	pdb_00008xvh
pdb_00009w2j	pdb_00008xvi
pdb_00009w2j	pdb_00008yn2
pdb_00009w2j	pdb_00008yn3
pdb_00009w2j	pdb_00008yn4
pdb_00009w2j	pdb_00008yrg
pdb_00009w2j	pdb_00008yrq
pdb_00009w2j	pdb_00008yy8
pdb_00009w2j	pdb_00008zsj
pdb_00009w2j	pdb_00008zsp
pdb_00009w2j	pdb_00008zss
pdb_00009w2j	pdb_00008zsv
pdb_00009w2j	pdb_00009ary
pdb_00009w2j	pdb_00009as0
pdb_00009w2j	pdb_00009as2
pdb_00009w2j	pdb_00009as4
pdb_00009w2j	pdb_00009as8
pdb_00009w2j	pdb_00009asa
pdb_00009w2j	pdb_00009axf
pdb_00009w2j	pdb_00009bhl
pdb_00009w2j	pdb_00009bhm
pdb_00009w2j	pdb_00009bi6
pdb_00009w2j	pdb_00009bip
pdb_00009w2j	pdb_00009clw
pdb_00009w2j	pdb_00009cm3
pdb_00009w2j	pdb_00009dqh
pdb_00009w2j	pdb_00009dqj
pdb_00009w2j	pdb_00009ebi
pdb_00009w2j	pdb_00009ew2
pdb_00009w2j	pdb_00009ggg
pdb_00009w2j	pdb_00009j87
pdb_00009w2j	pdb_00009jcl
pdb_00009w2j	pdb_00009jft
pdb_00009w2j	pdb_00009jfx
pdb_00009w2j	pdb_00009jfz
pdb_00009w2j	pdb_00009jr2
pdb_00009w2j	pdb_00009jr3
pdb_00009w2j	pdb_00009k07
pdb_00009w2j	pdb_00009k0k
pdb_00009w2j	pdb_00009k0x
pdb_00009w2j	pdb_00009k25
pdb_00009w2j	pdb_00009kpd
pdb_00009w2j	pdb_00009l74
pdb_00009w2j	pdb_00009l80
pdb_00009w2j	pdb_00009ldv
pdb_00009w2j	pdb_00009ldw
pdb_00009w2j	pdb_00009ldx
pdb_00009w2j	pdb_00009le0
pdb_00009w2j	pdb_00009lgm
pdb_00009w2j	pdb_00009lrb
pdb_00009w2j	pdb_00009lrs
pdb_00009w2j	pdb_00009lwc
pdb_00009w2j	pdb_00009m42
pdb_00009w2j	pdb_00009n09
pdb_00009w2j	pdb_00009u4w
pdb_00009w2j	pdb_00009uam
pdb_00009w2j	pdb_00009uk2
pdb_00009w2j	pdb_00009v81
pdb_00009w2j	pdb_00009vmg
pdb_00009w2j	pdb_00009vz2
pdb_00009w2j	pdb_00009vz3
pdb_00009w2j	pdb_00009w1j
pdb_00009w2j	pdb_00009w2g
pdb_00009w2j	pdb_00009w2h
pdb_00009w2j	pdb_00009w2i
pdb_00009w2j	pdb_00009w41
pdb_00009w2j	pdb_00009w45
pdb_00009w2j	pdb_00009wg4
pdb_00009w2j	pdb_00009wp9
pdb_00009w2j	pdb_00009wql
pdb_00009w2j	pdb_00009wqn
pdb_00009w2j	pdb_00009ydp
pdb_00009w2j	pdb_00009ydq
pdb_00009w2j	pdb_00009ydr
pdb_00009w2j	pdb_00007y24
pdb_00009w2j	pdb_000025st
pdb_00009w2j	pdb_00007d77
pdb_00009w2j	pdb_00007um5
pdb_00009w2j	pdb_00007um6
pdb_00009w2j	pdb_00007um7
pdb_00009w2j	pdb_00007w2z
pdb_00009w2j	pdb_00007xjj
pdb_00009w2j	pdb_00007ydh
pdb_00009w2j	pdb_00008e9x
pdb_00009w2j	pdb_00008fn1
pdb_00009w2j	pdb_00008hpt
pdb_00009w2j	pdb_00008hqc
pdb_00009w2j	pdb_00008i95
pdb_00009w2j	pdb_00008i97
pdb_00009w2j	pdb_00008i9s
pdb_00009w2j	pdb_00008ia2
pdb_00009w2j	pdb_00008iec
pdb_00009w2j	pdb_00008ied
pdb_00009w2j	pdb_00008iy9
pdb_00009w2j	pdb_00008iyw
pdb_00009w2j	pdb_00008j6d
pdb_00009w2j	pdb_00008jer
pdb_00009w2j	pdb_00008jhn
pdb_00009w2j	pdb_00008jzp
pdb_00009w2j	pdb_00008kgg
pdb_00009w2j	pdb_00008rql
pdb_00009w2j	pdb_00008xwv
pdb_00009w2j	pdb_00008xx3
pdb_00009w2j	pdb_00008xx6
pdb_00009w2j	pdb_00008xxh
pdb_00009w2j	pdb_00008xxr
pdb_00009w2j	pdb_00008xxx
pdb_00009w2j	pdb_00008xxz
pdb_00009w2j	pdb_00008xyk
pdb_00009w2j	pdb_00008y0n
pdb_00009w2j	pdb_00008yn7
pdb_00009w2j	pdb_00008yn8
pdb_00009w2j	pdb_00008zme
pdb_00009w2j	pdb_00009ayf
pdb_00009w2j	pdb_00009ge2
pdb_00009w2j	pdb_00009ge3
pdb_00009w2j	pdb_00009ite
pdb_00009w2j	pdb_00009izh
pdb_00009w2j	pdb_00009jhp
pdb_00009w2j	pdb_00009k20
pdb_00009w2j	pdb_00009kug
pdb_00009w2j	pdb_00009kut
pdb_00009w2j	pdb_00009kv6
pdb_00009w2j	pdb_00009kv8
pdb_00009w2j	pdb_00009kvp
pdb_00009w2j	pdb_00009kwg
pdb_00009w2j	pdb_00009kwx
pdb_00009w2j	pdb_00009kx6
pdb_00009w2j	pdb_00009kxs
pdb_00009w2j	pdb_00009kz8
pdb_00009w2j	pdb_00009kzk
pdb_00009w2j	pdb_00009l0h
pdb_00009w2j	pdb_00009umj
pdb_00009w2j	pdb_00009umr
pdb_00009w2j	pdb_00009umx
pdb_00009w3f	pdb_00009w3f
pdb_00009w3f	pdb_00003p0g
pdb_00009w3f	pdb_00008w1v
pdb_00009w3f	pdb_00007ymh
pdb_00009w3f	pdb_00007ym8
pdb_00009w3l	pdb_00009w3l
pdb_00009wb4	pdb_00009wb4
pdb_00009wb4	pdb_00006kyz
pdb_00009wb4	pdb_00006kz0
pdb_00009wb4	pdb_00009u5p
pdb_00009wb4	pdb_00009u5q
pdb_00009wb4	pdb_00009u5r
pdb_00009wb4	pdb_00009urm
pdb_00009wb4	pdb_00009vmd
pdb_00009wb4	pdb_00009wb3
pdb_00009wj6	pdb_00009wj6
pdb_00009wu2	pdb_00009wu2
pdb_00009wwh	pdb_00009wwh
pdb_00009wwh	pdb_00009x05
pdb_00009wwh	pdb_00009x0j
pdb_00009x1h	pdb_00009x1h
pdb_00009x3j	pdb_00009x3j
pdb_00009xqn	pdb_00009xqn
pdb_00009xth	pdb_00009xth
pdb_00009xth	pdb_00009jno
pdb_00009xth	pdb_00009l8z
pdb_00009xth	pdb_00009xsx
pdb_00009xy4	pdb_00009xy4
pdb_00009xy4	pdb_00009o58
pdb_00009xy4	pdb_00009q7y
pdb_00009xyb	pdb_00009xyb
pdb_00009xzx	pdb_00009xzx
pdb_00009xzx	pdb_00003w2d
pdb_00009xzx	pdb_00004rgm
pdb_00009xzx	pdb_00004rgn
pdb_00009xzx	pdb_00004rgo
pdb_00009xzx	pdb_00008ybl
pdb_00009xzx	pdb_00008ybm
pdb_00009xzx	pdb_00008ybn
pdb_00009xzx	pdb_00008ybo
pdb_00009xzx	pdb_00008ybp
pdb_00009xzx	pdb_00008ykt
pdb_00005y80	pdb_00005y80
pdb_00005y80	pdb_00004c57
pdb_00005y80	pdb_00004c58
pdb_00005y80	pdb_00004c59
pdb_00005y80	pdb_00004y8d
pdb_00005y80	pdb_00005y7z
pdb_00005y9j	pdb_00005y9j
pdb_00005y9j	pdb_00006fxn
pdb_00005yd3	pdb_00005yd3
pdb_00005yd4	pdb_00005yd4
pdb_00005yd5	pdb_00005yd5
pdb_00005ye4	pdb_00005ye4
pdb_00005ye4	pdb_00005ye3
pdb_00005ywy	pdb_00005ywy
pdb_00005ywy	pdb_00005yhl
pdb_00005yy4	pdb_00005yy4
pdb_00005zia	pdb_00005zia
pdb_00005zs0	pdb_00005zs0
pdb_00006a79	pdb_00006a79
pdb_00006a79	pdb_00006a77
pdb_00006a79	pdb_00006a78
pdb_00006adc	pdb_00006adc
pdb_00006adc	pdb_00001ots
pdb_00006adc	pdb_00001ott
pdb_00006adc	pdb_00001otu
pdb_00006adc	pdb_00002exw
pdb_00006adc	pdb_00002exy
pdb_00006adc	pdb_00002ez0
pdb_00006adc	pdb_00002fec
pdb_00006adc	pdb_00002fed
pdb_00006adc	pdb_00002fee
pdb_00006adc	pdb_00002h2p
pdb_00006adc	pdb_00002h2s
pdb_00006adc	pdb_00002hlf
pdb_00006adc	pdb_00002ht2
pdb_00006adc	pdb_00002ht3
pdb_00006adc	pdb_00002ht4
pdb_00006adc	pdb_00002htk
pdb_00006adc	pdb_00002htl
pdb_00006adc	pdb_00002r9h
pdb_00006adc	pdb_00003det
pdb_00006adc	pdb_00003ejy
pdb_00006adc	pdb_00003ejz
pdb_00006adc	pdb_00004ene
pdb_00006adc	pdb_00004fg6
pdb_00006adc	pdb_00005hd8
pdb_00006adc	pdb_00006ad7
pdb_00006adc	pdb_00006ad8
pdb_00006adc	pdb_00006ada
pdb_00006adc	pdb_00006adb
pdb_00006adc	pdb_00006k5a
pdb_00006adc	pdb_00006k5d
pdb_00006adc	pdb_00006k5f
pdb_00006adc	pdb_00006k5i
pdb_00006adc	pdb_00007cvs
pdb_00006adc	pdb_00007cvt
pdb_00006app	pdb_00006app
pdb_00006app	pdb_00004w2o
pdb_00006app	pdb_000010zo
pdb_00006aq7	pdb_00006aq7
pdb_00006aq7	pdb_00001tpx
pdb_00006aq7	pdb_00001tqb
pdb_00006aq7	pdb_00001tqc
pdb_00006aq7	pdb_00002w9e
pdb_00006aq7	pdb_00004dgi
pdb_00006aq7	pdb_00004h88
pdb_00006aq7	pdb_00004ma7
pdb_00006aq7	pdb_00004ma8
pdb_00006aq7	pdb_00004n9o
pdb_00006aq7	pdb_00006her
pdb_00006aq7	pdb_00006hhd
pdb_00006aq7	pdb_00006suz
pdb_00006aq7	pdb_00006sv2
pdb_00006avu	pdb_00006avu
pdb_00006avu	pdb_00004o02
pdb_00006avu	pdb_00006avq
pdb_00006avu	pdb_00006avr
pdb_00006avu	pdb_00006djp
pdb_00006avu	pdb_00006ujb
pdb_00006avu	pdb_00006ujc
pdb_00006avu	pdb_00009b9j
pdb_00006avu	pdb_00009b9k
pdb_00006b14	pdb_00006b14
pdb_00006b14	pdb_00004kzd
pdb_00006b14	pdb_00004kze
pdb_00006b14	pdb_00004q9q
pdb_00006b14	pdb_00004q9r
pdb_00006b14	pdb_00006b3k
pdb_00006b14	pdb_00007szu
pdb_00006b14	pdb_00007u0y
pdb_00006b5p	pdb_00006b5p
pdb_00006b5p	pdb_00006b5l
pdb_00006b9j	pdb_00006b9j
pdb_00006b9j	pdb_00004etq
pdb_00006b9j	pdb_00005ush
pdb_00006b9j	pdb_00005usl
pdb_00007qqb	pdb_00007qqb
pdb_00007qu1	pdb_00007qu1
pdb_00007qu1	pdb_00005w1m
pdb_00007qu1	pdb_00009ghi
pdb_00007qu1	pdb_00009n0d
pdb_00007qu1	pdb_00009ghj
pdb_00007qu1	pdb_00009mew
pdb_00007quh	pdb_00007quh
pdb_00007r0j	pdb_00007r0j
pdb_00007r23	pdb_00007r23
pdb_00007r23	pdb_00007r1z
pdb_00007r24	pdb_00007r24
pdb_00007r8b	pdb_00007r8b
pdb_00007r8b	pdb_00007r89
pdb_00007r8b	pdb_00007r8a
pdb_00007r8u	pdb_00007r8u
pdb_00007r98	pdb_00007r98
pdb_00007r98	pdb_00007cr5
pdb_00007r98	pdb_00007n0r
pdb_00007r98	pdb_00007n3c
pdb_00007r98	pdb_00007n3d
pdb_00007r98	pdb_00007str
pdb_00007r98	pdb_00007sts
pdb_00007r98	pdb_00007sue
pdb_00007rah	pdb_00007rah
pdb_00007raq	pdb_00007raq
pdb_00007rd5	pdb_00007rd5
pdb_00007rew	pdb_00007rew
pdb_00007rew	pdb_00003g6d
pdb_00007rew	pdb_00003l5w
pdb_00007rew	pdb_00003l5x
pdb_00007rew	pdb_00004i77
pdb_00007rew	pdb_00004ps4
pdb_00007rew	pdb_00005l6y
pdb_00007rfp	pdb_00007rfp
pdb_00007rga	pdb_00007rga
pdb_00007rlx	pdb_00007rlx
pdb_00007rly	pdb_00007rly
pdb_00007rly	pdb_00007rlv
pdb_00007rly	pdb_00007rlw
pdb_00007rly	pdb_00007rlz
pdb_00007rly	pdb_00009nw4
pdb_00007rm0	pdb_00007rm0
pdb_00007rm3	pdb_00007rm3
pdb_00007rnn	pdb_00007rnn
pdb_00007rpu	pdb_00007rpu
pdb_00008s61	pdb_00008s61
pdb_00008s61	pdb_00008s4u
pdb_00008s61	pdb_00008s5u
pdb_00008s61	pdb_00008s5w
pdb_00008s61	pdb_00008s5z
pdb_00008s61	pdb_00008s62
pdb_00008s61	pdb_00009g5k
pdb_00008s61	pdb_00009hjd
pdb_00008s6k	pdb_00008s6k
pdb_00008s6t	pdb_00008s6t
pdb_00008s6t	pdb_00007v4w
pdb_00008s6t	pdb_00007v64
pdb_00008s6t	pdb_00007v7k
pdb_00008s6t	pdb_00007v8q
pdb_00008s6t	pdb_00007vac
pdb_00008s6t	pdb_00007vaz
pdb_00008s6v	pdb_00008s6v
pdb_00008s73	pdb_00008s73
pdb_00008s79	pdb_00008s79
pdb_00008sbb	pdb_00008sbb
pdb_00008scx	pdb_00008scx
pdb_00008scx	pdb_00008e1m
pdb_00008sg1	pdb_00008sg1
pdb_00008sg1	pdb_000020zx
pdb_00008sg1	pdb_000021ag
pdb_00008sg1	pdb_000022es
pdb_00008sg1	pdb_000023so
pdb_00008sg1	pdb_000024xb
pdb_00008sg1	pdb_000024xz
pdb_00008sg1	pdb_000025il
pdb_00008sg1	pdb_000025su
pdb_00008sg1	pdb_00006b20
pdb_00008sg1	pdb_00006gdg
pdb_00008sg1	pdb_00006lpb
pdb_00008sg1	pdb_00006m1h
pdb_00008sg1	pdb_00006m1i
pdb_00008sg1	pdb_00006wwz
pdb_00008sg1	pdb_00007bb6
pdb_00008sg1	pdb_00007bb7
pdb_00008sg1	pdb_00007d7m
pdb_00008sg1	pdb_00007dfl
pdb_00008sg1	pdb_00007ew1
pdb_00008sg1	pdb_00007fim
pdb_00008sg1	pdb_00007jjo
pdb_00008sg1	pdb_00007kh0
pdb_00008sg1	pdb_00007p00
pdb_00008sg1	pdb_00007p02
pdb_00008sg1	pdb_00007scg
pdb_00008sg1	pdb_00007trk
pdb_00008sg1	pdb_00007trp
pdb_00008sg1	pdb_00007trq
pdb_00008sg1	pdb_00007trs
pdb_00008sg1	pdb_00007vie
pdb_00008sg1	pdb_00007vif
pdb_00008sg1	pdb_00007vig
pdb_00008sg1	pdb_00007vih
pdb_00008sg1	pdb_00007xow
pdb_00008sg1	pdb_00007xwo
pdb_00008sg1	pdb_00007y26
pdb_00008sg1	pdb_00007y27
pdb_00008sg1	pdb_00007ys6
pdb_00008sg1	pdb_00007yu3
pdb_00008sg1	pdb_00007yu5
pdb_00008sg1	pdb_00007yu6
pdb_00008sg1	pdb_00008dcr
pdb_00008sg1	pdb_00008dcs
pdb_00008sg1	pdb_00008dwc
pdb_00008sg1	pdb_00008dzq
pdb_00008sg1	pdb_00008fn0
pdb_00008sg1	pdb_00008fx5
pdb_00008sg1	pdb_00008g59
pdb_00008sg1	pdb_00008hj2
pdb_00008sg1	pdb_00008hmp
pdb_00008sg1	pdb_00008hqe
pdb_00008sg1	pdb_00008hqm
pdb_00008sg1	pdb_00008hqn
pdb_00008sg1	pdb_00008i9l
pdb_00008sg1	pdb_00008ia7
pdb_00008sg1	pdb_00008id3
pdb_00008sg1	pdb_00008id9
pdb_00008sg1	pdb_00008ij3
pdb_00008sg1	pdb_00008ijb
pdb_00008sg1	pdb_00008ijd
pdb_00008sg1	pdb_00008iw7
pdb_00008sg1	pdb_00008iyh
pdb_00008sg1	pdb_00008j20
pdb_00008sg1	pdb_00008j21
pdb_00008sg1	pdb_00008j22
pdb_00008sg1	pdb_00008j24
pdb_00008sg1	pdb_00008jbf
pdb_00008sg1	pdb_00008jbg
pdb_00008sg1	pdb_00008jbh
pdb_00008sg1	pdb_00008jd6
pdb_00008sg1	pdb_00008jhy
pdb_00008sg1	pdb_00008jii
pdb_00008sg1	pdb_00008jil
pdb_00008sg1	pdb_00008jim
pdb_00008sg1	pdb_00008jz7
pdb_00008sg1	pdb_00008jzz
pdb_00008sg1	pdb_00008k3z
pdb_00008sg1	pdb_00008p12
pdb_00008sg1	pdb_00008t3o
pdb_00008sg1	pdb_00008tyw
pdb_00008sg1	pdb_00008tzq
pdb_00008sg1	pdb_00008uh3
pdb_00008sg1	pdb_00008uxy
pdb_00008sg1	pdb_00008vhf
pdb_00008sg1	pdb_00008vve
pdb_00008sg1	pdb_00008vvf
pdb_00008sg1	pdb_00008vvg
pdb_00008sg1	pdb_00008w8w
pdb_00008sg1	pdb_00008w8x
pdb_00008sg1	pdb_00008w8y
pdb_00008sg1	pdb_00008wca
pdb_00008sg1	pdb_00008x17
pdb_00008sg1	pdb_00008x9u
pdb_00008sg1	pdb_00008xgm
pdb_00008sg1	pdb_00008xgo
pdb_00008sg1	pdb_00008xgs
pdb_00008sg1	pdb_00008xor
pdb_00008sg1	pdb_00008xyd
pdb_00008sg1	pdb_00008y45
pdb_00008sg1	pdb_00008yh2
pdb_00008sg1	pdb_00008yh3
pdb_00008sg1	pdb_00008yh5
pdb_00008sg1	pdb_00008yh6
pdb_00008sg1	pdb_00008yw3
pdb_00008sg1	pdb_00008yyw
pdb_00008sg1	pdb_00008yyx
pdb_00008sg1	pdb_00008z9o
pdb_00008sg1	pdb_00008z9p
pdb_00008sg1	pdb_00008zbj
pdb_00008sg1	pdb_00008zfz
pdb_00008sg1	pdb_00008zh8
pdb_00008sg1	pdb_00008zjd
pdb_00008sg1	pdb_00008zjg
pdb_00008sg1	pdb_00009as6
pdb_00008sg1	pdb_00009bqj
pdb_00008sg1	pdb_00009bsb
pdb_00008sg1	pdb_00009cgk
pdb_00008sg1	pdb_00009d0a
pdb_00008sg1	pdb_00009d4z
pdb_00008sg1	pdb_00009ee8
pdb_00008sg1	pdb_00009ee9
pdb_00008sg1	pdb_00009eea
pdb_00008sg1	pdb_00009ejc
pdb_00008sg1	pdb_00009ejz
pdb_00008sg1	pdb_00009ijd
pdb_00008sg1	pdb_00009ije
pdb_00008sg1	pdb_00009ik8
pdb_00008sg1	pdb_00009iv1
pdb_00008sg1	pdb_00009iy8
pdb_00008sg1	pdb_00009izc
pdb_00008sg1	pdb_00009izd
pdb_00008sg1	pdb_00009izg
pdb_00008sg1	pdb_00009j31
pdb_00008sg1	pdb_00009j5v
pdb_00008sg1	pdb_00009j8z
pdb_00008sg1	pdb_00009jeq
pdb_00008sg1	pdb_00009jfk
pdb_00008sg1	pdb_00009jky
pdb_00008sg1	pdb_00009k27
pdb_00008sg1	pdb_00009kz2
pdb_00008sg1	pdb_00009l79
pdb_00008sg1	pdb_00009le1
pdb_00008sg1	pdb_00009le2
pdb_00008sg1	pdb_00009ll7
pdb_00008sg1	pdb_00009lle
pdb_00008sg1	pdb_00009llj
pdb_00008sg1	pdb_00009lyc
pdb_00008sg1	pdb_00009m0r
pdb_00008sg1	pdb_00009m0x
pdb_00008sg1	pdb_00009m0z
pdb_00008sg1	pdb_00009m1o
pdb_00008sg1	pdb_00009m1p
pdb_00008sg1	pdb_00009m1r
pdb_00008sg1	pdb_00009m2f
pdb_00008sg1	pdb_00009m2o
pdb_00008sg1	pdb_00009m2s
pdb_00008sg1	pdb_00009m3q
pdb_00008sg1	pdb_00009m3s
pdb_00008sg1	pdb_00009m54
pdb_00008sg1	pdb_00009mzf
pdb_00008sg1	pdb_00009n0e
pdb_00008sg1	pdb_00009n29
pdb_00008sg1	pdb_00009oxa
pdb_00008sg1	pdb_00009p0m
pdb_00008sg1	pdb_00009p93
pdb_00008sg1	pdb_00009p94
pdb_00008sg1	pdb_00009pa1
pdb_00008sg1	pdb_00009pa3
pdb_00008sg1	pdb_00009pa4
pdb_00008sg1	pdb_00009u4y
pdb_00008sg1	pdb_00009upu
pdb_00008sg1	pdb_00009upv
pdb_00008sg1	pdb_00009vny
pdb_00008sg1	pdb_00009vnz
pdb_00008sg1	pdb_00009vo0
pdb_00008sg1	pdb_00009vo1
pdb_00008sg1	pdb_00009w6w
pdb_00008sg1	pdb_00009xhh
pdb_00008sg1	pdb_00009yda
pdb_00008sg1	pdb_00009ygz
pdb_00008sgt	pdb_00008sgt
pdb_00008sgt	pdb_00008sgi
pdb_00008sgt	pdb_00008sgj
pdb_00008sh5	pdb_00008sh5
pdb_00008shw	pdb_00008shw
pdb_00008sja	pdb_00008sja
pdb_00008sja	pdb_00008db4
pdb_00008sja	pdb_00008si1
pdb_00008sja	pdb_00008sj6
pdb_00008sja	pdb_00009cmc
pdb_00008skj	pdb_00008skj
pdb_00008slb	pdb_00008slb
pdb_00008sm1	pdb_00008sm1
pdb_00008sm1	pdb_00008sgn
pdb_00008sm1	pdb_00008sic
pdb_00008sm1	pdb_00009ma0
pdb_00008sm1	pdb_00009ma7
pdb_00008sm1	pdb_00009pf9
pdb_00008sml	pdb_00008sml
pdb_00008sml	pdb_00008smk
pdb_00008smp	pdb_00008smp
pdb_00008smp	pdb_00008smm
pdb_00008smp	pdb_00008smn
pdb_00008sos	pdb_00008sos
pdb_00008sos	pdb_00006v7y
pdb_00008sos	pdb_00006v7z
pdb_00008sos	pdb_00006v80
pdb_00008sps	pdb_00008sps
pdb_00008sr0	pdb_00008sr0
pdb_00008sr0	pdb_00008so3
pdb_00009p0x	pdb_00009p0x
pdb_00009p1v	pdb_00009p1v
pdb_00009p3y	pdb_00009p3y
pdb_00009p4f	pdb_00009p4f
pdb_00009p6x	pdb_00009p6x
pdb_00009p8x	pdb_00009p8x
pdb_00009p98	pdb_00009p98
pdb_00009p98	pdb_00009p97
pdb_00009pd2	pdb_00009pd2
pdb_00009pdy	pdb_00009pdy
pdb_00009pdy	pdb_00004dag
pdb_00009pdy	pdb_00006w16
pdb_00009pdy	pdb_00007sem
pdb_00009pdy	pdb_00007tjq
pdb_00009pdy	pdb_00007tl0
pdb_00009pdy	pdb_00007ur4
pdb_00009pdy	pdb_00008cw9
pdb_00009pdy	pdb_00008e2u
pdb_00009pdy	pdb_00008eay
pdb_00009pdy	pdb_00008ebp
pdb_00009pdy	pdb_00008t9z
pdb_00009pdy	pdb_00008tw3
pdb_00009pdy	pdb_00009cb1
pdb_00009pdy	pdb_00009ore
pdb_00009pdy	pdb_00009os5
pdb_00009pdy	pdb_00009pdx
pdb_00009pdy	pdb_00009v0t
pdb_00009piw	pdb_00009piw
pdb_00009piw	pdb_00009dbo
pdb_00009piw	pdb_00009dl0
pdb_00009piw	pdb_00009piu
pdb_00009pj1	pdb_00009pj1
pdb_00009plp	pdb_00009plp
pdb_00009pm0	pdb_00009pm0
pdb_00009pms	pdb_00009pms
pdb_00009pru	pdb_00009pru
pdb_00009pru	pdb_00007seg
pdb_00009pru	pdb_00005occ
pdb_00009pru	pdb_000010fj
pdb_00009pru	pdb_00006yax
pdb_00009pru	pdb_00009m5b
pdb_00009puo	pdb_00009puo
pdb_00009pup	pdb_00009pup
pdb_00009pup	pdb_00008tqi
pdb_00009pup	pdb_00009b2w
pdb_00009pup	pdb_00009dzq
pdb_00009pup	pdb_00009pum
pdb_00009pup	pdb_00009pur
pdb_00009pup	pdb_00009yq6
pdb_00009pup	pdb_00009yts
pdb_00009pup	pdb_00009zb5
pdb_00009pwn	pdb_00009pwn
pdb_00009px5	pdb_00009px5
pdb_00009pxu	pdb_00009pxu
pdb_00009pxu	pdb_00008hnn
pdb_00009pxu	pdb_00008k2w
pdb_00009py6	pdb_00009py6
pdb_00009py6	pdb_00009pxb
pdb_00009py7	pdb_00009py7
pdb_00009py7	pdb_00007lkf
pdb_00009py7	pdb_00007lkh
pdb_00009pym	pdb_00009pym
pdb_00009pzc	pdb_00009pzc
pdb_00009pzc	pdb_00007lbe
pdb_00009pzc	pdb_00007lbf
pdb_00009pzc	pdb_00007lbg
pdb_00009pzc	pdb_00007t4r
pdb_00009pzc	pdb_00008tco
pdb_00009pzc	pdb_00009pzb
pdb_00005t1d	pdb_00005t1d
pdb_00005t5n	pdb_00005t5n
pdb_00005t5n	pdb_00004rdq
pdb_00005t6p	pdb_00005t6p
pdb_00005t78	pdb_00005t78
pdb_00005tbd	pdb_00005tbd
pdb_00005td8	pdb_00005td8
pdb_00005te7	pdb_00005te7
pdb_00005te7	pdb_00004r4h
pdb_00005te7	pdb_00003idy
pdb_00005te7	pdb_00001g9m
pdb_00005te7	pdb_00001g9n
pdb_00005te7	pdb_00001gc1
pdb_00005te7	pdb_00001rzj
pdb_00005te7	pdb_00001rzk
pdb_00005te7	pdb_00001yyl
pdb_00005te7	pdb_00001yym
pdb_00005te7	pdb_00002b4c
pdb_00005te7	pdb_00002i5y
pdb_00005te7	pdb_00002i60
pdb_00005te7	pdb_00002nxy
pdb_00005te7	pdb_00002nxz
pdb_00005te7	pdb_00002ny0
pdb_00005te7	pdb_00002ny1
pdb_00005te7	pdb_00002ny2
pdb_00005te7	pdb_00002ny3
pdb_00005te7	pdb_00002ny4
pdb_00005te7	pdb_00002ny5
pdb_00005te7	pdb_00002ny6
pdb_00005te7	pdb_00002ny7
pdb_00005te7	pdb_00002qad
pdb_00005te7	pdb_00003hi1
pdb_00005te7	pdb_00003idx
pdb_00005te7	pdb_00003jwd
pdb_00005te7	pdb_00003jwo
pdb_00005te7	pdb_00003ngb
pdb_00005te7	pdb_00003rjq
pdb_00005te7	pdb_00003se8
pdb_00005te7	pdb_00003se9
pdb_00005te7	pdb_00003u7y
pdb_00005te7	pdb_00004dvr
pdb_00005te7	pdb_00004h8w
pdb_00005te7	pdb_00004j6r
pdb_00005te7	pdb_00004jan
pdb_00005te7	pdb_00004jb9
pdb_00005te7	pdb_00004jdt
pdb_00005te7	pdb_00004jkp
pdb_00005te7	pdb_00004jm2
pdb_00005te7	pdb_00004jpv
pdb_00005te7	pdb_00004jpw
pdb_00005te7	pdb_00004laj
pdb_00005te7	pdb_00004lsp
pdb_00005te7	pdb_00004lsq
pdb_00005te7	pdb_00004lsr
pdb_00005te7	pdb_00004lss
pdb_00005te7	pdb_00004lst
pdb_00005te7	pdb_00004lsu
pdb_00005te7	pdb_00004lsv
pdb_00005te7	pdb_00004olu
pdb_00005te7	pdb_00004olv
pdb_00005te7	pdb_00004olw
pdb_00005te7	pdb_00004olx
pdb_00005te7	pdb_00004oly
pdb_00005te7	pdb_00004olz
pdb_00005te7	pdb_00004om0
pdb_00005te7	pdb_00004om1
pdb_00005te7	pdb_00004p9h
pdb_00005te7	pdb_00004r2g
pdb_00005te7	pdb_00004r4f
pdb_00005te7	pdb_00004r4n
pdb_00005te7	pdb_00004rfn
pdb_00005te7	pdb_00004rfo
pdb_00005te7	pdb_00004rqs
pdb_00005te7	pdb_00004rwy
pdb_00005te7	pdb_00004rx4
pdb_00005te7	pdb_00004s1q
pdb_00005te7	pdb_00004s1r
pdb_00005te7	pdb_00004s1s
pdb_00005te7	pdb_00004xmp
pdb_00005te7	pdb_00004xny
pdb_00005te7	pdb_00004xnz
pdb_00005te7	pdb_00004xvs
pdb_00005te7	pdb_00004xvt
pdb_00005te7	pdb_00004ydi
pdb_00005te7	pdb_00004ydj
pdb_00005te7	pdb_00004ydk
pdb_00005te7	pdb_00004ydl
pdb_00005te7	pdb_00004ye4
pdb_00005te7	pdb_00004yfl
pdb_00005te7	pdb_00005a7x
pdb_00005te7	pdb_00005a8h
pdb_00005te7	pdb_00005cd5
pdb_00005te7	pdb_00005f6j
pdb_00005te7	pdb_00005f96
pdb_00005te7	pdb_00005f9o
pdb_00005te7	pdb_00005f9w
pdb_00005te7	pdb_00005fec
pdb_00005te7	pdb_00005i9q
pdb_00005te7	pdb_00005igx
pdb_00005te7	pdb_00005kjr
pdb_00005te7	pdb_00005t33
pdb_00005te7	pdb_00005te4
pdb_00005te7	pdb_00005te6
pdb_00005te7	pdb_00005uem
pdb_00005te7	pdb_00005ukr
pdb_00005te7	pdb_00005w4l
pdb_00005te7	pdb_00005wb9
pdb_00005te7	pdb_00006bck
pdb_00005te7	pdb_00006bf4
pdb_00005te7	pdb_00006mfp
pdb_00005te7	pdb_00006mft
pdb_00005te7	pdb_00006mg7
pdb_00005te7	pdb_00006oej
pdb_00005te7	pdb_00006ofi
pdb_00005te7	pdb_00006oz2
pdb_00005te7	pdb_00006oz3
pdb_00005te7	pdb_00006p8m
pdb_00005te7	pdb_00006w4m
pdb_00005te7	pdb_00006xcj
pdb_00005te7	pdb_00007n8q
pdb_00005te7	pdb_00007r73
pdb_00005te7	pdb_00007r74
pdb_00005te7	pdb_00007rdw
pdb_00005te7	pdb_00007ri1
pdb_00005te7	pdb_00007ri2
pdb_00005te7	pdb_00007sx6
pdb_00005te7	pdb_00007sx7
pdb_00005th9	pdb_00005th9
pdb_00005tjw	pdb_00005tjw
pdb_00005tkj	pdb_00005tkj
pdb_00005tkk	pdb_00005tkk
pdb_00005tlk	pdb_00005tlk
pdb_00005tlk	pdb_00005tl5
pdb_00005tlk	pdb_00005tlj
pdb_00005tr1	pdb_00005tr1
pdb_00005tr1	pdb_00005tqq
pdb_00005tsj	pdb_00005tsj
pdb_00005u3n	pdb_00005u3n
pdb_00005u3n	pdb_00005u3k
pdb_00005u3n	pdb_00005u3m
pdb_00005u4m	pdb_00005u4m
pdb_00005u4m	pdb_00004kuc
pdb_00005u4m	pdb_00004lgp
pdb_00005u4m	pdb_00004lgr
pdb_00005u4m	pdb_00004lgs
pdb_00005u4m	pdb_00004lhj
pdb_00005u4m	pdb_00004lhq
pdb_00005u4m	pdb_00004z9k
pdb_00005u4m	pdb_00005boz
pdb_00005u4m	pdb_00005e1h
pdb_00005u4m	pdb_00005j56
pdb_00005u4m	pdb_00005j57
pdb_00005u4m	pdb_00005u4l
pdb_00005u4m	pdb_00006cwg
pdb_00005u4m	pdb_00006obc
pdb_00005u4m	pdb_00006obe
pdb_00005u4m	pdb_00006obg
pdb_00005u4m	pdb_00006obm
pdb_00005u4m	pdb_00006obo
pdb_00005u4m	pdb_00006oca
pdb_00005u4m	pdb_00006ocd
pdb_00005u4m	pdb_00007kbi
pdb_00005u4m	pdb_00007kbk
pdb_00005u4m	pdb_00007kc9
pdb_00005u4m	pdb_00007kd0
pdb_00005u4m	pdb_00007kd2
pdb_00005u4m	pdb_00007kdm
pdb_00005u4m	pdb_00007kdu
pdb_00005u4m	pdb_00007tgf
pdb_00005u4m	pdb_00007tgi
pdb_00005u4m	pdb_00007th2
pdb_00005u4m	pdb_00007th3
pdb_00005u8r	pdb_00005u8r
pdb_00005u8r	pdb_00005u8q
pdb_00005u8r	pdb_00004zxb
pdb_00005ucb	pdb_00005ucb
pdb_00005ucb	pdb_00004rrp
pdb_00005ucb	pdb_00005eii
pdb_00005ucb	pdb_00005uea
pdb_00005ucb	pdb_00005uek
pdb_00005ucb	pdb_00006ayz
pdb_00005ucb	pdb_00006az2
pdb_00005ucb	pdb_00009avo
pdb_00005ucb	pdb_00009awe
pdb_00005uk4	pdb_00005uk4
pdb_00005uk4	pdb_00005ukb
pdb_00005usf	pdb_00005usf
pdb_00007khf	pdb_00007khf
pdb_00007kji	pdb_00007kji
pdb_00007kji	pdb_00007kjh
pdb_00007kpg	pdb_00007kpg
pdb_00007kpg	pdb_00006bit
pdb_00007kpg	pdb_00006nmr
pdb_00007kpg	pdb_00006nms
pdb_00007kpg	pdb_00006nmt
pdb_00007kpg	pdb_00006nmu
pdb_00007kpg	pdb_00006nmv
pdb_00007kpg	pdb_00007st5
pdb_00007kq7	pdb_00007kq7
pdb_00007kqi	pdb_00007kqi
pdb_00007kqi	pdb_00004fqj
pdb_00007kqi	pdb_00004fqk
pdb_00007kqi	pdb_00006cnv
pdb_00007kqi	pdb_00006fyw
pdb_00007kqi	pdb_00007kqg
pdb_00007kqi	pdb_00007kqh
pdb_00007kqi	pdb_00009x5w
pdb_00007kqi	pdb_00009x5x
pdb_00007kqi	pdb_00009x5y
pdb_00007kqi	pdb_00009x5z
pdb_00007kqi	pdb_00009x60
pdb_00007kqi	pdb_00009x61
pdb_00007kqk	pdb_00007kqk
pdb_00007kr5	pdb_00007kr5
pdb_00007ktx	pdb_00007ktx
pdb_00007ktx	pdb_00007kra
pdb_00007kyo	pdb_00007kyo
pdb_00007l6v	pdb_00007l6v
pdb_00007l6v	pdb_00007lzp
pdb_00007l6v	pdb_00007m1h
pdb_00007l7r	pdb_00007l7r
pdb_00007l7r	pdb_00008jlw
pdb_00007l7r	pdb_00008jlx
pdb_00007lf2	pdb_00007lf2
pdb_00007lf2	pdb_00006ss2
pdb_00007lf2	pdb_00006ss4
pdb_00007lf2	pdb_00006ss6
pdb_00007lf2	pdb_00007lex
pdb_00007lf2	pdb_00007ley
pdb_00007lf2	pdb_00007lf0
pdb_00007lf2	pdb_00007lf1
pdb_00008deq	pdb_00008deq
pdb_00008deq	pdb_00007cvz
pdb_00008deq	pdb_00007cw0
pdb_00008deq	pdb_00007cw2
pdb_00008deq	pdb_00008dwo
pdb_00008deq	pdb_00009bhh
pdb_00008deq	pdb_00009nrx
pdb_00008deq	pdb_00009nry
pdb_00008deq	pdb_00009nrz
pdb_00008deq	pdb_00009yaw
pdb_00008deq	pdb_00009yax
pdb_00008deq	pdb_00009yaz
pdb_00008deq	pdb_00008def
pdb_00008deq	pdb_00008ded
pdb_00008deq	pdb_00008dul
pdb_00008der	pdb_00008der
pdb_00008der	pdb_00007sfv
pdb_00008der	pdb_00007sfw
pdb_00008df1	pdb_00008df1
pdb_00008df1	pdb_00007cj2
pdb_00008dgw	pdb_00008dgw
pdb_00008djg	pdb_00008djg
pdb_00008djm	pdb_00008djm
pdb_00008djm	pdb_00008djk
pdb_00008dk7	pdb_00008dk7
pdb_00008dk7	pdb_00008d29
pdb_00008dl8	pdb_00008dl8
pdb_00008dl8	pdb_00006vyh
pdb_00008dl8	pdb_00006w4s
pdb_00008dl8	pdb_00006wbv
pdb_00008dl8	pdb_00006wik
pdb_00008dl8	pdb_00008bzy
pdb_00008dl8	pdb_00008c02
pdb_00008dl8	pdb_00008dl6
pdb_00008dl8	pdb_00008dl7
pdb_00008dn7	pdb_00008dn7
pdb_00008dn7	pdb_00008dn6
pdb_00008dp0	pdb_00008dp0
pdb_00008dp3	pdb_00008dp3
pdb_00008dp3	pdb_00008vm8
pdb_00008dp3	pdb_00008vmb
pdb_00008dqu	pdb_00008dqu
pdb_00008ds5	pdb_00008ds5
pdb_00008ds7	pdb_00008ds7
pdb_00008dtu	pdb_00008dtu
pdb_00008dun	pdb_00008dun
pdb_00008dun	pdb_00006xob
pdb_00008dun	pdb_00006mui
pdb_00008dun	pdb_00006mw9
pdb_00008dun	pdb_00006mwc
pdb_00008dun	pdb_00006mwv
pdb_00008dun	pdb_00006mwx
pdb_00008dun	pdb_00008vsv
pdb_00008dun	pdb_00009ay1
pdb_00008duz	pdb_00008duz
pdb_00008duz	pdb_00009b0a
pdb_00008dvd	pdb_00008dvd
pdb_00008dvd	pdb_00007t2p
pdb_00008dvd	pdb_00007t4g
pdb_00008zbb	pdb_00008zbb
pdb_00008zbb	pdb_00009j9z
pdb_00008zd5	pdb_00008zd5
pdb_00008zd6	pdb_00008zd6
pdb_00008zd6	pdb_000021en
pdb_00008zd6	pdb_000021eo
pdb_00008zd6	pdb_00007nxx
pdb_00008zd6	pdb_00008k33
pdb_00008zd6	pdb_00008k3a
pdb_00008zd6	pdb_00008k3l
pdb_00008zd6	pdb_00008yaf
pdb_00008zd6	pdb_00008yat
pdb_00008zgu	pdb_00008zgu
pdb_00008zgu	pdb_00007nks
pdb_00008zgu	pdb_00007nrh
pdb_00008zgu	pdb_00007o9s
pdb_00008zgu	pdb_00008ahn
pdb_00008zl9	pdb_00008zl9
pdb_00008zl9	pdb_00008y3o
pdb_00008zl9	pdb_00008y3p
pdb_00008zl9	pdb_00008y3q
pdb_00008zl9	pdb_00008y3r
pdb_00008znz	pdb_00008znz
pdb_00008znz	pdb_00006hxw
pdb_00008znz	pdb_00006vc9
pdb_00008znz	pdb_00006vca
pdb_00008znz	pdb_00007bbj
pdb_00008znz	pdb_00009p1m
pdb_00008zwf	pdb_00008zwf
pdb_00008zxw	pdb_00008zxw
pdb_00008zxw	pdb_00008jow
pdb_00008zxw	pdb_00008zpu
pdb_00009ryf	pdb_00009ryf
pdb_00009ryf	pdb_00006raf
pdb_00009ryf	pdb_00006rag
pdb_00009ryf	pdb_00006rah
pdb_00009ryf	pdb_00006rai
pdb_00009ryf	pdb_00006raj
pdb_00009ryf	pdb_00006rak
pdb_00009ryf	pdb_00006ral
pdb_00009ryf	pdb_00006ram
pdb_00009ryf	pdb_00006ran
pdb_00009ryf	pdb_00009rye
pdb_00009s36	pdb_00009s36
pdb_00009s36	pdb_00009s35
pdb_00009s6r	pdb_00009s6r
pdb_00009s6t	pdb_00009s6t
pdb_00009s6u	pdb_00009s6u
pdb_00009s6u	pdb_00009s6s
pdb_00009s8w	pdb_00009s8w
pdb_00009slq	pdb_00009slq
pdb_00009t0e	pdb_00009t0e
pdb_00009t46	pdb_00009t46
pdb_00009t5v	pdb_00009t5v
pdb_00009t5v	pdb_00007p2d
pdb_00009t5v	pdb_00009rma
pdb_00009t5v	pdb_00009t3y
pdb_00009td2	pdb_00009td2
pdb_00009td2	pdb_00009axl
pdb_00009td2	pdb_00007nwl
pdb_00009tgw	pdb_00009tgw
pdb_00009tgw	pdb_00001dvf
pdb_00009tgw	pdb_00006ol7
pdb_00009tgw	pdb_00007uhz
pdb_00009tgw	pdb_00007yvp
pdb_00009tgw	pdb_00009tgn
pdb_00009tgw	pdb_00009tgo
pdb_00009tgw	pdb_00009v0p
pdb_00009tgw	pdb_00008kad
pdb_00009tgw	pdb_00001pew
pdb_00009tgw	pdb_000021au
pdb_00009tgw	pdb_000021av
pdb_00009tgw	pdb_00008dpl
pdb_00009th6	pdb_00009th6
pdb_00009tpp	pdb_00009tpp
pdb_00009tuw	pdb_00009tuw
pdb_00009tuw	pdb_00009tuy
pdb_00009tux	pdb_00009tux
pdb_00009u36	pdb_00009u36
pdb_00009u36	pdb_00003i50
pdb_00009u36	pdb_00003j6u
pdb_00009u36	pdb_00004c2i
pdb_00009u36	pdb_00004cau
pdb_00009u36	pdb_00004uif
pdb_00009u36	pdb_00004uih
pdb_00009u36	pdb_00004ut6
pdb_00009u36	pdb_00004ut9
pdb_00009u36	pdb_00004uta
pdb_00009u36	pdb_00004utb
pdb_00009u36	pdb_00005a1z
pdb_00009u36	pdb_00005gzn
pdb_00009u36	pdb_00005gzo
pdb_00009u36	pdb_00005jhl
pdb_00009u36	pdb_00005ywo
pdb_00009u36	pdb_00005ywp
pdb_00009u36	pdb_00007a3n
pdb_00009u36	pdb_00007a3o
pdb_00009u36	pdb_00007a3u
pdb_00009u36	pdb_00007bq5
pdb_00009u36	pdb_00007bub
pdb_00009u36	pdb_00007bud
pdb_00009u36	pdb_00007buf
pdb_00009u36	pdb_00007cth
pdb_00009u36	pdb_00007dwt
pdb_00009u36	pdb_00007dwu
pdb_00009u36	pdb_00007v3g
pdb_00009u36	pdb_00007v3h
pdb_00009u36	pdb_00007v3i
pdb_00009u36	pdb_00007v3j
pdb_00009u36	pdb_00008ee5
pdb_00009u36	pdb_00008ee8
pdb_00009u36	pdb_00008eed
pdb_00009u36	pdb_00008eee
pdb_00009u36	pdb_00008gpt
pdb_00009u36	pdb_00008gpu
pdb_00009u36	pdb_00008gpx
pdb_00009u36	pdb_00008jn1
pdb_00009u36	pdb_00008jn2
pdb_00009u36	pdb_00008jn3
pdb_00009u36	pdb_00008jn4
pdb_00009u36	pdb_00008jn5
pdb_00009u36	pdb_00008jn6
pdb_00009u36	pdb_00008jn7
pdb_00009u36	pdb_00008y3h
pdb_00009u36	pdb_00008y3i
pdb_00009u36	pdb_00008y3k
pdb_00009u36	pdb_00008y3l
pdb_00009u36	pdb_00009m5h
pdb_00009u36	pdb_00009mav
pdb_00009u36	pdb_00009maz
pdb_00009u36	pdb_00009mb0
pdb_00009u36	pdb_00009mb1
pdb_00009u36	pdb_00009n3b
pdb_00009u36	pdb_00009owe
pdb_00009u36	pdb_00009u34
pdb_00009u36	pdb_00009u35
pdb_00009u36	pdb_00009u37
pdb_00009u36	pdb_00009u38
pdb_00009u5c	pdb_00009u5c
pdb_00009u5c	pdb_00009kdb
pdb_00009u5c	pdb_00009kdc
pdb_00009u81	pdb_00009u81
pdb_00009u81	pdb_000011td
pdb_00009u81	pdb_000011tf
pdb_00009u81	pdb_000011th
pdb_00009u81	pdb_000011tk
pdb_00009u81	pdb_000011tl
pdb_00009u81	pdb_00007r0c
pdb_00009u81	pdb_00008th4
pdb_00009u81	pdb_00009d3e
pdb_00009u81	pdb_00009d3g
pdb_00009u81	pdb_00009ee5
pdb_00009u81	pdb_00009ehs
pdb_00009u81	pdb_00009ei5
pdb_00009u81	pdb_00009ekh
pdb_00009u81	pdb_00009jfu
pdb_00009u81	pdb_00009jg1
pdb_00009u81	pdb_00009l3z
pdb_00009u81	pdb_00009pee
pdb_00009u81	pdb_00009u80
pdb_00009u81	pdb_00009uvv
pdb_00009u81	pdb_00009xqb
pdb_00009u81	pdb_00005tud
pdb_00009u81	pdb_00005nj6
pdb_00009u81	pdb_00005xjm
pdb_00009u81	pdb_00006os0
pdb_00009u81	pdb_00006os1
pdb_00009u81	pdb_00006os2
pdb_00009u81	pdb_00007c61
pdb_00009u81	pdb_00007c6a
pdb_00009u81	pdb_00009i3t
pdb_00009u81	pdb_00009ibw
pdb_00009u81	pdb_00009jg0
pdb_00009u81	pdb_00009qp4
pdb_00009u81	pdb_00009lmp
pdb_00009u81	pdb_00009lmo
pdb_00009u81	pdb_00007tuy
pdb_00009uan	pdb_00009uan
pdb_00009uaq	pdb_00009uaq
pdb_00009uaq	pdb_00009ubr
pdb_00009uaq	pdb_00009ucl
pdb_00009uaq	pdb_00009xou
pdb_00009ub6	pdb_00009ub6
pdb_00009ub6	pdb_000021ao
pdb_00009ub6	pdb_000021aq
pdb_00009ub6	pdb_00005y11
pdb_00009ub6	pdb_00008wsp
pdb_00009ub6	pdb_00008xk5
pdb_00009ub6	pdb_00008xk6
pdb_00009ub6	pdb_00008xk8
pdb_00009ub6	pdb_00008yxi
pdb_00009ub6	pdb_00008zhq
pdb_00009ub6	pdb_00009jqu
pdb_00009ub6	pdb_00009jqv
pdb_00009ub6	pdb_00009l2k
pdb_00009ub6	pdb_00009loe
pdb_00009ub6	pdb_00009lof
pdb_00009ub6	pdb_00009log
pdb_00009ub6	pdb_00009uev
pdb_00009ub6	pdb_00009vdy
pdb_00009ub6	pdb_00009vdz
pdb_00009ub6	pdb_00009ve0
pdb_00009ub6	pdb_00009vud
pdb_00009ub6	pdb_00009vup
pdb_00009ub6	pdb_00009vxh
pdb_00009ue0	pdb_00009ue0
pdb_00009ue0	pdb_00009udq
pdb_00009ue0	pdb_00009ue8
pdb_00009ugo	pdb_00009ugo
pdb_00009ull	pdb_00009ull
pdb_00009ulm	pdb_00009ulm
pdb_00009ulp	pdb_00009ulp
pdb_00005dfz	pdb_00005dfz
pdb_00005dhz	pdb_00005dhz
pdb_00005dhz	pdb_00005dhv
pdb_00005dhz	pdb_00005dhx
pdb_00005dhz	pdb_00005dhy
pdb_00005dlm	pdb_00005dlm
pdb_00005dlm	pdb_00004n8c
pdb_00005dmg	pdb_00005dmg
pdb_00005drz	pdb_00005drz
pdb_00005dsc	pdb_00005dsc
pdb_00005dwu	pdb_00005dwu
pdb_00005e08	pdb_00005e08
pdb_00005e2v	pdb_00005e2v
pdb_00005e2w	pdb_00005e2w
pdb_00005e5m	pdb_00005e5m
pdb_00005e5m	pdb_00005ggv
pdb_00005e5m	pdb_00005tru
pdb_00005e5m	pdb_00006rp8
pdb_00005e5m	pdb_00006rpj
pdb_00005e5m	pdb_00006rqm
pdb_00005e5m	pdb_00006xy2
pdb_00005e5m	pdb_00007dv4
pdb_00005e5m	pdb_00007elx
pdb_00005e5m	pdb_00007su0
pdb_00005e5m	pdb_00007su1
pdb_00005e5m	pdb_00008hit
pdb_00005e5m	pdb_00009dq3
pdb_00005e5m	pdb_00009dq4
pdb_00005e5m	pdb_00009dq5
pdb_00005e7f	pdb_00005e7f
pdb_00005e8d	pdb_00005e8d
pdb_00005e8e	pdb_00005e8e
pdb_00005e94	pdb_00005e94
pdb_00005ea0	pdb_00005ea0
pdb_00005en2	pdb_00005en2
pdb_00005en2	pdb_00005nuz
pdb_00005en2	pdb_00005w1k
pdb_00005en2	pdb_00007qu2
pdb_00005eoc	pdb_00005eoc
pdb_00005eoq	pdb_00005eoq
pdb_00005eor	pdb_00005eor
pdb_00005epm	pdb_00005epm
pdb_00005esv	pdb_00005esv
pdb_00005esv	pdb_00005esz
pdb_00005eu7	pdb_00005eu7
pdb_00005eul	pdb_00005eul
pdb_00005eul	pdb_00002zjs
pdb_00005eul	pdb_00008y9z
pdb_00005ezo	pdb_00005ezo
pdb_00005ezo	pdb_00005tih
pdb_00005ezo	pdb_00007phv
pdb_00005ezo	pdb_00007phw
pdb_00005ezo	pdb_00007pi2
pdb_00005ezo	pdb_00007pi3
pdb_00005ezo	pdb_00007pi7
pdb_00005ezo	pdb_00008cdd
pdb_00005ezo	pdb_00008cde
pdb_00005f3h	pdb_00005f3h
pdb_00005f3h	pdb_00005f3b
pdb_00005f72	pdb_00005f72
pdb_00005f9d	pdb_00005f9d
pdb_00005f9d	pdb_00005f7k
pdb_00005f9d	pdb_00005f7l
pdb_00005f9d	pdb_00005f7m
pdb_00005f9d	pdb_00005f7n
pdb_00005f9d	pdb_00005f7w
pdb_00005f9d	pdb_00005f7y
pdb_00005f9d	pdb_00005f8q
pdb_00005f9d	pdb_00005f8r
pdb_00005f9d	pdb_00005f93
pdb_00005f9d	pdb_00005f97
pdb_00005f9d	pdb_00005f9a
pdb_00005f9d	pdb_00007zqt
pdb_00005fb8	pdb_00005fb8
pdb_00005fgb	pdb_00005fgb
pdb_00005fgb	pdb_00008jsb
pdb_00005fgb	pdb_00008zeu
pdb_00005fgb	pdb_00009iyi
pdb_00005fgb	pdb_00009je3
pdb_00005fgb	pdb_00001r24
pdb_00005fgb	pdb_00005h35
pdb_00005fgb	pdb_00006ymq
pdb_00005fgc	pdb_00005fgc
pdb_00005fhx	pdb_00005fhx
pdb_00005foj	pdb_00005foj
pdb_00005fuc	pdb_00005fuc
pdb_00005fuc	pdb_00004cni
pdb_00005fuc	pdb_00004o9h
pdb_00005fuc	pdb_00004zs7
pdb_00005fuc	pdb_00008ywq
pdb_00005fuc	pdb_00008ywr
pdb_00005fxc	pdb_00005fxc
pdb_00005g5x	pdb_00005g5x
pdb_00005g5x	pdb_00005g5r
pdb_00005ghw	pdb_00005ghw
pdb_00005gir	pdb_00005gir
pdb_00005gis	pdb_00005gis
pdb_00005gkr	pdb_00005gkr
pdb_00005grj	pdb_00005grj
pdb_00005grj	pdb_00008aom
pdb_00007ekk	pdb_00007ekk
pdb_00007ekk	pdb_00002fx7
pdb_00007ekk	pdb_00004wy7
pdb_00007ekk	pdb_00004xaw
pdb_00007ekk	pdb_00004xbe
pdb_00007ekk	pdb_00004xc1
pdb_00007ekk	pdb_00004xc3
pdb_00007ekk	pdb_00004xcf
pdb_00007ekk	pdb_00005cil
pdb_00007ekk	pdb_00005cin
pdb_00007ekk	pdb_00005u3l
pdb_00007ekk	pdb_00005u3o
pdb_00007ekk	pdb_00005x08
pdb_00007ekk	pdb_00006o3g
pdb_00007ekk	pdb_00006o3j
pdb_00007ekk	pdb_00006o3l
pdb_00007ekk	pdb_00006o42
pdb_00007ekk	pdb_00007ekb
pdb_00007ekk	pdb_00009zg7
pdb_00007ekk	pdb_00009zg9
pdb_00007ekk	pdb_00009zga
pdb_00007ekk	pdb_00009zgb
pdb_00007ekk	pdb_00009zgd
pdb_00007epu	pdb_00007epu
pdb_00007eyc	pdb_00007eyc
pdb_00007f9w	pdb_00007f9w
pdb_00007fbi	pdb_00007fbi
pdb_00007fbi	pdb_00008yy6
pdb_00007fbi	pdb_00009lld
pdb_00007fbi	pdb_00009uv4
pdb_00007fbi	pdb_00009uy9
pdb_00007fbi	pdb_00009yka
pdb_00007fgj	pdb_00007fgj
pdb_00007fgl	pdb_00007fgl
pdb_00007fgr	pdb_00007fgr
pdb_00007fh0	pdb_00007fh0
pdb_00007fjs	pdb_00007fjs
pdb_00007jgj	pdb_00007jgj
pdb_00008ft9	pdb_00008ft9
pdb_00008fym	pdb_00008fym
pdb_00008fym	pdb_00004u6g
pdb_00008fz2	pdb_00008fz2
pdb_00008g2m	pdb_00008g2m
pdb_00008g2y	pdb_00008g2y
pdb_00008g5b	pdb_00008g5b
pdb_00008g8a	pdb_00008g8a
pdb_00008g8a	pdb_00003mnw
pdb_00008g8a	pdb_00004nrx
pdb_00008g8a	pdb_00008g8c
pdb_00008g8n	pdb_00008g8n
pdb_00008gdr	pdb_00008gdr
pdb_00008gdr	pdb_00006nb6
pdb_00008gdr	pdb_00006nb7
pdb_00008gdr	pdb_00006wps
pdb_00008gdr	pdb_00006wpt
pdb_00008gdr	pdb_00006xcm
pdb_00008gdr	pdb_00006xcn
pdb_00008gdr	pdb_00006xey
pdb_00008gdr	pdb_00006z43
pdb_00008gdr	pdb_00006zdh
pdb_00008gdr	pdb_00006zhd
pdb_00008gdr	pdb_00006zxn
pdb_00008gdr	pdb_00007a25
pdb_00008gdr	pdb_00007a29
pdb_00008gdr	pdb_00007a5r
pdb_00008gdr	pdb_00007a5s
pdb_00008gdr	pdb_00007akd
pdb_00008gdr	pdb_00007akj
pdb_00008gdr	pdb_00007b18
pdb_00008gdr	pdb_00007byr
pdb_00008gdr	pdb_00007c2l
pdb_00008gdr	pdb_00007cac
pdb_00008gdr	pdb_00007cai
pdb_00008gdr	pdb_00007cak
pdb_00008gdr	pdb_00007chh
pdb_00008gdr	pdb_00007cwl
pdb_00008gdr	pdb_00007cwm
pdb_00008gdr	pdb_00007cwn
pdb_00008gdr	pdb_00007cwo
pdb_00008gdr	pdb_00007cws
pdb_00008gdr	pdb_00007cwt
pdb_00008gdr	pdb_00007cwu
pdb_00008gdr	pdb_00007cyp
pdb_00008gdr	pdb_00007czp
pdb_00008gdr	pdb_00007czq
pdb_00008gdr	pdb_00007czr
pdb_00008gdr	pdb_00007czs
pdb_00008gdr	pdb_00007czt
pdb_00008gdr	pdb_00007czu
pdb_00008gdr	pdb_00007czv
pdb_00008gdr	pdb_00007czw
pdb_00008gdr	pdb_00007czx
pdb_00008gdr	pdb_00007czy
pdb_00008gdr	pdb_00007czz
pdb_00008gdr	pdb_00007d00
pdb_00008gdr	pdb_00007d03
pdb_00008gdr	pdb_00007d0b
pdb_00008gdr	pdb_00007d0c
pdb_00008gdr	pdb_00007d0d
pdb_00008gdr	pdb_00007dcc
pdb_00008gdr	pdb_00007dcx
pdb_00008gdr	pdb_00007dd2
pdb_00008gdr	pdb_00007dd8
pdb_00008gdr	pdb_00007dk4
pdb_00008gdr	pdb_00007dk5
pdb_00008gdr	pdb_00007dk6
pdb_00008gdr	pdb_00007dk7
pdb_00008gdr	pdb_00007dzx
pdb_00008gdr	pdb_00007dzy
pdb_00008gdr	pdb_00007e3k
pdb_00008gdr	pdb_00007e3l
pdb_00008gdr	pdb_00007e5r
pdb_00008gdr	pdb_00007e5s
pdb_00008gdr	pdb_00007e8c
pdb_00008gdr	pdb_00007e9n
pdb_00008gdr	pdb_00007e9o
pdb_00008gdr	pdb_00007e9p
pdb_00008gdr	pdb_00007e9q
pdb_00008gdr	pdb_00007eh5
pdb_00008gdr	pdb_00007ej4
pdb_00008gdr	pdb_00007ej5
pdb_00008gdr	pdb_00007enf
pdb_00008gdr	pdb_00007eng
pdb_00008gdr	pdb_00007epx
pdb_00008gdr	pdb_00007ey0
pdb_00008gdr	pdb_00007ey4
pdb_00008gdr	pdb_00007ey5
pdb_00008gdr	pdb_00007eya
pdb_00008gdr	pdb_00007ezv
pdb_00008gdr	pdb_00007f3q
pdb_00008gdr	pdb_00007f46
pdb_00008gdr	pdb_00007f62
pdb_00008gdr	pdb_00007f63
pdb_00008gdr	pdb_00007fae
pdb_00008gdr	pdb_00007faf
pdb_00008gdr	pdb_00007fg2
pdb_00008gdr	pdb_00007fg3
pdb_00008gdr	pdb_00007fjn
pdb_00008gdr	pdb_00007fjo
pdb_00008gdr	pdb_00007jv2
pdb_00008gdr	pdb_00007jv4
pdb_00008gdr	pdb_00007jv6
pdb_00008gdr	pdb_00007jva
pdb_00008gdr	pdb_00007jvc
pdb_00008gdr	pdb_00007jw0
pdb_00008gdr	pdb_00007jwb
pdb_00008gdr	pdb_00007k43
pdb_00008gdr	pdb_00007k45
pdb_00008gdr	pdb_00007k4n
pdb_00008gdr	pdb_00007k8s
pdb_00008gdr	pdb_00007k8t
pdb_00008gdr	pdb_00007k8u
pdb_00008gdr	pdb_00007k8v
pdb_00008gdr	pdb_00007k8w
pdb_00008gdr	pdb_00007k8x
pdb_00008gdr	pdb_00007k8y
pdb_00008gdr	pdb_00007k8z
pdb_00008gdr	pdb_00007k90
pdb_00008gdr	pdb_00007k9h
pdb_00008gdr	pdb_00007k9j
pdb_00008gdr	pdb_00007kkk
pdb_00008gdr	pdb_00007kkl
pdb_00008gdr	pdb_00007kmk
pdb_00008gdr	pdb_00007kml
pdb_00008gdr	pdb_00007kqb
pdb_00008gdr	pdb_00007kqe
pdb_00008gdr	pdb_00007ks9
pdb_00008gdr	pdb_00007ksg
pdb_00008gdr	pdb_00007kxj
pdb_00008gdr	pdb_00007kxk
pdb_00008gdr	pdb_00007l2d
pdb_00008gdr	pdb_00007l2e
pdb_00008gdr	pdb_00007l2f
pdb_00008gdr	pdb_00007l3n
pdb_00008gdr	pdb_00007l56
pdb_00008gdr	pdb_00007l57
pdb_00008gdr	pdb_00007l58
pdb_00008gdr	pdb_00007laa
pdb_00008gdr	pdb_00007lab
pdb_00008gdr	pdb_00007lcn
pdb_00008gdr	pdb_00007ld1
pdb_00008gdr	pdb_00007ljr
pdb_00008gdr	pdb_00007lqv
pdb_00008gdr	pdb_00007lqw
pdb_00008gdr	pdb_00007lrt
pdb_00008gdr	pdb_00007ls9
pdb_00008gdr	pdb_00007lss
pdb_00008gdr	pdb_00007lx5
pdb_00008gdr	pdb_00007lxw
pdb_00008gdr	pdb_00007lxx
pdb_00008gdr	pdb_00007lxy
pdb_00008gdr	pdb_00007lxz
pdb_00008gdr	pdb_00007ly0
pdb_00008gdr	pdb_00007ly2
pdb_00008gdr	pdb_00007m6e
pdb_00008gdr	pdb_00007m6f
pdb_00008gdr	pdb_00007m6g
pdb_00008gdr	pdb_00007m6h
pdb_00008gdr	pdb_00007m6i
pdb_00008gdr	pdb_00007m71
pdb_00008gdr	pdb_00007m7b
pdb_00008gdr	pdb_00007mjh
pdb_00008gdr	pdb_00007mji
pdb_00008gdr	pdb_00007mjj
pdb_00008gdr	pdb_00007mjk
pdb_00008gdr	pdb_00007mjl
pdb_00008gdr	pdb_00007mkl
pdb_00008gdr	pdb_00007mm0
pdb_00008gdr	pdb_00007mw2
pdb_00008gdr	pdb_00007mw3
pdb_00008gdr	pdb_00007mw4
pdb_00008gdr	pdb_00007mw5
pdb_00008gdr	pdb_00007mw6
pdb_00008gdr	pdb_00007mxp
pdb_00008gdr	pdb_00007my2
pdb_00008gdr	pdb_00007my3
pdb_00008gdr	pdb_00007n0g
pdb_00008gdr	pdb_00007n0h
pdb_00008gdr	pdb_00007n5h
pdb_00008gdr	pdb_00007n62
pdb_00008gdr	pdb_00007n64
pdb_00008gdr	pdb_00007n8h
pdb_00008gdr	pdb_00007n8i
pdb_00008gdr	pdb_00007n9b
pdb_00008gdr	pdb_00007n9c
pdb_00008gdr	pdb_00007n9e
pdb_00008gdr	pdb_00007n9t
pdb_00008gdr	pdb_00007nd3
pdb_00008gdr	pdb_00007nd4
pdb_00008gdr	pdb_00007nd5
pdb_00008gdr	pdb_00007nd6
pdb_00008gdr	pdb_00007nd7
pdb_00008gdr	pdb_00007nd8
pdb_00008gdr	pdb_00007nd9
pdb_00008gdr	pdb_00007nda
pdb_00008gdr	pdb_00007ndb
pdb_00008gdr	pdb_00007ndc
pdb_00008gdr	pdb_00007ndd
pdb_00008gdr	pdb_00007ns6
pdb_00008gdr	pdb_00007ntc
pdb_00008gdr	pdb_00007oan
pdb_00008gdr	pdb_00007p40
pdb_00008gdr	pdb_00007p77
pdb_00008gdr	pdb_00007p78
pdb_00008gdr	pdb_00007p79
pdb_00008gdr	pdb_00007p7a
pdb_00008gdr	pdb_00007q0a
pdb_00008gdr	pdb_00007q6e
pdb_00008gdr	pdb_00007q9f
pdb_00008gdr	pdb_00007q9g
pdb_00008gdr	pdb_00007q9i
pdb_00008gdr	pdb_00007q9j
pdb_00008gdr	pdb_00007q9k
pdb_00008gdr	pdb_00007q9m
pdb_00008gdr	pdb_00007q9p
pdb_00008gdr	pdb_00007qti
pdb_00008gdr	pdb_00007qtj
pdb_00008gdr	pdb_00007qtk
pdb_00008gdr	pdb_00007r40
pdb_00008gdr	pdb_00007r4i
pdb_00008gdr	pdb_00007r4q
pdb_00008gdr	pdb_00007r4r
pdb_00008gdr	pdb_00007r7n
pdb_00008gdr	pdb_00007r8m
pdb_00008gdr	pdb_00007r8n
pdb_00008gdr	pdb_00007r8o
pdb_00008gdr	pdb_00007ra8
pdb_00008gdr	pdb_00007ral
pdb_00008gdr	pdb_00007rbv
pdb_00008gdr	pdb_00007rkv
pdb_00008gdr	pdb_00007rq6
pdb_00008gdr	pdb_00007ru3
pdb_00008gdr	pdb_00007ru4
pdb_00008gdr	pdb_00007ru5
pdb_00008gdr	pdb_00007ru8
pdb_00008gdr	pdb_00007rw2
pdb_00008gdr	pdb_00007s0c
pdb_00008gdr	pdb_00007s0d
pdb_00008gdr	pdb_00007s0e
pdb_00008gdr	pdb_00007s6j
pdb_00008gdr	pdb_00007s6k
pdb_00008gdr	pdb_00007s6l
pdb_00008gdr	pdb_00007sc1
pdb_00008gdr	pdb_00007sg4
pdb_00008gdr	pdb_00007sj0
pdb_00008gdr	pdb_00007sn2
pdb_00008gdr	pdb_00007sn3
pdb_00008gdr	pdb_00007so9
pdb_00008gdr	pdb_00007soa
pdb_00008gdr	pdb_00007sob
pdb_00008gdr	pdb_00007soc
pdb_00008gdr	pdb_00007sod
pdb_00008gdr	pdb_00007soe
pdb_00008gdr	pdb_00007sof
pdb_00008gdr	pdb_00007swx
pdb_00008gdr	pdb_00007t3m
pdb_00008gdr	pdb_00007t5o
pdb_00008gdr	pdb_00007tas
pdb_00008gdr	pdb_00007tat
pdb_00008gdr	pdb_00007tb8
pdb_00008gdr	pdb_00007tca
pdb_00008gdr	pdb_00007tcc
pdb_00008gdr	pdb_00007tht
pdb_00008gdr	pdb_00007tly
pdb_00008gdr	pdb_00007tlz
pdb_00008gdr	pdb_00007tm0
pdb_00008gdr	pdb_00007tpr
pdb_00008gdr	pdb_00007u0p
pdb_00008gdr	pdb_00007u0q
pdb_00008gdr	pdb_00007u0x
pdb_00008gdr	pdb_00007u9o
pdb_00008gdr	pdb_00007u9p
pdb_00008gdr	pdb_00007uap
pdb_00008gdr	pdb_00007uaq
pdb_00008gdr	pdb_00007uar
pdb_00008gdr	pdb_00007ukl
pdb_00008gdr	pdb_00007ukm
pdb_00008gdr	pdb_00007uow
pdb_00008gdr	pdb_00007upl
pdb_00008gdr	pdb_00007upw
pdb_00008gdr	pdb_00007upx
pdb_00008gdr	pdb_00007upy
pdb_00008gdr	pdb_00007uz4
pdb_00008gdr	pdb_00007uz5
pdb_00008gdr	pdb_00007uz6
pdb_00008gdr	pdb_00007uz7
pdb_00008gdr	pdb_00007uz8
pdb_00008gdr	pdb_00007uz9
pdb_00008gdr	pdb_00007uza
pdb_00008gdr	pdb_00007uzb
pdb_00008gdr	pdb_00007v23
pdb_00008gdr	pdb_00007v24
pdb_00008gdr	pdb_00007v26
pdb_00008gdr	pdb_00007v2a
pdb_00008gdr	pdb_00007vnc
pdb_00008gdr	pdb_00007vnd
pdb_00008gdr	pdb_00007vne
pdb_00008gdr	pdb_00007vq0
pdb_00008gdr	pdb_00007w9e
pdb_00008gdr	pdb_00007wbh
pdb_00008gdr	pdb_00007wcd
pdb_00008gdr	pdb_00007wch
pdb_00008gdr	pdb_00007wcp
pdb_00008gdr	pdb_00007wcr
pdb_00008gdr	pdb_00007wcz
pdb_00008gdr	pdb_00007wd0
pdb_00008gdr	pdb_00007wd7
pdb_00008gdr	pdb_00007wd8
pdb_00008gdr	pdb_00007wd9
pdb_00008gdr	pdb_00007wdf
pdb_00008gdr	pdb_00007we7
pdb_00008gdr	pdb_00007we8
pdb_00008gdr	pdb_00007we9
pdb_00008gdr	pdb_00007wea
pdb_00008gdr	pdb_00007web
pdb_00008gdr	pdb_00007wec
pdb_00008gdr	pdb_00007wee
pdb_00008gdr	pdb_00007whb
pdb_00008gdr	pdb_00007whd
pdb_00008gdr	pdb_00007whi
pdb_00008gdr	pdb_00007whj
pdb_00008gdr	pdb_00007whk
pdb_00008gdr	pdb_00007wjy
pdb_00008gdr	pdb_00007wjz
pdb_00008gdr	pdb_00007wk8
pdb_00008gdr	pdb_00007wk9
pdb_00008gdr	pdb_00007wka
pdb_00008gdr	pdb_00007wly
pdb_00008gdr	pdb_00007wlz
pdb_00008gdr	pdb_00007wm0
pdb_00008gdr	pdb_00007wo4
pdb_00008gdr	pdb_00007wo5
pdb_00008gdr	pdb_00007woa
pdb_00008gdr	pdb_00007wob
pdb_00008gdr	pdb_00007woq
pdb_00008gdr	pdb_00007wor
pdb_00008gdr	pdb_00007wos
pdb_00008gdr	pdb_00007wou
pdb_00008gdr	pdb_00007wov
pdb_00008gdr	pdb_00007wow
pdb_00008gdr	pdb_00007wpd
pdb_00008gdr	pdb_00007wpe
pdb_00008gdr	pdb_00007wpf
pdb_00008gdr	pdb_00007wrv
pdb_00008gdr	pdb_00007ws0
pdb_00008gdr	pdb_00007ws1
pdb_00008gdr	pdb_00007ws3
pdb_00008gdr	pdb_00007ws4
pdb_00008gdr	pdb_00007ws5
pdb_00008gdr	pdb_00007wt7
pdb_00008gdr	pdb_00007wt8
pdb_00008gdr	pdb_00007wt9
pdb_00008gdr	pdb_00007wtf
pdb_00008gdr	pdb_00007wti
pdb_00008gdr	pdb_00007wtk
pdb_00008gdr	pdb_00007wuh
pdb_00008gdr	pdb_00007wwi
pdb_00008gdr	pdb_00007wwj
pdb_00008gdr	pdb_00007wwl
pdb_00008gdr	pdb_00007wwm
pdb_00008gdr	pdb_00007x08
pdb_00008gdr	pdb_00007x6a
pdb_00008gdr	pdb_00007x8w
pdb_00008gdr	pdb_00007x8y
pdb_00008gdr	pdb_00007x8z
pdb_00008gdr	pdb_00007x90
pdb_00008gdr	pdb_00007x91
pdb_00008gdr	pdb_00007x92
pdb_00008gdr	pdb_00007x93
pdb_00008gdr	pdb_00007x94
pdb_00008gdr	pdb_00007x95
pdb_00008gdr	pdb_00007x96
pdb_00008gdr	pdb_00007xco
pdb_00008gdr	pdb_00007xd2
pdb_00008gdr	pdb_00007xdb
pdb_00008gdr	pdb_00007xdk
pdb_00008gdr	pdb_00007xdl
pdb_00008gdr	pdb_00007xh8
pdb_00008gdr	pdb_00007xic
pdb_00008gdr	pdb_00007xj6
pdb_00008gdr	pdb_00007xj8
pdb_00008gdr	pdb_00007xmx
pdb_00008gdr	pdb_00007xmz
pdb_00008gdr	pdb_00007xod
pdb_00008gdr	pdb_00007xst
pdb_00008gdr	pdb_00007xy3
pdb_00008gdr	pdb_00007xy4
pdb_00008gdr	pdb_00007y0n
pdb_00008gdr	pdb_00007y6k
pdb_00008gdr	pdb_00007y6l
pdb_00008gdr	pdb_00007y6n
pdb_00008gdr	pdb_00007y71
pdb_00008gdr	pdb_00007y72
pdb_00008gdr	pdb_00007y7j
pdb_00008gdr	pdb_00007yc5
pdb_00008gdr	pdb_00007ycy
pdb_00008gdr	pdb_00007ycz
pdb_00008gdr	pdb_00007yd0
pdb_00008gdr	pdb_00007ydy
pdb_00008gdr	pdb_00007ye5
pdb_00008gdr	pdb_00007ye9
pdb_00008gdr	pdb_00007yeg
pdb_00008gdr	pdb_00007yh7
pdb_00008gdr	pdb_00007ykj
pdb_00008gdr	pdb_00007yqx
pdb_00008gdr	pdb_00007yqy
pdb_00008gdr	pdb_00007yqz
pdb_00008gdr	pdb_00007yr1
pdb_00008gdr	pdb_00007yve
pdb_00008gdr	pdb_00007yvf
pdb_00008gdr	pdb_00007yvg
pdb_00008gdr	pdb_00007yvh
pdb_00008gdr	pdb_00007yvi
pdb_00008gdr	pdb_00007yvj
pdb_00008gdr	pdb_00007yvk
pdb_00008gdr	pdb_00007yvl
pdb_00008gdr	pdb_00007yvm
pdb_00008gdr	pdb_00007yvo
pdb_00008gdr	pdb_00007z6v
pdb_00008gdr	pdb_00007z7x
pdb_00008gdr	pdb_00007z85
pdb_00008gdr	pdb_00007z86
pdb_00008gdr	pdb_00007z9q
pdb_00008gdr	pdb_00007z9r
pdb_00008gdr	pdb_00007zbu
pdb_00008gdr	pdb_00007zce
pdb_00008gdr	pdb_00007zcf
pdb_00008gdr	pdb_00007zjl
pdb_00008gdr	pdb_00007zr7
pdb_00008gdr	pdb_00007zr8
pdb_00008gdr	pdb_00007zr9
pdb_00008gdr	pdb_00007zrc
pdb_00008gdr	pdb_00008a94
pdb_00008gdr	pdb_00008a95
pdb_00008gdr	pdb_00008a99
pdb_00008gdr	pdb_00008bev
pdb_00008gdr	pdb_00008bg6
pdb_00008gdr	pdb_00008bg8
pdb_00008gdr	pdb_00008bgg
pdb_00008gdr	pdb_00008c2r
pdb_00008gdr	pdb_00008c8p
pdb_00008gdr	pdb_00008cim
pdb_00008gdr	pdb_00008cin
pdb_00008gdr	pdb_00008csj
pdb_00008gdr	pdb_00008cxn
pdb_00008gdr	pdb_00008cxq
pdb_00008gdr	pdb_00008cy6
pdb_00008gdr	pdb_00008cy7
pdb_00008gdr	pdb_00008cy9
pdb_00008gdr	pdb_00008cya
pdb_00008gdr	pdb_00008cyb
pdb_00008gdr	pdb_00008cyc
pdb_00008gdr	pdb_00008cyd
pdb_00008gdr	pdb_00008cyj
pdb_00008gdr	pdb_00008d0z
pdb_00008gdr	pdb_00008d48
pdb_00008gdr	pdb_00008d8r
pdb_00008gdr	pdb_00008dad
pdb_00008gdr	pdb_00008di5
pdb_00008gdr	pdb_00008dlr
pdb_00008gdr	pdb_00008dls
pdb_00008gdr	pdb_00008dlw
pdb_00008gdr	pdb_00008dlx
pdb_00008gdr	pdb_00008dly
pdb_00008gdr	pdb_00008dlz
pdb_00008gdr	pdb_00008dm0
pdb_00008gdr	pdb_00008dm3
pdb_00008gdr	pdb_00008dm4
pdb_00008gdr	pdb_00008dt3
pdb_00008gdr	pdb_00008dt8
pdb_00008gdr	pdb_00008dzh
pdb_00008gdr	pdb_00008dzi
pdb_00008gdr	pdb_00008elj
pdb_00008gdr	pdb_00008erq
pdb_00008gdr	pdb_00008err
pdb_00008gdr	pdb_00008eyg
pdb_00008gdr	pdb_00008eyh
pdb_00008gdr	pdb_00008f0g
pdb_00008gdr	pdb_00008f0h
pdb_00008gdr	pdb_00008f4p
pdb_00008gdr	pdb_00008g70
pdb_00008gdr	pdb_00008g72
pdb_00008gdr	pdb_00008g73
pdb_00008gdr	pdb_00008g74
pdb_00008gdr	pdb_00008g75
pdb_00008gdr	pdb_00008g76
pdb_00008gdr	pdb_00008g77
pdb_00008gdr	pdb_00008g78
pdb_00008gdr	pdb_00008g79
pdb_00008gdr	pdb_00008g7a
pdb_00008gdr	pdb_00008g7b
pdb_00008gdr	pdb_00008g7c
pdb_00008gdr	pdb_00008gjm
pdb_00008gdr	pdb_00008gnh
pdb_00008gdr	pdb_00008gou
pdb_00008gdr	pdb_00008gto
pdb_00008gdr	pdb_00008gtp
pdb_00008gdr	pdb_00008gtq
pdb_00008gdr	pdb_00008h00
pdb_00008gdr	pdb_00008h01
pdb_00008gdr	pdb_00008h07
pdb_00008gdr	pdb_00008h08
pdb_00008gdr	pdb_00008h3m
pdb_00008gdr	pdb_00008h3n
pdb_00008gdr	pdb_00008h7l
pdb_00008gdr	pdb_00008hc2
pdb_00008gdr	pdb_00008hc3
pdb_00008gdr	pdb_00008hc4
pdb_00008gdr	pdb_00008hc9
pdb_00008gdr	pdb_00008hca
pdb_00008gdr	pdb_00008hcb
pdb_00008gdr	pdb_00008heb
pdb_00008gdr	pdb_00008hec
pdb_00008gdr	pdb_00008hgl
pdb_00008gdr	pdb_00008hgm
pdb_00008gdr	pdb_00008hhx
pdb_00008gdr	pdb_00008hhy
pdb_00008gdr	pdb_00008hhz
pdb_00008gdr	pdb_00008hlc
pdb_00008gdr	pdb_00008hld
pdb_00008gdr	pdb_00008hp9
pdb_00008gdr	pdb_00008hpq
pdb_00008gdr	pdb_00008hpv
pdb_00008gdr	pdb_00008i3s
pdb_00008gdr	pdb_00008i3u
pdb_00008gdr	pdb_00008i4e
pdb_00008gdr	pdb_00008i4f
pdb_00008gdr	pdb_00008i4g
pdb_00008gdr	pdb_00008i4h
pdb_00008gdr	pdb_00008itu
pdb_00008gdr	pdb_00008j1v
pdb_00008gdr	pdb_00008jag
pdb_00008gdr	pdb_00008jam
pdb_00008gdr	pdb_00008jin
pdb_00008gdr	pdb_00008jio
pdb_00008gdr	pdb_00008jmm
pdb_00008gdr	pdb_00008k45
pdb_00008gdr	pdb_00008k46
pdb_00008gdr	pdb_00008k47
pdb_00008gdr	pdb_00008k5h
pdb_00008gdr	pdb_00008k9b
pdb_00008gdr	pdb_00008k9j
pdb_00008gdr	pdb_00008k9m
pdb_00008gdr	pdb_00008kdm
pdb_00008gdr	pdb_00008kdr
pdb_00008gdr	pdb_00008kds
pdb_00008gdr	pdb_00008kdt
pdb_00008gdr	pdb_00008keh
pdb_00008gdr	pdb_00008kej
pdb_00008gdr	pdb_00008kek
pdb_00008gdr	pdb_00008keo
pdb_00008gdr	pdb_00008kep
pdb_00008gdr	pdb_00008keq
pdb_00008gdr	pdb_00008ker
pdb_00008gdr	pdb_00008khc
pdb_00008gdr	pdb_00008oyt
pdb_00008gdr	pdb_00008oyu
pdb_00008gdr	pdb_00008q5y
pdb_00008gdr	pdb_00008qpr
pdb_00008gdr	pdb_00008qq0
pdb_00008gdr	pdb_00008qtd
pdb_00008gdr	pdb_00008r1c
pdb_00008gdr	pdb_00008r1d
pdb_00008gdr	pdb_00008r8k
pdb_00008gdr	pdb_00008swh
pdb_00008gdr	pdb_00008tm1
pdb_00008gdr	pdb_00008tma
pdb_00008gdr	pdb_00008ug9
pdb_00008gdr	pdb_00008vif
pdb_00008gdr	pdb_00008vke
pdb_00008gdr	pdb_00008vpf
pdb_00008gdr	pdb_00008vye
pdb_00008gdr	pdb_00008vyf
pdb_00008gdr	pdb_00008vyg
pdb_00008gdr	pdb_00008w4f
pdb_00008gdr	pdb_00008wyj
pdb_00008gdr	pdb_00008xbf
pdb_00008gdr	pdb_00008xea
pdb_00008gdr	pdb_00008xi6
pdb_00008gdr	pdb_00008xki
pdb_00008gdr	pdb_00008xsd
pdb_00008gdr	pdb_00008xsl
pdb_00008gdr	pdb_00008y4a
pdb_00008gdr	pdb_00008y4c
pdb_00008gdr	pdb_00008ybs
pdb_00008gdr	pdb_00008yby
pdb_00008gdr	pdb_00008ybz
pdb_00008gdr	pdb_00008ykg
pdb_00008gdr	pdb_00008ykh
pdb_00008gdr	pdb_00008yro
pdb_00008gdr	pdb_00008yrp
pdb_00008gdr	pdb_00008yww
pdb_00008gdr	pdb_00008ywx
pdb_00008gdr	pdb_00008yz5
pdb_00008gdr	pdb_00008yz6
pdb_00008gdr	pdb_00008z6q
pdb_00008gdr	pdb_00008z6r
pdb_00008gdr	pdb_00008z6t
pdb_00008gdr	pdb_00008z6u
pdb_00008gdr	pdb_00008z6w
pdb_00008gdr	pdb_00008z6x
pdb_00008gdr	pdb_00008zby
pdb_00008gdr	pdb_00008zbz
pdb_00008gdr	pdb_00008zc0
pdb_00008gdr	pdb_00008zc2
pdb_00008gdr	pdb_00008zc3
pdb_00008gdr	pdb_00008zc4
pdb_00008gdr	pdb_00008zc6
pdb_00008gdr	pdb_00008zhd
pdb_00008gdr	pdb_00008zhe
pdb_00008gdr	pdb_00008zhf
pdb_00008gdr	pdb_00008zhg
pdb_00008gdr	pdb_00008zhh
pdb_00008gdr	pdb_00008zhi
pdb_00008gdr	pdb_00008zhj
pdb_00008gdr	pdb_00008zhk
pdb_00008gdr	pdb_00008zhl
pdb_00008gdr	pdb_00008zhm
pdb_00008gdr	pdb_00008zhn
pdb_00008gdr	pdb_00008zpp
pdb_00008gdr	pdb_00009aru
pdb_00008gdr	pdb_00009asd
pdb_00008gdr	pdb_00009ato
pdb_00008gdr	pdb_00009atp
pdb_00008gdr	pdb_00009atr
pdb_00008gdr	pdb_00009au2
pdb_00008gdr	pdb_00009bj2
pdb_00008gdr	pdb_00009bj3
pdb_00008gdr	pdb_00009bj4
pdb_00008gdr	pdb_00009bll
pdb_00008gdr	pdb_00009c44
pdb_00008gdr	pdb_00009c45
pdb_00008gdr	pdb_00009cci
pdb_00008gdr	pdb_00009ccj
pdb_00008gdr	pdb_00009co6
pdb_00008gdr	pdb_00009co7
pdb_00008gdr	pdb_00009co8
pdb_00008gdr	pdb_00009co9
pdb_00008gdr	pdb_00009dhy
pdb_00008gdr	pdb_00009dsl
pdb_00008gdr	pdb_00009ecz
pdb_00008gdr	pdb_00009fgr
pdb_00008gdr	pdb_00009fgs
pdb_00008gdr	pdb_00009fgt
pdb_00008gdr	pdb_00009fgu
pdb_00008gdr	pdb_00009fjk
pdb_00008gdr	pdb_00009fmw
pdb_00008gdr	pdb_00009fr3
pdb_00008gdr	pdb_00009fr4
pdb_00008gdr	pdb_00009h6u
pdb_00008gdr	pdb_00009ib1
pdb_00008gdr	pdb_00009ib3
pdb_00008gdr	pdb_00009js4
pdb_00008gdr	pdb_00009kt3
pdb_00008gdr	pdb_00009kzd
pdb_00008gdr	pdb_00009kze
pdb_00008gdr	pdb_00009kzz
pdb_00008gdr	pdb_00009l05
pdb_00008gdr	pdb_00009l07
pdb_00008gdr	pdb_00009l15
pdb_00008gdr	pdb_00009l2l
pdb_00008gdr	pdb_00009ld2
pdb_00008gdr	pdb_00009ldj
pdb_00008gdr	pdb_00009loy
pdb_00008gdr	pdb_00009lp0
pdb_00008gdr	pdb_00009ls3
pdb_00008gdr	pdb_00009lyo
pdb_00008gdr	pdb_00009mi3
pdb_00008gdr	pdb_00009ml4
pdb_00008gdr	pdb_00009ml5
pdb_00008gdr	pdb_00009ml6
pdb_00008gdr	pdb_00009ml7
pdb_00008gdr	pdb_00009nvg
pdb_00008gdr	pdb_00009s67
pdb_00008gdr	pdb_00009s6q
pdb_00008gdr	pdb_00009s6y
pdb_00008gdr	pdb_00009uxd
pdb_00008gdr	pdb_00009uxe
pdb_00008gdr	pdb_00009vls
pdb_00008gdr	pdb_00009vlt
pdb_00008gdr	pdb_00009ynr
pdb_00008gdr	pdb_00009yok
pdb_00008gdr	pdb_00009ypb
pdb_00008gdr	pdb_00009ypr
pdb_00008gdr	pdb_00009yyu
pdb_00008gdr	pdb_00009z1n
pdb_00008gh4	pdb_00008gh4
pdb_00008gh4	pdb_00005l0q
pdb_00008gho	pdb_00008gho
pdb_00008ghp	pdb_00008ghp
pdb_00008ghr	pdb_00008ghr
pdb_00008gjr	pdb_00008gjr
pdb_00008gjr	pdb_00008ee2
pdb_00008gjr	pdb_00008eln
pdb_00008gjr	pdb_00008evd
pdb_00008gjr	pdb_00008f6u
pdb_00008gjr	pdb_00008f6v
pdb_00008gkl	pdb_00008gkl
pdb_00009fww	pdb_00009fww
pdb_00009fzc	pdb_00009fzc
pdb_00009fzc	pdb_00009fzd
pdb_00009fzq	pdb_00009fzq
pdb_00009fzq	pdb_00008g8w
pdb_00009fzq	pdb_00008hbv
pdb_00009fzq	pdb_00008hbw
pdb_00009fzq	pdb_00008j1n
pdb_00009g4f	pdb_00009g4f
pdb_00009g4f	pdb_00009g3d
pdb_00009g4f	pdb_00009g3e
pdb_00009g4f	pdb_00009g4e
pdb_00009g6x	pdb_00009g6x
pdb_00009g7k	pdb_00009g7k
pdb_00009g7k	pdb_00009g1y
pdb_00009g7k	pdb_00009g2a
pdb_00009g7k	pdb_00009g2g
pdb_00009g7k	pdb_00009g48
pdb_00009g7k	pdb_00009g4g
pdb_00009g7k	pdb_00009g5l
pdb_00009g7k	pdb_00009g5z
pdb_00009g9p	pdb_00009g9p
pdb_00009g9p	pdb_00009g95
pdb_00009g9p	pdb_00009g97
pdb_00009g9p	pdb_00009g9m
pdb_00009g9p	pdb_00009g9n
pdb_00009g9p	pdb_00009g9o
pdb_00009gei	pdb_00009gei
pdb_00009gf8	pdb_00009gf8
pdb_00009gf8	pdb_00009fkn
pdb_00009gf8	pdb_00009fot
pdb_00009gfr	pdb_00009gfr
pdb_00009giy	pdb_00009giy
pdb_00009giy	pdb_00009giv
pdb_00009giy	pdb_00009giw
pdb_00009giy	pdb_00009gix
pdb_00009gjg	pdb_00009gjg
pdb_00009goe	pdb_00009goe
pdb_00009gsl	pdb_00009gsl
pdb_00009gsl	pdb_00009gs5
pdb_00009gsl	pdb_00009gs7
pdb_00009gu3	pdb_00009gu3
pdb_00009gu3	pdb_00009dmj
pdb_00009gu3	pdb_00009dmk
pdb_00009gu3	pdb_00009dml
pdb_00009gu3	pdb_00009dmq
pdb_00009gu3	pdb_00009dms
pdb_00009gu3	pdb_00009dmt
pdb_00009gu3	pdb_00009gu0
pdb_00009gu3	pdb_00009gu1
pdb_00009gu3	pdb_00009gu2
pdb_00009gu3	pdb_00006usf
pdb_00009gu3	pdb_00006pv7
pdb_00009gu3	pdb_00006pv8
pdb_00009gu3	pdb_00008st4
pdb_00009gu3	pdb_00006cnj
pdb_00009gu3	pdb_00006cnk
pdb_00009gu3	pdb_00008ssz
pdb_00009gu3	pdb_00008st0
pdb_00009gu3	pdb_00008st1
pdb_00009gu3	pdb_00008st2
pdb_00009gu3	pdb_00008st3
pdb_00009gv3	pdb_00009gv3
pdb_00009gv3	pdb_00005o0w
pdb_00009gvg	pdb_00009gvg
pdb_00009gvn	pdb_00009gvn
pdb_00009gwt	pdb_00009gwt
pdb_00009h1f	pdb_00009h1f
pdb_00009h1j	pdb_00009h1j
pdb_00009h39	pdb_00009h39
pdb_00009h4s	pdb_00009h4s
pdb_00009h4s	pdb_00009h4r
pdb_00009h6v	pdb_00009h6v
pdb_00009h76	pdb_00009h76
pdb_00009h76	pdb_00006f2g
pdb_00009h76	pdb_00006f2w
pdb_00009h77	pdb_00009h77
pdb_00009hb3	pdb_00009hb3
pdb_00009hb3	pdb_00009hap
pdb_00009hbp	pdb_00009hbp
pdb_00009hco	pdb_00009hco
pdb_00009hhr	pdb_00009hhr
pdb_00009hhr	pdb_00009hh9
pdb_00009hi6	pdb_00009hi6
pdb_00009hi6	pdb_00009hi4
pdb_00009hjk	pdb_00009hjk
pdb_00009hml	pdb_00009hml
pdb_00009hml	pdb_00009lra
pdb_00009hml	pdb_00009lrf
pdb_00009hml	pdb_00009lrh
pdb_00001h0d	pdb_00001h0d
pdb_00001hh6	pdb_00001hh6
pdb_00001hh9	pdb_00001hh9
pdb_00001hi6	pdb_00001hi6
pdb_00001him	pdb_00001him
pdb_00001hin	pdb_00001hin
pdb_00001hys	pdb_00001hys
pdb_00001hys	pdb_00001j5o
pdb_00001hys	pdb_00001n5y
pdb_00001hys	pdb_00001n6q
pdb_00001hys	pdb_00001r0a
pdb_00001hys	pdb_00001t03
pdb_00001hys	pdb_00002hmi
pdb_00001hys	pdb_00003klh
pdb_00001hys	pdb_00006vug
pdb_00001i8k	pdb_00001i8k
pdb_00001i8k	pdb_00001i8i
pdb_00001i8m	pdb_00001i8m
pdb_00001ifh	pdb_00001ifh
pdb_00001ikf	pdb_00001ikf
pdb_00001jp5	pdb_00001jp5
pdb_00001jrh	pdb_00001jrh
pdb_00001kb5	pdb_00001kb5
pdb_00001kcs	pdb_00001kcs
pdb_00001kcs	pdb_00001kc5
pdb_00001kcs	pdb_00001kcr
pdb_00001keg	pdb_00001keg
pdb_00001ktr	pdb_00001ktr
pdb_00001kxv	pdb_00001kxv
pdb_00001kxv	pdb_00001kxq
pdb_00001kxv	pdb_00001kxt
pdb_00001lk3	pdb_00001lk3
pdb_00001mhp	pdb_00001mhp
pdb_00001mhp	pdb_00002b2x
pdb_00001mvf	pdb_00001mvf
pdb_00001mvu	pdb_00001mvu
pdb_00001mvu	pdb_00002ap2
pdb_00001n64	pdb_00001n64
pdb_00001nfd	pdb_00001nfd
pdb_00001nfd	pdb_00007amp
pdb_00001nfd	pdb_00007amq
pdb_00001nfd	pdb_00007amr
pdb_00001nfd	pdb_00007ams
pdb_00001nfd	pdb_00008tfn
pdb_00001nl0	pdb_00001nl0
pdb_00001nsn	pdb_00001nsn
pdb_00001oak	pdb_00001oak
pdb_00001oak	pdb_00001fns
pdb_00001oak	pdb_00007a6o
pdb_00001oak	pdb_00007eow
pdb_00001oaz	pdb_00001oaz
pdb_00001orq	pdb_00001orq
pdb_00001orq	pdb_00002a0l
pdb_00001ors	pdb_00001ors
pdb_00001p4b	pdb_00001p4b
pdb_00001pkq	pdb_00001pkq
pdb_00001pz5	pdb_00001pz5
pdb_00001qgc	pdb_00001qgc
pdb_00001qgc	pdb_00007d3m
pdb_00001qgc	pdb_00007d3r
pdb_00001qgc	pdb_00007dss
pdb_00001qgc	pdb_00007fei
pdb_00001qgc	pdb_00007fej
pdb_00001qgc	pdb_00008hbi
pdb_00001qgc	pdb_00009g6v
pdb_00001qgc	pdb_00009mpz
pdb_00001qgc	pdb_00009wph
pdb_00001qkz	pdb_00001qkz
pdb_00001qle	pdb_00001qle
pdb_00001qle	pdb_00001ar1
pdb_00001qle	pdb_00003ehb
pdb_00001qle	pdb_00003hb3
pdb_00003tje	pdb_00003tje
pdb_00003tje	pdb_00003thm
pdb_00003tt3	pdb_00003tt3
pdb_00003tt3	pdb_00003tt1
pdb_00003tyg	pdb_00003tyg
pdb_00003tyg	pdb_00004jpk
pdb_00003tyg	pdb_00005ies
pdb_00003tyg	pdb_00005if0
pdb_00003tyg	pdb_00005kzc
pdb_00003tyg	pdb_00006d2p
pdb_00003tyg	pdb_00006p8n
pdb_00003tyg	pdb_00006vlw
pdb_00003tyg	pdb_00009cf6
pdb_00003tyg	pdb_00009cf7
pdb_00003tyg	pdb_00009cfa
pdb_00003tyg	pdb_00009mic
pdb_00003tyg	pdb_00009mid
pdb_00003tyg	pdb_00009mif
pdb_00003tyg	pdb_00009mj3
pdb_00003tyg	pdb_00009oao
pdb_00003tyg	pdb_00009oap
pdb_00003tyg	pdb_00009oaq
pdb_00003tyg	pdb_00009oar
pdb_00003tyg	pdb_00009oas
pdb_00003u0t	pdb_00003u0t
pdb_00003u30	pdb_00003u30
pdb_00003u9p	pdb_00003u9p
pdb_00003uc0	pdb_00003uc0
pdb_00003uze	pdb_00003uze
pdb_00003v4u	pdb_00003v4u
pdb_00003v4u	pdb_00003uo1
pdb_00003v52	pdb_00003v52
pdb_00003v52	pdb_00003uyr
pdb_00003v6o	pdb_00003v6o
pdb_00003vga	pdb_00003vga
pdb_00003vga	pdb_00003vg9
pdb_00003vga	pdb_00008gng
pdb_00003vga	pdb_00008wdt
pdb_00003vw3	pdb_00003vw3
pdb_00003w13	pdb_00003w13
pdb_00003w13	pdb_00003w11
pdb_00003w13	pdb_00003w12
pdb_00003w13	pdb_00004oga
pdb_00003w13	pdb_00005j3h
pdb_00003w13	pdb_00006vep
pdb_00003w13	pdb_00006veq
pdb_00003w13	pdb_00007kd6
pdb_00003wfe	pdb_00003wfe
pdb_00003wfe	pdb_00003o0r
pdb_00003wfe	pdb_00003wfb
pdb_00003wfe	pdb_00003wfc
pdb_00003wfe	pdb_00003wfd
pdb_00003wih	pdb_00003wih
pdb_00003wkm	pdb_00003wkm
pdb_00003wkm	pdb_00006al0
pdb_00003wkm	pdb_00006al1
pdb_00003wkm	pdb_00006icc
pdb_00003wkm	pdb_00006icf
pdb_00003wkm	pdb_00007cqc
pdb_00003wkm	pdb_00007cqd
pdb_00003wkm	pdb_00008ipc
pdb_00003wsq	pdb_00003wsq
pdb_00003wsq	pdb_00001n8z
pdb_00003wsq	pdb_00001s78
pdb_00003wsq	pdb_00003be1
pdb_00003wsq	pdb_00003n85
pdb_00003wsq	pdb_00003wlw
pdb_00003wsq	pdb_00005my6
pdb_00003wsq	pdb_00005o4g
pdb_00003wsq	pdb_00006att
pdb_00003wsq	pdb_00006bgt
pdb_00003wsq	pdb_00006j71
pdb_00003wsq	pdb_00006oge
pdb_00003wsq	pdb_00007qvk
pdb_00003wsq	pdb_00008ffj
pdb_00003wsq	pdb_00008pwh
pdb_00003wsq	pdb_00008q6j
pdb_00003wsq	pdb_00009l1s
pdb_00003wsq	pdb_00009mte
pdb_00003wsq	pdb_00009mtx
pdb_00003wsq	pdb_00009t3r
pdb_00003wsq	pdb_00009t3s
pdb_00003wsq	pdb_00004uv7
pdb_00003wsq	pdb_00001yy9
pdb_00003wsq	pdb_00003b2v
pdb_00003wsq	pdb_00004kro
pdb_00003wsq	pdb_00004krp
pdb_00003wsq	pdb_00005xwd
pdb_00003wsq	pdb_00006aru
pdb_00003wsq	pdb_00007om4
pdb_00003wsq	pdb_00009ip7
pdb_00003wsq	pdb_00009ipb
pdb_00003wsq	pdb_00009ipc
pdb_00003wsq	pdb_00009ipd
pdb_00003wsq	pdb_00009ipe
pdb_00003wsq	pdb_00009z9e
pdb_00003wsq	pdb_00009z9f
pdb_00003wsq	pdb_00004leo
pdb_00003wsq	pdb_00003p11
pdb_00003wsq	pdb_00004p59
pdb_00003wsq	pdb_00005cus
pdb_00003wsq	pdb_00005o4o
pdb_00003wsq	pdb_00005o7p
pdb_000043yy	pdb_000043yy
pdb_00004aei	pdb_00004aei
pdb_00004ag4	pdb_00004ag4
pdb_00004bh7	pdb_00004bh7
pdb_00004bh7	pdb_00002y07
pdb_00004bh8	pdb_00004bh8
pdb_00004bh8	pdb_00002y06
pdb_00004bkl	pdb_00004bkl
pdb_00004cad	pdb_00004cad
pdb_00004cc8	pdb_00004cc8
pdb_00004cdg	pdb_00004cdg
pdb_00004ckd	pdb_00004ckd
pdb_00004d3c	pdb_00004d3c
pdb_00006jod	pdb_00006jod
pdb_00006k67	pdb_00006k67
pdb_00006k68	pdb_00006k68
pdb_00006k68	pdb_00006k3m
pdb_00006k68	pdb_00006k64
pdb_00006k68	pdb_00006k65
pdb_00006k68	pdb_00006k6a
pdb_00006k68	pdb_00006k6b
pdb_00006k69	pdb_00006k69
pdb_00006k7o	pdb_00006k7o
pdb_00006kdi	pdb_00006kdi
pdb_00006kn9	pdb_00006kn9
pdb_00006ktr	pdb_00006ktr
pdb_00006kx1	pdb_00006kx1
pdb_00006l62	pdb_00006l62
pdb_00006lbh	pdb_00006lbh
pdb_00006ldy	pdb_00006ldy
pdb_00006ldy	pdb_00006ldv
pdb_00006ldy	pdb_00006ldw
pdb_00006ldy	pdb_00006ldx
pdb_00006lgw	pdb_00006lgw
pdb_00006lgw	pdb_00007u9g
pdb_00006lgw	pdb_00008a1e
pdb_00006lgw	pdb_00009kef
pdb_00006lgw	pdb_00009kfb
pdb_00006lgw	pdb_00009ua5
pdb_00006ln2	pdb_00006ln2
pdb_00006lra	pdb_00006lra
pdb_00006lyn	pdb_00006lyn
pdb_00006lz4	pdb_00006lz4
pdb_00006lz9	pdb_00006lz9
pdb_00006m3c	pdb_00006m3c
pdb_00006m3c	pdb_00006m3b
pdb_00006m47	pdb_00006m47
pdb_00006m47	pdb_00004m48
pdb_00006m47	pdb_00004xnu
pdb_00006m47	pdb_00004xnx
pdb_00006m47	pdb_00004xp1
pdb_00006m47	pdb_00004xp4
pdb_00006m47	pdb_00004xp5
pdb_00006m47	pdb_00004xp6
pdb_00006m47	pdb_00004xp9
pdb_00006m47	pdb_00004xpa
pdb_00006m47	pdb_00004xpf
pdb_00006m47	pdb_00004xpg
pdb_00006m47	pdb_00004xph
pdb_00006m47	pdb_00006dzv
pdb_00006m47	pdb_00006dzw
pdb_00006m47	pdb_00006dzy
pdb_00006m47	pdb_00006dzz
pdb_00006m47	pdb_00006m0f
pdb_00006m47	pdb_00006m0z
pdb_00006m47	pdb_00006m2r
pdb_00006m47	pdb_00006m38
pdb_00006m47	pdb_00006m3z
pdb_00006m47	pdb_00006vrh
pdb_00006m47	pdb_00006vrk
pdb_00006m47	pdb_00006vrl
pdb_00006m47	pdb_00007li6
pdb_00006m47	pdb_00007li7
pdb_00006m47	pdb_00007li8
pdb_00006m47	pdb_00007li9
pdb_00006m47	pdb_00007lia
pdb_00006m47	pdb_00007lwd
pdb_00006m47	pdb_00007mgw
pdb_00006m47	pdb_00007txt
pdb_00006m47	pdb_00007wgd
pdb_00006m47	pdb_00007wgt
pdb_00006m47	pdb_00007wlw
pdb_00006m47	pdb_00008de3
pdb_00006m47	pdb_00008de4
pdb_00006m47	pdb_00008zoy
pdb_00006m47	pdb_00008zp1
pdb_00006m47	pdb_00008zp2
pdb_00006m47	pdb_00008zpb
pdb_00006m47	pdb_00009cp4
pdb_00006m47	pdb_00009cp5
pdb_00006m47	pdb_00009euo
pdb_00006m47	pdb_00009eup
pdb_00006m47	pdb_00009pns
pdb_00006m47	pdb_00008gnk
pdb_00006m47	pdb_00006zbv
pdb_00006m47	pdb_00006zpl
pdb_00006m47	pdb_00009k0c
pdb_00006m47	pdb_00009k0n
pdb_00006m47	pdb_00009k0o
pdb_00006m47	pdb_00009k1b
pdb_00006m47	pdb_00009k1f
pdb_00006m47	pdb_00009k1h
pdb_00006m47	pdb_00009k1i
pdb_00006m47	pdb_00009k1v
pdb_00006m47	pdb_00009k1x
pdb_00006m47	pdb_00009k1z
pdb_00006m47	pdb_00009k21
pdb_00006m47	pdb_00009kmi
pdb_00006m47	pdb_00009kmj
pdb_00006m47	pdb_00009kmk
pdb_00006m47	pdb_00009kml
pdb_00006m47	pdb_00009kmm
pdb_00006m47	pdb_00009kyo
pdb_00006me1	pdb_00006me1
pdb_00006mlk	pdb_00006mlk
pdb_00006mnr	pdb_00006mnr
pdb_00006mnr	pdb_00003mlu
pdb_00006mnr	pdb_00003ujj
pdb_00006mnr	pdb_00004jo2
pdb_00006mnr	pdb_00006mnq
pdb_00006mnr	pdb_00003mly
pdb_00006mnr	pdb_00002b1h
pdb_00006mnr	pdb_00005v6l
pdb_00006mnr	pdb_00001acy
pdb_00006mnr	pdb_00002b1a
pdb_00006mnr	pdb_00003mlt
pdb_00006mnr	pdb_00003mlw
pdb_00006mnr	pdb_00003mlx
pdb_00006mnr	pdb_00003mlz
pdb_00006mnr	pdb_00003uji
pdb_00006mnr	pdb_00004jo1
pdb_00006mnr	pdb_00006db6
pdb_00006mnr	pdb_00006db7
pdb_00006mnr	pdb_00006mns
pdb_00007lf8	pdb_00007lf8
pdb_00007lf8	pdb_00007lf7
pdb_00007lf8	pdb_00007lfa
pdb_00007lf8	pdb_00007lfb
pdb_00007lfd	pdb_00007lfd
pdb_00007lk4	pdb_00007lk4
pdb_00007lk4	pdb_00008uky
pdb_00007lki	pdb_00007lki
pdb_00007lr4	pdb_00007lr4
pdb_00007lr4	pdb_00007lr3
pdb_00007lr4	pdb_00009yc3
pdb_00007lsg	pdb_00007lsg
pdb_00007lsg	pdb_00006j5d
pdb_00007lsg	pdb_00006j5f
pdb_00007lsg	pdb_00007kyl
pdb_00007lsg	pdb_00007lse
pdb_00007lsg	pdb_00007lsf
pdb_00007lz6	pdb_00007lz6
pdb_00007m30	pdb_00007m30
pdb_00007m30	pdb_00005vod
pdb_00007m30	pdb_00007kbb
pdb_00007m30	pdb_00007t4q
pdb_00007m30	pdb_00008tea
pdb_00007m51	pdb_00007m51
pdb_00007m53	pdb_00007m53
pdb_00007m53	pdb_00007rnj
pdb_00007m53	pdb_00007s3n
pdb_00007m53	pdb_00008dtr
pdb_00007m53	pdb_00008dtt
pdb_00007m53	pdb_00008dtx
pdb_00007m74	pdb_00007m74
pdb_00007m74	pdb_00007jhg
pdb_00007m74	pdb_00007jhh
pdb_00008gpi	pdb_00008gpi
pdb_00008gpi	pdb_00006b0n
pdb_00008gpi	pdb_00006myy
pdb_00008gpi	pdb_00006mzj
pdb_00008gpi	pdb_00006p62
pdb_00008gpi	pdb_00006p65
pdb_00008gpi	pdb_00007lx2
pdb_00008gpi	pdb_00007lx3
pdb_00008gpi	pdb_00007mep
pdb_00008gpi	pdb_00008dy6
pdb_00008gpi	pdb_00008gp5
pdb_00008gpi	pdb_00008gpg
pdb_00008gpi	pdb_00008gpj
pdb_00008gpi	pdb_00008u1d
pdb_00008gpi	pdb_00009bge
pdb_00008gpi	pdb_00009cu5
pdb_00008gpi	pdb_00009cu6
pdb_00008gpi	pdb_00009cv7
pdb_00008gpi	pdb_00009msd
pdb_00008gpi	pdb_00009msy
pdb_00008gpi	pdb_00009ogl
pdb_00008gpi	pdb_00009ogm
pdb_00008gpi	pdb_00009py5
pdb_00008gpi	pdb_00009pyd
pdb_00008gpi	pdb_00009pyh
pdb_00008gpi	pdb_00009pyk
pdb_00008gpi	pdb_00009ymj
pdb_00008gq5	pdb_00008gq5
pdb_00008gq5	pdb_00008gni
pdb_00008gq5	pdb_00008gnj
pdb_00008gz3	pdb_00008gz3
pdb_00008h3y	pdb_00008h3y
pdb_00008h3y	pdb_00008h3x
pdb_00008h64	pdb_00008h64
pdb_00008h64	pdb_00008h63
pdb_00008h8q	pdb_00008h8q
pdb_00008h8q	pdb_00007e6p
pdb_00008hc7	pdb_00008hc7
pdb_00008hc7	pdb_00008jap
pdb_00008hik	pdb_00008hik
pdb_00008hik	pdb_00008hii
pdb_00008hik	pdb_00008hij
pdb_00009cm4	pdb_00009cm4
pdb_00009cmi	pdb_00009cmi
pdb_00009cmi	pdb_00008u4v
pdb_00009cmi	pdb_00008u5b
pdb_00009cph	pdb_00009cph
pdb_00009cql	pdb_00009cql
pdb_00009cql	pdb_00009cq7
pdb_00009cql	pdb_00009cq8
pdb_00009ctw	pdb_00009ctw
pdb_00009ctw	pdb_00007vgr
pdb_00009ctw	pdb_00007vgs
pdb_00009ctw	pdb_00008w2e
pdb_00009ctw	pdb_00009ctu
pdb_00009ctw	pdb_00009exa
pdb_00009ctw	pdb_00009nz3
pdb_00009ctw	pdb_00009nz4
pdb_00009ctw	pdb_00009nz5
pdb_00009cx9	pdb_00009cx9
pdb_00009cx9	pdb_00009bt8
pdb_00009cx9	pdb_00009cx3
pdb_00009czf	pdb_00009czf
pdb_00009czf	pdb_00009cz7
pdb_00009czf	pdb_00009cza
pdb_00009czf	pdb_00009czd
pdb_00009d3j	pdb_00009d3j
pdb_00009d41	pdb_00009d41
pdb_00009d72	pdb_00009d72
pdb_00009d72	pdb_00009uvi
pdb_00009d72	pdb_00009hkq
pdb_00009d72	pdb_00009min
pdb_00009d72	pdb_00009o5s
pdb_00009d72	pdb_00009ytd
pdb_00009d72	pdb_00009ytf
pdb_00009det	pdb_00009det
pdb_00009dh2	pdb_00009dh2
pdb_00009y7n	pdb_00009y7n
pdb_00009y7n	pdb_00009y7l
pdb_00009y7n	pdb_00009y7m
pdb_00009ybh	pdb_00009ybh
pdb_00009ybh	pdb_00009q5t
pdb_00009ybh	pdb_00009q68
pdb_00009ybh	pdb_00009ybg
pdb_00009yfu	pdb_00009yfu
pdb_00009yfu	pdb_00008tb7
pdb_00009yio	pdb_00009yio
pdb_00009yji	pdb_00009yji
pdb_00009yji	pdb_00007nab
pdb_00009yji	pdb_00007sjs
pdb_00009yji	pdb_00008dgu
pdb_00009yji	pdb_00008tmy
pdb_00009yxd	pdb_00009yxd
pdb_00009yxd	pdb_00001qfw
pdb_00009yxv	pdb_00009yxv
pdb_00009z18	pdb_00009z18
pdb_00009z18	pdb_00008v5v
pdb_00009z18	pdb_00008vcr
pdb_00009z18	pdb_00009mpw
pdb_00009z18	pdb_00009mr1
pdb_00009z18	pdb_00009mr2
pdb_00009z18	pdb_00009z12
pdb_00009z18	pdb_00009zt7
pdb_00009z18	pdb_00009nqz
pdb_00009z2h	pdb_00009z2h
pdb_00009z3b	pdb_00009z3b
pdb_00009z3b	pdb_00007u8c
pdb_00009z3b	pdb_00009p4c
pdb_00009z3j	pdb_00009z3j
pdb_00009z3j	pdb_00009opr
pdb_00009z3q	pdb_00009z3q
pdb_00009z5q	pdb_00009z5q
pdb_00009z5u	pdb_00009z5u
pdb_00009z66	pdb_00009z66
pdb_00009z66	pdb_00009z60
pdb_00009z66	pdb_00009z61
pdb_00009z66	pdb_00009z62
pdb_00009z66	pdb_00009z63
pdb_00009z66	pdb_00009z64
pdb_00009z79	pdb_00009z79
pdb_00009z79	pdb_00009z76
pdb_00009z79	pdb_00009z77
pdb_00009z79	pdb_00009z78
pdb_00009z79	pdb_00009z7a
pdb_00004tuj	pdb_00004tuj
pdb_00004tul	pdb_00004tul
pdb_00004tul	pdb_00004tuk
pdb_00004tvs	pdb_00004tvs
pdb_00004u6v	pdb_00004u6v
pdb_00004u6v	pdb_00004idj
pdb_00004udf	pdb_00004udf
pdb_00004uu9	pdb_00004uu9
pdb_00004v1d	pdb_00004v1d
pdb_00004v1d	pdb_00002ybr
pdb_00004v1d	pdb_00002yc1
pdb_00004w2q	pdb_00004w2q
pdb_00004w6y	pdb_00004w6y
pdb_00004w6y	pdb_00004w6w
pdb_00004w6y	pdb_00004w6x
pdb_00004wem	pdb_00004wem
pdb_00004wem	pdb_00004wen
pdb_00004wem	pdb_00004weu
pdb_00004wv1	pdb_00004wv1
pdb_00004wv1	pdb_00006j6y
pdb_00004xgz	pdb_00004xgz
pdb_00004xh2	pdb_00004xh2
pdb_00004xi5	pdb_00004xi5
pdb_00004xi5	pdb_00004xhj
pdb_00004xmk	pdb_00004xmk
pdb_00004xmm	pdb_00004xmm
pdb_00004xmn	pdb_00004xmn
pdb_00004xrc	pdb_00004xrc
pdb_00004xrc	pdb_00004xnm
pdb_00004xrc	pdb_00004xnq
pdb_00004xrc	pdb_00005dum
pdb_00004xrc	pdb_00005dup
pdb_00004xrc	pdb_00005dur
pdb_00004xrc	pdb_00006a67
pdb_00004xrc	pdb_00006iut
pdb_00004xrc	pdb_00006iuv
pdb_00004xrc	pdb_00006p3r
pdb_00004xrc	pdb_00006p3s
pdb_00004xrc	pdb_00004hkx
pdb_00004xrc	pdb_00004m5z
pdb_00004xrc	pdb_00004yjz
pdb_00004xrc	pdb_00004yk4
pdb_00004xrc	pdb_00005w0d
pdb_00004xrc	pdb_00006a4k
pdb_00004xrc	pdb_00006oc3
pdb_00004xrc	pdb_00006q0e
pdb_00004xrc	pdb_00006q0h
pdb_00004xrc	pdb_00006q0i
pdb_00004xrc	pdb_00006q0l
pdb_00004xrc	pdb_00006q0o
pdb_00004xrc	pdb_00006q18
pdb_00004xrc	pdb_00006whk
pdb_00004xrc	pdb_00006xq0
pdb_00004xrc	pdb_00006xq4
pdb_00004xrc	pdb_00007trh
pdb_00004xrc	pdb_00009azr
pdb_00004xrc	pdb_00009azt
pdb_00004xrc	pdb_00009azv
pdb_00004xrc	pdb_00009hj9
pdb_00004xrc	pdb_00009mer
pdb_00004xrc	pdb_00009mev
pdb_00004xrc	pdb_00009y41
pdb_00004xt1	pdb_00004xt1
pdb_00004xwo	pdb_00004xwo
pdb_00004xwo	pdb_00004xtr
pdb_00004xwo	pdb_00004xvu
pdb_00004xzu	pdb_00004xzu
pdb_00004xzu	pdb_00001iqd
pdb_00004xzu	pdb_00004ki5
pdb_00004y7m	pdb_00004y7m
pdb_00004ybl	pdb_00004ybl
pdb_00004ybl	pdb_00004yc2
pdb_00004ybl	pdb_00005fcu
pdb_00004ybq	pdb_00004ybq
pdb_00007cec	pdb_00007cec
pdb_00007cec	pdb_00003vi3
pdb_00007cec	pdb_00003vi4
pdb_00007cec	pdb_00007ceb
pdb_00007cec	pdb_00009nab
pdb_00007cec	pdb_00009t5z
pdb_00007cec	pdb_00003v4p
pdb_00007cec	pdb_00003v4v
pdb_00007cgw	pdb_00007cgw
pdb_00007cgw	pdb_00005wt9
pdb_00007cgw	pdb_00006jbt
pdb_00007cgw	pdb_00008as0
pdb_00007d4b	pdb_00007d4b
pdb_00007d4b	pdb_00006a3w
pdb_00007d4b	pdb_00006mhr
pdb_00007d4b	pdb_00006mi2
pdb_00007d4b	pdb_00007yxu
pdb_00007d4b	pdb_00008oz3
pdb_00007d4g	pdb_00007d4g
pdb_00007d4g	pdb_00007e7x
pdb_00007d4g	pdb_00007l2c
pdb_00007d4g	pdb_00007ly3
pdb_00007d4g	pdb_00007m8j
pdb_00007d4g	pdb_00007q0i
pdb_00007d4g	pdb_00007rbu
pdb_00007d4g	pdb_00007sww
pdb_00007d4g	pdb_00007xrp
pdb_00007d4g	pdb_00008jva
pdb_00007d4g	pdb_00009upr
pdb_00007d4g	pdb_00009w6u
pdb_00007d4g	pdb_00009wig
pdb_00007d4g	pdb_00009x9z
pdb_00007d4g	pdb_00009xa0
pdb_00007d4g	pdb_00009xa4
pdb_00007d4g	pdb_00009xa5
pdb_00007d4g	pdb_00009xar
pdb_00007d4g	pdb_00009xaw
pdb_00007d4g	pdb_00009xgo
pdb_00007d5q	pdb_00007d5q
pdb_00007d5q	pdb_00007d5p
pdb_00007zox	pdb_00007zox
pdb_00007zoz	pdb_00007zoz
pdb_00007zra	pdb_00007zra
pdb_00007zra	pdb_00007b5g
pdb_00007zra	pdb_00007ocj
pdb_00007zw1	pdb_00007zw1
pdb_00007zxk	pdb_00007zxk
pdb_00008a44	pdb_00008a44
pdb_00008a44	pdb_00005f3j
pdb_00008a44	pdb_00006oan
pdb_00008a44	pdb_00006oao
pdb_00008a44	pdb_00006r2s
pdb_00008a44	pdb_00009eze
pdb_00008a67	pdb_00008a67
pdb_00008a67	pdb_00003dvg
pdb_00008a67	pdb_00003dvn
pdb_00008a67	pdb_00006eqi
pdb_00008a67	pdb_00007keo
pdb_00008a67	pdb_00007nbb
pdb_00008aci	pdb_00008aci
pdb_00008aci	pdb_00008acf
pdb_00008ag1	pdb_00008ag1
pdb_00008ag1	pdb_00006ogx
pdb_00008ag1	pdb_00006okm
pdb_00008ag1	pdb_00006okn
pdb_00008ag1	pdb_00007yk4
pdb_00008aix	pdb_00008aix
pdb_00008aix	pdb_00008afe
pdb_00008aix	pdb_00008afh
pdb_00008aix	pdb_00008afl
pdb_00008aix	pdb_00008afm
pdb_00008aix	pdb_00008ahl
pdb_00008aix	pdb_00008aia
pdb_00008aix	pdb_00008ajb
pdb_00008ath	pdb_00008ath
pdb_00008av2	pdb_00008av2
pdb_00008axh	pdb_00008axh
pdb_00008b01	pdb_00008b01
pdb_00008b01	pdb_00007qha
pdb_00008b1k	pdb_00008b1k
pdb_00008b1k	pdb_00006gs1
pdb_00008b1k	pdb_00006gs4
pdb_00008b1k	pdb_00006gs7
pdb_00008b1k	pdb_00008b17
pdb_00008b1k	pdb_00008b18
pdb_00008b1k	pdb_00008b19
pdb_00008b1k	pdb_00008b1a
pdb_00008b1k	pdb_00008b1b
pdb_00008b1k	pdb_00008b1c
pdb_00008b1k	pdb_00008b1d
pdb_00008b1k	pdb_00008b1e
pdb_00008b1k	pdb_00008b1f
pdb_00008b1k	pdb_00008b1g
pdb_00008b1k	pdb_00008b1h
pdb_00008b1k	pdb_00008b1i
pdb_00008b1k	pdb_00008b1j
pdb_00008b7h	pdb_00008b7h
pdb_00008b8i	pdb_00008b8i
pdb_00008b9v	pdb_00008b9v
pdb_00008bbh	pdb_00008bbh
pdb_00008be5	pdb_00008be5
pdb_00008be5	pdb_00008be2
pdb_00008be5	pdb_00008be4
pdb_00008bf4	pdb_00008bf4
pdb_00008bf4	pdb_00008bb7
pdb_00009aus	pdb_00009aus
pdb_00009aus	pdb_00009aur
pdb_00009axw	pdb_00009axw
pdb_00009b13	pdb_00009b13
pdb_00009b2c	pdb_00009b2c
pdb_00009b2c	pdb_000011zw
pdb_00009b6w	pdb_00009b6w
pdb_00009b6w	pdb_00002r6p
pdb_00009b6w	pdb_00003ixy
pdb_00009b6w	pdb_00006ivz
pdb_00009b6w	pdb_00006iw0
pdb_00009b6w	pdb_00006iw2
pdb_00009b6w	pdb_00007bue
pdb_00009b6w	pdb_00009b6u
pdb_00009b71	pdb_00009b71
pdb_00009b71	pdb_00006oyh
pdb_00009b71	pdb_00006oyz
pdb_00009b71	pdb_00006oz6
pdb_00009b71	pdb_00008cxr
pdb_00009b71	pdb_00009b70
pdb_00009b7x	pdb_00009b7x
pdb_00009b7x	pdb_00009b7s
pdb_00009b7x	pdb_00009b7t
pdb_00009b7x	pdb_00009b7u
pdb_00009b7x	pdb_00009b7v
pdb_00009b7x	pdb_00009b7w
pdb_00009b8j	pdb_00009b8j
pdb_00009b8j	pdb_00008dcy
pdb_00009b8j	pdb_00008ddk
pdb_00009b8j	pdb_00008vvk
pdb_00009b8j	pdb_00008vvl
pdb_00009b8j	pdb_00008vww
pdb_00009ba0	pdb_00009ba0
pdb_00009ba0	pdb_00009b9y
pdb_00009ba0	pdb_00009b9z
pdb_00009bao	pdb_00009bao
pdb_00009bao	pdb_00009ban
pdb_00009bbn	pdb_00009bbn
pdb_00009bdi	pdb_00009bdi
pdb_00009bdi	pdb_00004m62
pdb_00009bdi	pdb_00004m8q
pdb_00009bdi	pdb_00004odx
pdb_00009bdi	pdb_00005sy8
pdb_00009bdi	pdb_00005t29
pdb_00009bdi	pdb_00005t5b
pdb_00009bdi	pdb_00005t6l
pdb_00009bdi	pdb_00005t80
pdb_00009bdi	pdb_00005t85
pdb_00009bdi	pdb_00005tfw
pdb_00009bdi	pdb_00006mto
pdb_00009bdi	pdb_00006mtq
pdb_00009bdi	pdb_00008sx3
pdb_00009bdi	pdb_00008tzw
pdb_00009bdi	pdb_00008u03
pdb_00009bdi	pdb_00008u08
pdb_00009bdi	pdb_00008v2e
pdb_00009bdi	pdb_00009bdh
pdb_00009bdi	pdb_00009pv3
pdb_00009bdi	pdb_00009pv4
pdb_00009bdi	pdb_00009pv5
pdb_00009bei	pdb_00009bei
pdb_00009bei	pdb_00007tdm
pdb_00009bei	pdb_00007tdn
pdb_00009bei	pdb_00009ihc
pdb_00009bhb	pdb_00009bhb
pdb_00009bia	pdb_00009bia
pdb_000022gl	pdb_000022gl
pdb_000022gl	pdb_000022gm
pdb_000022gl	pdb_000022gk
pdb_000022gl	pdb_000022cr
pdb_000025pv	pdb_000025pv
pdb_000027uh	pdb_000027uh
pdb_000029tj	pdb_000029tj
pdb_00002a6d	pdb_00002a6d
pdb_00002a6i	pdb_00002a6i
pdb_00002adf	pdb_00002adf
pdb_00002adf	pdb_00001fe8
pdb_00002arj	pdb_00002arj
pdb_00002arj	pdb_00007uvf
pdb_00002arj	pdb_00008ew6
pdb_00002b0s	pdb_00002b0s
pdb_00002bse	pdb_00002bse
pdb_00002bse	pdb_00002wzp
pdb_00002ck0	pdb_00002ck0
pdb_00002eh8	pdb_00002eh8
pdb_00002f58	pdb_00002f58
pdb_00002f5b	pdb_00002f5b
pdb_00002fd6	pdb_00002fd6
pdb_00002fd6	pdb_00003bt2
pdb_00002fd6	pdb_00004k24
pdb_00002fd6	pdb_00004qti
pdb_00002fd6	pdb_00009yc5
pdb_00002fd6	pdb_00009yc6
pdb_00002fr4	pdb_00002fr4
pdb_00002fx8	pdb_00002fx8
pdb_00002fx9	pdb_00002fx9
pdb_00002g5b	pdb_00002g5b
pdb_00002gsi	pdb_00002gsi
pdb_00002h1p	pdb_00002h1p
pdb_00002h32	pdb_00002h32
pdb_00002hfg	pdb_00002hfg
pdb_00002hg5	pdb_00002hg5
pdb_00002hg5	pdb_00001k4c
pdb_00002hg5	pdb_00001k4d
pdb_00002hg5	pdb_00001r3i
pdb_00002hg5	pdb_00001r3j
pdb_00002hg5	pdb_00001r3k
pdb_00002hg5	pdb_00001r3l
pdb_00002hg5	pdb_00001s5h
pdb_00002hg5	pdb_00001zwi
pdb_00002hg5	pdb_00002atk
pdb_00002hg5	pdb_00002bob
pdb_00002hg5	pdb_00002boc
pdb_00002hg5	pdb_00002dwd
pdb_00002hg5	pdb_00002dwe
pdb_00002hg5	pdb_00002h8p
pdb_00002hg5	pdb_00002hfe
pdb_00002hg5	pdb_00002hjf
pdb_00002hg5	pdb_00002hvj
pdb_00002hg5	pdb_00002hvk
pdb_00002hg5	pdb_00002ih1
pdb_00002hg5	pdb_00002ih3
pdb_00002hg5	pdb_00002itc
pdb_00002hg5	pdb_00002itd
pdb_00002hg5	pdb_00002jk5
pdb_00002hg5	pdb_00002nlj
pdb_00002hg5	pdb_00002w0f
pdb_00002hg5	pdb_00003f5w
pdb_00002hg5	pdb_00003f7v
pdb_00002hg5	pdb_00003f7y
pdb_00002hg5	pdb_00003fb5
pdb_00002hg5	pdb_00003fb6
pdb_00002hg5	pdb_00003fb7
pdb_00002hg5	pdb_00003fb8
pdb_00002hg5	pdb_00003gb7
pdb_00002hg5	pdb_00003hpl
pdb_00002hg5	pdb_00003iga
pdb_00002hg5	pdb_00003or6
pdb_00002hg5	pdb_00003or7
pdb_00002hg5	pdb_00003stl
pdb_00002hg5	pdb_00003stz
pdb_00002hg5	pdb_00004uuj
pdb_00002hg5	pdb_00005ebl
pdb_00002hg5	pdb_00005ebm
pdb_00002hg5	pdb_00005ebw
pdb_00002hg5	pdb_00005ec1
pdb_00002hg5	pdb_00005j9p
pdb_00002hg5	pdb_00005vk6
pdb_00002hg5	pdb_00005vke
pdb_00002hg5	pdb_00005vkh
pdb_00002hg5	pdb_00006by2
pdb_00002hg5	pdb_00006by3
pdb_00002hg5	pdb_00006nfu
pdb_00002hg5	pdb_00006nfv
pdb_00002hg5	pdb_00006pa0
pdb_00002hg5	pdb_00006w0a
pdb_00002hg5	pdb_00006w0b
pdb_00002hg5	pdb_00006w0c
pdb_00002hg5	pdb_00006w0d
pdb_00002hg5	pdb_00006w0e
pdb_00002hg5	pdb_00006w0f
pdb_00002hg5	pdb_00006w0g
pdb_00002hg5	pdb_00006w0h
pdb_00002hg5	pdb_00006w0i
pdb_00002hg5	pdb_00006w0j
pdb_00002hg5	pdb_00007m2h
pdb_00002hg5	pdb_00007m2j
pdb_00002hg5	pdb_00007mdj
pdb_00002hg5	pdb_00007mhr
pdb_00002hg5	pdb_00007mhx
pdb_00002hg5	pdb_00007mjt
pdb_00002hg5	pdb_00007mk6
pdb_00002hg5	pdb_00007mub
pdb_00002hg5	pdb_00007rp0
pdb_00002hg5	pdb_00007sqw
pdb_00002hg5	pdb_00008thn
pdb_00002hg5	pdb_00007m2i
pdb_00002hh0	pdb_00002hh0
pdb_00002hkf	pdb_00002hkf
pdb_00002hrp	pdb_00002hrp
pdb_00002hrp	pdb_00008v8f
pdb_00004jg1	pdb_00004jg1
pdb_00004jg1	pdb_00004jfz
pdb_00004jg1	pdb_00004jg0
pdb_00004jo3	pdb_00004jo3
pdb_00004jre	pdb_00004jre
pdb_00004jre	pdb_00004jr9
pdb_00004jzj	pdb_00004jzj
pdb_00004k2u	pdb_00004k2u
pdb_00004k9e	pdb_00004k9e
pdb_00004k9e	pdb_00004k94
pdb_00004kfz	pdb_00004kfz
pdb_00004khx	pdb_00004khx
pdb_00004khx	pdb_00004kht
pdb_00004kml	pdb_00004kml
pdb_00004lbe	pdb_00004lbe
pdb_00004lbe	pdb_00003ogc
pdb_00004lbe	pdb_00004lcu
pdb_00004lbe	pdb_00005ec2
pdb_00004lf3	pdb_00004lf3
pdb_00004liq	pdb_00004liq
pdb_00004lkx	pdb_00004lkx
pdb_00004lmq	pdb_00004lmq
pdb_00004lvo	pdb_00004lvo
pdb_00004lvo	pdb_00004lvn
pdb_00004mqt	pdb_00004mqt
pdb_00004mqt	pdb_00004mqs
pdb_00004mqt	pdb_00009ucp
pdb_00004mxw	pdb_00004mxw
pdb_00004mxw	pdb_00004mxv
pdb_00004n0y	pdb_00004n0y
pdb_00004n90	pdb_00004n90
pdb_00004n90	pdb_00001za3
pdb_00004n90	pdb_00002h9g
pdb_00004n90	pdb_00003x3f
pdb_00004n90	pdb_00004od2
pdb_00004n90	pdb_00006t3j
pdb_00004n9g	pdb_00004n9g
pdb_00004n9g	pdb_00004jlr
pdb_00004n9g	pdb_00006xxv
pdb_00004n9g	pdb_00003lhp
pdb_00004nc0	pdb_00004nc0
pdb_00004nc0	pdb_00004nby
pdb_00004nc0	pdb_00004nc1
pdb_00004nc0	pdb_00005umi
pdb_00004nc2	pdb_00004nc2
pdb_00004ngh	pdb_00004ngh
pdb_00006wjl	pdb_00006wjl
pdb_00006wmw	pdb_00006wmw
pdb_00006wn4	pdb_00006wn4
pdb_00006wty	pdb_00006wty
pdb_00006wty	pdb_00006bpa
pdb_00006wty	pdb_00006bpc
pdb_00006wty	pdb_00006bpe
pdb_00006wty	pdb_00006wm9
pdb_00006wty	pdb_00006wn1
pdb_00006wty	pdb_00006wno
pdb_00006wty	pdb_00006woz
pdb_00006wty	pdb_00006wqo
pdb_00006wty	pdb_00006wtu
pdb_00006wty	pdb_00006wtv
pdb_00006wvz	pdb_00006wvz
pdb_00006wvz	pdb_00004k3j
pdb_00006wvz	pdb_00006i04
pdb_00006ww5	pdb_00006ww5
pdb_00006wwc	pdb_00006wwc
pdb_00006wx2	pdb_00006wx2
pdb_00006x03	pdb_00006x03
pdb_00006x03	pdb_00006x02
pdb_00006x05	pdb_00006x05
pdb_00006x05	pdb_00006x04
pdb_00006x06	pdb_00006x06
pdb_00006x07	pdb_00006x07
pdb_00006x08	pdb_00006x08
pdb_00006x1t	pdb_00006x1t
pdb_00006x1t	pdb_00006x1s
pdb_00006x1u	pdb_00006x1u
pdb_00006x1v	pdb_00006x1v
pdb_00006x1w	pdb_00006x1w
pdb_00006x4t	pdb_00006x4t
pdb_00006x4t	pdb_00006x4g
pdb_00006x58	pdb_00006x58
pdb_00006x5n	pdb_00006x5n
pdb_00006x5n	pdb_00006x5m
pdb_00006x78	pdb_00006x78
pdb_00006x7w	pdb_00006x7w
pdb_00006x8s	pdb_00006x8s
pdb_00006x8s	pdb_00006x8p
pdb_00006x8u	pdb_00006x8u
pdb_00006x8u	pdb_00006x8q
pdb_00006xja	pdb_00006xja
pdb_00006xjz	pdb_00006xjz
pdb_00006xjz	pdb_00006xjq
pdb_00006xjz	pdb_00006xjw
pdb_00006xjz	pdb_00006xjy
pdb_00007tcq	pdb_00007tcq
pdb_00007te6	pdb_00007te6
pdb_00007te9	pdb_00007te9
pdb_00007te9	pdb_000010fd
pdb_00007te9	pdb_000010fl
pdb_00007te9	pdb_000010fo
pdb_00007te9	pdb_00007teb
pdb_00007te9	pdb_00007tee
pdb_00007te9	pdb_00008e99
pdb_00007te9	pdb_00009pzw
pdb_00007te9	pdb_00009pzx
pdb_00007tmw	pdb_00007tmw
pdb_00007tpj	pdb_00007tpj
pdb_00007tpj	pdb_00007tpg
pdb_00007tqb	pdb_00007tqb
pdb_00007tug	pdb_00007tug
pdb_00007tug	pdb_00007tuf
pdb_00007txw	pdb_00007txw
pdb_00007txw	pdb_00006azz
pdb_00007txw	pdb_00006b08
pdb_00007txw	pdb_00006b0a
pdb_00007txw	pdb_00006b0e
pdb_00007txw	pdb_00006b0g
pdb_00007txw	pdb_00006b0h
pdb_00007txw	pdb_00006phb
pdb_00007txw	pdb_00006phc
pdb_00007txw	pdb_00006phd
pdb_00007txw	pdb_00006phf
pdb_00007txw	pdb_00008ezk
pdb_00007txw	pdb_00008ezl
pdb_00007txw	pdb_00008ezm
pdb_00007txw	pdb_00001z3g
pdb_00007tzg	pdb_00007tzg
pdb_00007tzh	pdb_00007tzh
pdb_00008j5j	pdb_00008j5j
pdb_00008j5j	pdb_000011ol
pdb_00008j5j	pdb_000011oo
pdb_00008j5j	pdb_000011oq
pdb_00008j5j	pdb_000022hp
pdb_00008j5j	pdb_00002dd8
pdb_00008j5j	pdb_00002ghw
pdb_00008j5j	pdb_000036bb
pdb_00008j5j	pdb_00003bgf
pdb_00008j5j	pdb_00006w41
pdb_00008j5j	pdb_00006waq
pdb_00008j5j	pdb_00006xc2
pdb_00008j5j	pdb_00006xc3
pdb_00008j5j	pdb_00006xc4
pdb_00008j5j	pdb_00006xc7
pdb_00008j5j	pdb_00006xkp
pdb_00008j5j	pdb_00006xkq
pdb_00008j5j	pdb_00006yla
pdb_00008j5j	pdb_00006ym0
pdb_00008j5j	pdb_00006yor
pdb_00008j5j	pdb_00006yz5
pdb_00008j5j	pdb_00006yz7
pdb_00008j5j	pdb_00006z2m
pdb_00008j5j	pdb_00006zbp
pdb_00008j5j	pdb_00006zcz
pdb_00008j5j	pdb_00006zdg
pdb_00008j5j	pdb_00006zer
pdb_00008j5j	pdb_00006zfo
pdb_00008j5j	pdb_00006zh9
pdb_00008j5j	pdb_00006zlr
pdb_00008j5j	pdb_00007b0b
pdb_00008j5j	pdb_00007b14
pdb_00008j5j	pdb_00007b17
pdb_00008j5j	pdb_00007b27
pdb_00008j5j	pdb_00007b3o
pdb_00008j5j	pdb_00007beh
pdb_00008j5j	pdb_00007bei
pdb_00008j5j	pdb_00007bej
pdb_00008j5j	pdb_00007bek
pdb_00008j5j	pdb_00007bel
pdb_00008j5j	pdb_00007bem
pdb_00008j5j	pdb_00007ben
pdb_00008j5j	pdb_00007beo
pdb_00008j5j	pdb_00007bep
pdb_00008j5j	pdb_00007bnv
pdb_00008j5j	pdb_00007bwj
pdb_00008j5j	pdb_00007bz5
pdb_00008j5j	pdb_00007c01
pdb_00008j5j	pdb_00007c8v
pdb_00008j5j	pdb_00007c8w
pdb_00008j5j	pdb_00007cah
pdb_00008j5j	pdb_00007can
pdb_00008j5j	pdb_00007cdi
pdb_00008j5j	pdb_00007cdj
pdb_00008j5j	pdb_00007ch4
pdb_00008j5j	pdb_00007ch5
pdb_00008j5j	pdb_00007chb
pdb_00008j5j	pdb_00007chc
pdb_00008j5j	pdb_00007che
pdb_00008j5j	pdb_00007chf
pdb_00008j5j	pdb_00007cho
pdb_00008j5j	pdb_00007chp
pdb_00008j5j	pdb_00007chs
pdb_00008j5j	pdb_00007cjf
pdb_00008j5j	pdb_00007cm4
pdb_00008j5j	pdb_00007cyh
pdb_00008j5j	pdb_00007cyv
pdb_00008j5j	pdb_00007d2z
pdb_00008j5j	pdb_00007d30
pdb_00008j5j	pdb_00007d6i
pdb_00008j5j	pdb_00007deo
pdb_00008j5j	pdb_00007det
pdb_00008j5j	pdb_00007deu
pdb_00008j5j	pdb_00007djz
pdb_00008j5j	pdb_00007dk0
pdb_00008j5j	pdb_00007dpm
pdb_00008j5j	pdb_00007dx4
pdb_00008j5j	pdb_00007e23
pdb_00008j5j	pdb_00007e39
pdb_00008j5j	pdb_00007e3b
pdb_00008j5j	pdb_00007e3c
pdb_00008j5j	pdb_00007e3o
pdb_00008j5j	pdb_00007e5o
pdb_00008j5j	pdb_00007e5y
pdb_00008j5j	pdb_00007e7y
pdb_00008j5j	pdb_00007e86
pdb_00008j5j	pdb_00007e88
pdb_00008j5j	pdb_00007e8m
pdb_00008j5j	pdb_00007eam
pdb_00008j5j	pdb_00007ean
pdb_00008j5j	pdb_00007ejy
pdb_00008j5j	pdb_00007ejz
pdb_00008j5j	pdb_00007ek0
pdb_00008j5j	pdb_00007f0x
pdb_00008j5j	pdb_00007f12
pdb_00008j5j	pdb_00007f15
pdb_00008j5j	pdb_00007f5g
pdb_00008j5j	pdb_00007f5h
pdb_00008j5j	pdb_00007f6y
pdb_00008j5j	pdb_00007f6z
pdb_00008j5j	pdb_00007f7e
pdb_00008j5j	pdb_00007f7h
pdb_00008j5j	pdb_00007fat
pdb_00008j5j	pdb_00007fau
pdb_00008j5j	pdb_00007fbj
pdb_00008j5j	pdb_00007fbk
pdb_00008j5j	pdb_00007fcq
pdb_00008j5j	pdb_00007fjc
pdb_00008j5j	pdb_00007jmo
pdb_00008j5j	pdb_00007jmp
pdb_00008j5j	pdb_00007jmw
pdb_00008j5j	pdb_00007jn5
pdb_00008j5j	pdb_00007jvb
pdb_00008j5j	pdb_00007jx3
pdb_00008j5j	pdb_00007k8m
pdb_00008j5j	pdb_00007k9i
pdb_00008j5j	pdb_00007k9k
pdb_00008j5j	pdb_00007kfv
pdb_00008j5j	pdb_00007kfw
pdb_00008j5j	pdb_00007kfx
pdb_00008j5j	pdb_00007kfy
pdb_00008j5j	pdb_00007kgj
pdb_00008j5j	pdb_00007kgk
pdb_00008j5j	pdb_00007klg
pdb_00008j5j	pdb_00007klh
pdb_00008j5j	pdb_00007klw
pdb_00008j5j	pdb_00007km5
pdb_00008j5j	pdb_00007kmg
pdb_00008j5j	pdb_00007kmh
pdb_00008j5j	pdb_00007kmi
pdb_00008j5j	pdb_00007kn3
pdb_00008j5j	pdb_00007kn4
pdb_00008j5j	pdb_00007kn5
pdb_00008j5j	pdb_00007kn6
pdb_00008j5j	pdb_00007kn7
pdb_00008j5j	pdb_00007kzb
pdb_00008j5j	pdb_00007l0n
pdb_00008j5j	pdb_00007l5b
pdb_00008j5j	pdb_00007l7d
pdb_00008j5j	pdb_00007ldj
pdb_00008j5j	pdb_00007lm8
pdb_00008j5j	pdb_00007lm9
pdb_00008j5j	pdb_00007lop
pdb_00008j5j	pdb_00007lq7
pdb_00008j5j	pdb_00007lrs
pdb_00008j5j	pdb_00007m6d
pdb_00008j5j	pdb_00007m7w
pdb_00008j5j	pdb_00007mdw
pdb_00008j5j	pdb_00007me7
pdb_00008j5j	pdb_00007mej
pdb_00008j5j	pdb_00007mf1
pdb_00008j5j	pdb_00007mfu
pdb_00008j5j	pdb_00007mkm
pdb_00008j5j	pdb_00007mlz
pdb_00008j5j	pdb_00007mmo
pdb_00008j5j	pdb_00007msq
pdb_00008j5j	pdb_00007mzf
pdb_00008j5j	pdb_00007mzg
pdb_00008j5j	pdb_00007mzh
pdb_00008j5j	pdb_00007mzi
pdb_00008j5j	pdb_00007mzj
pdb_00008j5j	pdb_00007mzk
pdb_00008j5j	pdb_00007mzl
pdb_00008j5j	pdb_00007mzm
pdb_00008j5j	pdb_00007mzn
pdb_00008j5j	pdb_00007n3i
pdb_00008j5j	pdb_00007n4i
pdb_00008j5j	pdb_00007n4j
pdb_00008j5j	pdb_00007n4l
pdb_00008j5j	pdb_00007n4m
pdb_00008j5j	pdb_00007n9a
pdb_00008j5j	pdb_00007neg
pdb_00008j5j	pdb_00007neh
pdb_00008j5j	pdb_00007nkt
pdb_00008j5j	pdb_00007nll
pdb_00008j5j	pdb_00007np1
pdb_00008j5j	pdb_00007nx6
pdb_00008j5j	pdb_00007nx7
pdb_00008j5j	pdb_00007nx8
pdb_00008j5j	pdb_00007nx9
pdb_00008j5j	pdb_00007nxa
pdb_00008j5j	pdb_00007nxb
pdb_00008j5j	pdb_00007oao
pdb_00008j5j	pdb_00007oap
pdb_00008j5j	pdb_00007oaq
pdb_00008j5j	pdb_00007oau
pdb_00008j5j	pdb_00007oay
pdb_00008j5j	pdb_00007olz
pdb_00008j5j	pdb_00007or9
pdb_00008j5j	pdb_00007ora
pdb_00008j5j	pdb_00007orb
pdb_00008j5j	pdb_00007phg
pdb_00008j5j	pdb_00007pqy
pdb_00008j5j	pdb_00007pqz
pdb_00008j5j	pdb_00007pr0
pdb_00008j5j	pdb_00007pry
pdb_00008j5j	pdb_00007prz
pdb_00008j5j	pdb_00007ps0
pdb_00008j5j	pdb_00007ps1
pdb_00008j5j	pdb_00007ps2
pdb_00008j5j	pdb_00007ps4
pdb_00008j5j	pdb_00007ps5
pdb_00008j5j	pdb_00007ps6
pdb_00008j5j	pdb_00007ps7
pdb_00008j5j	pdb_00007q0g
pdb_00008j5j	pdb_00007q0h
pdb_00008j5j	pdb_00007q3q
pdb_00008j5j	pdb_00007q3r
pdb_00008j5j	pdb_00007qez
pdb_00008j5j	pdb_00007qf0
pdb_00008j5j	pdb_00007qf1
pdb_00008j5j	pdb_00007qnw
pdb_00008j5j	pdb_00007qnx
pdb_00008j5j	pdb_00007qny
pdb_00008j5j	pdb_00007r6w
pdb_00008j5j	pdb_00007r6x
pdb_00008j5j	pdb_00007r8l
pdb_00008j5j	pdb_00007rby
pdb_00008j5j	pdb_00007rks
pdb_00008j5j	pdb_00007rr0
pdb_00008j5j	pdb_00007s0b
pdb_00008j5j	pdb_00007s4s
pdb_00008j5j	pdb_00007s5p
pdb_00008j5j	pdb_00007s5q
pdb_00008j5j	pdb_00007s5r
pdb_00008j5j	pdb_00007s83
pdb_00008j5j	pdb_00007sbu
pdb_00008j5j	pdb_00007sd5
pdb_00008j5j	pdb_00007si2
pdb_00008j5j	pdb_00007spo
pdb_00008j5j	pdb_00007spp
pdb_00008j5j	pdb_00007swn
pdb_00008j5j	pdb_00007swo
pdb_00008j5j	pdb_00007swp
pdb_00008j5j	pdb_00007t01
pdb_00008j5j	pdb_00007t72
pdb_00008j5j	pdb_00007t7b
pdb_00008j5j	pdb_00007tbf
pdb_00008j5j	pdb_00007tc9
pdb_00008j5j	pdb_00007te1
pdb_00008j5j	pdb_00007the
pdb_00008j5j	pdb_00007tn0
pdb_00008j5j	pdb_00007tp3
pdb_00008j5j	pdb_00007tp4
pdb_00008j5j	pdb_00007ttm
pdb_00008j5j	pdb_00007ttx
pdb_00008j5j	pdb_00007tty
pdb_00008j5j	pdb_00007u0d
pdb_00008j5j	pdb_00007u2d
pdb_00008j5j	pdb_00007u2e
pdb_00008j5j	pdb_00007u8e
pdb_00008j5j	pdb_00007ul0
pdb_00008j5j	pdb_00007ul1
pdb_00008j5j	pdb_00007urq
pdb_00008j5j	pdb_00007urs
pdb_00008j5j	pdb_00007uzc
pdb_00008j5j	pdb_00007uzd
pdb_00008j5j	pdb_00007v27
pdb_00008j5j	pdb_00007vmu
pdb_00008j5j	pdb_00007vnb
pdb_00008j5j	pdb_00007voa
pdb_00008j5j	pdb_00007vyr
pdb_00008j5j	pdb_00007vzt
pdb_00008j5j	pdb_00007w1s
pdb_00008j5j	pdb_00007w9f
pdb_00008j5j	pdb_00007wb5
pdb_00008j5j	pdb_00007wbz
pdb_00008j5j	pdb_00007wck
pdb_00008j5j	pdb_00007wcu
pdb_00008j5j	pdb_00007wd1
pdb_00008j5j	pdb_00007wd2
pdb_00008j5j	pdb_00007wed
pdb_00008j5j	pdb_00007wef
pdb_00008j5j	pdb_00007whz
pdb_00008j5j	pdb_00007wi0
pdb_00008j5j	pdb_00007wk0
pdb_00008j5j	pdb_00007wlc
pdb_00008j5j	pdb_00007wn2
pdb_00008j5j	pdb_00007wnb
pdb_00008j5j	pdb_00007wo7
pdb_00008j5j	pdb_00007woc
pdb_00008j5j	pdb_00007wog
pdb_00008j5j	pdb_00007won
pdb_00008j5j	pdb_00007wop
pdb_00008j5j	pdb_00007wp0
pdb_00008j5j	pdb_00007wp1
pdb_00008j5j	pdb_00007wp2
pdb_00008j5j	pdb_00007wp5
pdb_00008j5j	pdb_00007wp6
pdb_00008j5j	pdb_00007wp8
pdb_00008j5j	pdb_00007wqv
pdb_00008j5j	pdb_00007wr8
pdb_00008j5j	pdb_00007wr9
pdb_00008j5j	pdb_00007wrj
pdb_00008j5j	pdb_00007wrl
pdb_00008j5j	pdb_00007wro
pdb_00008j5j	pdb_00007wry
pdb_00008j5j	pdb_00007wrz
pdb_00008j5j	pdb_00007ws2
pdb_00008j5j	pdb_00007ws6
pdb_00008j5j	pdb_00007ws7
pdb_00008j5j	pdb_00007wsc
pdb_00008j5j	pdb_00007wtg
pdb_00008j5j	pdb_00007wth
pdb_00008j5j	pdb_00007wtj
pdb_00008j5j	pdb_00007wue
pdb_00008j5j	pdb_00007wvl
pdb_00008j5j	pdb_00007wwk
pdb_00008j5j	pdb_00007x1m
pdb_00008j5j	pdb_00007x2h
pdb_00008j5j	pdb_00007x2j
pdb_00008j5j	pdb_00007x2k
pdb_00008j5j	pdb_00007x2l
pdb_00008j5j	pdb_00007x2m
pdb_00008j5j	pdb_00007x4i
pdb_00008j5j	pdb_00007x63
pdb_00008j5j	pdb_00007x66
pdb_00008j5j	pdb_00007x7d
pdb_00008j5j	pdb_00007x7e
pdb_00008j5j	pdb_00007x7o
pdb_00008j5j	pdb_00007x7t
pdb_00008j5j	pdb_00007x7u
pdb_00008j5j	pdb_00007x7v
pdb_00008j5j	pdb_00007xck
pdb_00008j5j	pdb_00007xcp
pdb_00008j5j	pdb_00007xcz
pdb_00008j5j	pdb_00007xda
pdb_00008j5j	pdb_00007xeg
pdb_00008j5j	pdb_00007xei
pdb_00008j5j	pdb_00007xik
pdb_00008j5j	pdb_00007xil
pdb_00008j5j	pdb_00007xj9
pdb_00008j5j	pdb_00007xnf
pdb_00008j5j	pdb_00007xs8
pdb_00008j5j	pdb_00007xsa
pdb_00008j5j	pdb_00007xsb
pdb_00008j5j	pdb_00007xsw
pdb_00008j5j	pdb_00007xxl
pdb_00008j5j	pdb_00007y0c
pdb_00008j5j	pdb_00007y0o
pdb_00008j5j	pdb_00007y0v
pdb_00008j5j	pdb_00007y3n
pdb_00008j5j	pdb_00007y3o
pdb_00008j5j	pdb_00007yad
pdb_00008j5j	pdb_00007yck
pdb_00008j5j	pdb_00007ycl
pdb_00008j5j	pdb_00007ycn
pdb_00008j5j	pdb_00007yd1
pdb_00008j5j	pdb_00007ydi
pdb_00008j5j	pdb_00007yh6
pdb_00008j5j	pdb_00007yow
pdb_00008j5j	pdb_00007yr0
pdb_00008j5j	pdb_00007ytn
pdb_00008j5j	pdb_00007z0x
pdb_00008j5j	pdb_00007z0y
pdb_00008j5j	pdb_00007z1a
pdb_00008j5j	pdb_00007z1b
pdb_00008j5j	pdb_00007z1c
pdb_00008j5j	pdb_00007z1d
pdb_00008j5j	pdb_00007z1e
pdb_00008j5j	pdb_00007zf3
pdb_00008j5j	pdb_00007zf4
pdb_00008j5j	pdb_00007zf5
pdb_00008j5j	pdb_00007zf8
pdb_00008j5j	pdb_00007zf9
pdb_00008j5j	pdb_00007zfa
pdb_00008j5j	pdb_00007zfb
pdb_00008j5j	pdb_00007zfd
pdb_00008j5j	pdb_00007zfe
pdb_00008j5j	pdb_00007zxu
pdb_00008j5j	pdb_00008a96
pdb_00008j5j	pdb_00008bbn
pdb_00008j5j	pdb_00008bbo
pdb_00008j5j	pdb_00008bcz
pdb_00008j5j	pdb_00008be1
pdb_00008j5j	pdb_00008bec
pdb_00008j5j	pdb_00008bg1
pdb_00008j5j	pdb_00008bg2
pdb_00008j5j	pdb_00008bg3
pdb_00008j5j	pdb_00008bg4
pdb_00008j5j	pdb_00008bg5
pdb_00008j5j	pdb_00008bh5
pdb_00008j5j	pdb_00008bse
pdb_00008j5j	pdb_00008bsf
pdb_00008j5j	pdb_00008c0y
pdb_00008j5j	pdb_00008c3v
pdb_00008j5j	pdb_00008c89
pdb_00008j5j	pdb_00008cbd
pdb_00008j5j	pdb_00008cbe
pdb_00008j5j	pdb_00008cbf
pdb_00008j5j	pdb_00008cii
pdb_00008j5j	pdb_00008cma
pdb_00008j5j	pdb_00008cwi
pdb_00008j5j	pdb_00008cwj
pdb_00008j5j	pdb_00008cwk
pdb_00008j5j	pdb_00008cwu
pdb_00008j5j	pdb_00008cwv
pdb_00008j5j	pdb_00008dnn
pdb_00008j5j	pdb_00008dpz
pdb_00008j5j	pdb_00008dtk
pdb_00008j5j	pdb_00008dw2
pdb_00008j5j	pdb_00008dw3
pdb_00008j5j	pdb_00008dw9
pdb_00008j5j	pdb_00008dwa
pdb_00008j5j	pdb_00008dxt
pdb_00008j5j	pdb_00008dxu
pdb_00008j5j	pdb_00008edf
pdb_00008j5j	pdb_00008ekd
pdb_00008j5j	pdb_00008el2
pdb_00008j5j	pdb_00008elo
pdb_00008j5j	pdb_00008elp
pdb_00008j5j	pdb_00008elq
pdb_00008j5j	pdb_00008eoo
pdb_00008j5j	pdb_00008eqf
pdb_00008j5j	pdb_00008f0i
pdb_00008j5j	pdb_00008f2j
pdb_00008j5j	pdb_00008f2x
pdb_00008j5j	pdb_00008fah
pdb_00008j5j	pdb_00008fhy
pdb_00008j5j	pdb_00008fi9
pdb_00008j5j	pdb_00008fxb
pdb_00008j5j	pdb_00008fxc
pdb_00008j5j	pdb_00008gb5
pdb_00008j5j	pdb_00008gb6
pdb_00008j5j	pdb_00008gb7
pdb_00008j5j	pdb_00008gb8
pdb_00008j5j	pdb_00008gf2
pdb_00008j5j	pdb_00008gjn
pdb_00008j5j	pdb_00008gpy
pdb_00008j5j	pdb_00008gs9
pdb_00008j5j	pdb_00008gsb
pdb_00008j5j	pdb_00008gx9
pdb_00008j5j	pdb_00008gz5
pdb_00008j5j	pdb_00008gzz
pdb_00008j5j	pdb_00008h5t
pdb_00008j5j	pdb_00008h5u
pdb_00008j5j	pdb_00008h7z
pdb_00008j5j	pdb_00008h91
pdb_00008j5j	pdb_00008hc6
pdb_00008j5j	pdb_00008hc8
pdb_00008j5j	pdb_00008hed
pdb_00008j5j	pdb_00008hes
pdb_00008j5j	pdb_00008hn6
pdb_00008j5j	pdb_00008hn7
pdb_00008j5j	pdb_00008hpf
pdb_00008j5j	pdb_00008hpu
pdb_00008j5j	pdb_00008hq7
pdb_00008j5j	pdb_00008hr2
pdb_00008j5j	pdb_00008hrd
pdb_00008j5j	pdb_00008hws
pdb_00008j5j	pdb_00008hwt
pdb_00008j5j	pdb_00008i5h
pdb_00008j5j	pdb_00008i5i
pdb_00008j5j	pdb_00008idn
pdb_00008j5j	pdb_00008iv4
pdb_00008j5j	pdb_00008iv5
pdb_00008j5j	pdb_00008iva
pdb_00008j5j	pdb_00008ix3
pdb_00008j5j	pdb_00008j1q
pdb_00008j5j	pdb_00008j1t
pdb_00008j5j	pdb_00008j26
pdb_00008j5j	pdb_00008jys
pdb_00008j5j	pdb_00008k18
pdb_00008j5j	pdb_00008k19
pdb_00008j5j	pdb_00008k3k
pdb_00008j5j	pdb_00008k5g
pdb_00008j5j	pdb_00008khd
pdb_00008j5j	pdb_00008owt
pdb_00008j5j	pdb_00008owv
pdb_00008j5j	pdb_00008oww
pdb_00008j5j	pdb_00008p5m
pdb_00008j5j	pdb_00008pq2
pdb_00008j5j	pdb_00008q7s
pdb_00008j5j	pdb_00008q93
pdb_00008j5j	pdb_00008q94
pdb_00008j5j	pdb_00008q95
pdb_00008j5j	pdb_00008qh0
pdb_00008j5j	pdb_00008qh1
pdb_00008j5j	pdb_00008qrf
pdb_00008j5j	pdb_00008qrg
pdb_00008j5j	pdb_00008qzr
pdb_00008j5j	pdb_00008r80
pdb_00008j5j	pdb_00008rby
pdb_00008j5j	pdb_00008rj7
pdb_00008j5j	pdb_00008rrn
pdb_00008j5j	pdb_00008s9g
pdb_00008j5j	pdb_00008sdf
pdb_00008j5j	pdb_00008sdg
pdb_00008j5j	pdb_00008sdh
pdb_00008j5j	pdb_00008siq
pdb_00008j5j	pdb_00008sir
pdb_00008j5j	pdb_00008sis
pdb_00008j5j	pdb_00008sit
pdb_00008j5j	pdb_00008sk5
pdb_00008j5j	pdb_00008smi
pdb_00008j5j	pdb_00008smt
pdb_00008j5j	pdb_00008suo
pdb_00008j5j	pdb_00008v4f
pdb_00008j5j	pdb_00008wcg
pdb_00008j5j	pdb_00008we4
pdb_00008j5j	pdb_00008wfh
pdb_00008j5j	pdb_00008wfm
pdb_00008j5j	pdb_00008wpw
pdb_00008j5j	pdb_00008wpy
pdb_00008j5j	pdb_00008x0x
pdb_00008j5j	pdb_00008x0y
pdb_00008j5j	pdb_00008xe9
pdb_00008j5j	pdb_00008xef
pdb_00008j5j	pdb_00008xk2
pdb_00008j5j	pdb_00008xrq
pdb_00008j5j	pdb_00008xse
pdb_00008j5j	pdb_00008xsf
pdb_00008j5j	pdb_00008xsi
pdb_00008j5j	pdb_00008xsj
pdb_00008j5j	pdb_00008xxw
pdb_00008j5j	pdb_00008y6a
pdb_00008j5j	pdb_00008yk4
pdb_00008j5j	pdb_00008yub
pdb_00008j5j	pdb_00008yuc
pdb_00008j5j	pdb_00008ywe
pdb_00008j5j	pdb_00008z2e
pdb_00008j5j	pdb_00008z86
pdb_00008j5j	pdb_00008zc1
pdb_00008j5j	pdb_00008zc5
pdb_00008j5j	pdb_00008zer
pdb_00008j5j	pdb_00008zes
pdb_00008j5j	pdb_00008zpq
pdb_00008j5j	pdb_00008zrd
pdb_00008j5j	pdb_00008zyf
pdb_00008j5j	pdb_00009au1
pdb_00008j5j	pdb_00009b82
pdb_00008j5j	pdb_00009c6y
pdb_00008j5j	pdb_00009c7s
pdb_00008j5j	pdb_00009cfe
pdb_00008j5j	pdb_00009cff
pdb_00008j5j	pdb_00009cfg
pdb_00008j5j	pdb_00009cfh
pdb_00008j5j	pdb_00009cpp
pdb_00008j5j	pdb_00009cpq
pdb_00008j5j	pdb_00009cpr
pdb_00008j5j	pdb_00009cps
pdb_00008j5j	pdb_00009cpt
pdb_00008j5j	pdb_00009cpu
pdb_00008j5j	pdb_00009cpv
pdb_00008j5j	pdb_00009cpw
pdb_00008j5j	pdb_00009cpx
pdb_00008j5j	pdb_00009cpy
pdb_00008j5j	pdb_00009dsg
pdb_00008j5j	pdb_00009e21
pdb_00008j5j	pdb_00009fc2
pdb_00008j5j	pdb_00009iqp
pdb_00008j5j	pdb_00009j66
pdb_00008j5j	pdb_00009jeb
pdb_00008j5j	pdb_00009k6y
pdb_00008j5j	pdb_00009kvd
pdb_00008j5j	pdb_00009kve
pdb_00008j5j	pdb_00009kvj
pdb_00008j5j	pdb_00009kvk
pdb_00008j5j	pdb_00009kvq
pdb_00008j5j	pdb_00009kvt
pdb_00008j5j	pdb_00009kwy
pdb_00008j5j	pdb_00009l6c
pdb_00008j5j	pdb_00009lae
pdb_00008j5j	pdb_00009lbs
pdb_00008j5j	pdb_00009le9
pdb_00008j5j	pdb_00009lf4
pdb_00008j5j	pdb_00009lf5
pdb_00008j5j	pdb_00009lfo
pdb_00008j5j	pdb_00009lfp
pdb_00008j5j	pdb_00009lh2
pdb_00008j5j	pdb_00009loz
pdb_00008j5j	pdb_00009lp1
pdb_00008j5j	pdb_00009lyp
pdb_00008j5j	pdb_00009ml8
pdb_00008j5j	pdb_00009ml9
pdb_00008j5j	pdb_00009psn
pdb_00008j5j	pdb_00009pso
pdb_00008j5j	pdb_00009psp
pdb_00008j5j	pdb_00009sat
pdb_00008j5j	pdb_00009sbb
pdb_00008j5j	pdb_00009ssm
pdb_00008j5j	pdb_00009tvt
pdb_00008j5j	pdb_00009uhf
pdb_00008j5j	pdb_00009uhg
pdb_00008j5j	pdb_00009uhh
pdb_00008j5j	pdb_00009uhq
pdb_00008j5j	pdb_00009w14
pdb_00008j5j	pdb_00009wla
pdb_00008j5j	pdb_00009wlb
pdb_00008j5j	pdb_00009ynx
pdb_00008j5j	pdb_00009zdu
pdb_00008j5j	pdb_00008dce
pdb_00008j5j	pdb_00006xdg
pdb_00008j5j	pdb_00007m42
pdb_00008j5j	pdb_00007y7k
pdb_00008j5j	pdb_00008dcc
pdb_00008j5j	pdb_00009k6j
pdb_00008j5j	pdb_00007xsc
pdb_00008j5j	pdb_00008df5
pdb_00008j5j	pdb_00008s6m
pdb_00008j5j	pdb_00009utf
pdb_00008j5j	pdb_00006xe1
pdb_00008j5j	pdb_00007fcp
pdb_00008j5j	pdb_00007m3i
pdb_00008j5j	pdb_00007wh8
pdb_00008j5j	pdb_00007wph
pdb_00008j5j	pdb_00008e1g
pdb_00008j5j	pdb_00009kvf
pdb_00008j6f	pdb_00008j6f
pdb_00008j6f	pdb_00008iow
pdb_00008j7e	pdb_00008j7e
pdb_00008j7e	pdb_00006cbv
pdb_00008j7e	pdb_00007xrz
pdb_00008j7e	pdb_00009dvb
pdb_00008j7e	pdb_00009dvc
pdb_00008j7e	pdb_00009tmp
pdb_00008j80	pdb_00008j80
pdb_00008j80	pdb_00008j7t
pdb_00008j80	pdb_00008j7u
pdb_00008j80	pdb_00008j7v
pdb_00008j80	pdb_00008j7w
pdb_00008j80	pdb_00008j7x
pdb_00008j80	pdb_00008j7y
pdb_00008j97	pdb_00008j97
pdb_00008j97	pdb_00006ni2
pdb_00008j97	pdb_00007df9
pdb_00008j97	pdb_00007dfa
pdb_00008j97	pdb_00007dfb
pdb_00008j97	pdb_00007dfc
pdb_00008j97	pdb_00008as2
pdb_00008j97	pdb_00008as3
pdb_00008j97	pdb_00008go8
pdb_00008j97	pdb_00008go9
pdb_00008j97	pdb_00008goc
pdb_00008j97	pdb_00008goo
pdb_00008j97	pdb_00008gp3
pdb_00008j97	pdb_00008i0n
pdb_00008j97	pdb_00008i0q
pdb_00008j97	pdb_00008i0z
pdb_00008j97	pdb_00008i10
pdb_00008j97	pdb_00008j8r
pdb_00008j97	pdb_00008j8v
pdb_00008j97	pdb_00008j8z
pdb_00008j97	pdb_00008j9k
pdb_00008j97	pdb_00008ja3
pdb_00008j97	pdb_00008jaf
pdb_00008j97	pdb_00008tii
pdb_00008j97	pdb_00008til
pdb_00008j97	pdb_00008tin
pdb_00008j97	pdb_00008tio
pdb_00008j97	pdb_00008vj9
pdb_00008j97	pdb_00008wrz
pdb_00008j97	pdb_00008wu1
pdb_00008j97	pdb_00008zyt
pdb_00008j97	pdb_00008zyu
pdb_00008j97	pdb_00008zyy
pdb_00008j97	pdb_00009e82
pdb_00008j97	pdb_00009ky2
pdb_00008j97	pdb_00009kyu
pdb_00008j97	pdb_00009lxp
pdb_00008j97	pdb_00009lxr
pdb_00008j97	pdb_00009ly2
pdb_00008j97	pdb_00009ly3
pdb_00008j97	pdb_00009lz0
pdb_00008j97	pdb_00009lz2
pdb_00008j97	pdb_00009mba
pdb_00008j97	pdb_00009uco
pdb_00008j97	pdb_00009uyh
pdb_00008j97	pdb_00009uyi
pdb_00008j97	pdb_00009uyj
pdb_00008j97	pdb_00009uym
pdb_00008j97	pdb_00009zzo
pdb_00008j9o	pdb_00008j9o
pdb_00008j9o	pdb_00006ww2
pdb_00008j9o	pdb_00008jh7
pdb_00008j9o	pdb_00008jhc
pdb_00008jg5	pdb_00008jg5
pdb_00008jgg	pdb_00008jgg
pdb_00008jgg	pdb_00007x1u
pdb_00008jgg	pdb_00008jgb
pdb_00008jh5	pdb_00008jh5
pdb_00008jh5	pdb_00007y9t
pdb_00008jh5	pdb_00007y9u
pdb_00008jh5	pdb_00007y9v
pdb_00009ho4	pdb_00009ho4
pdb_00009ho4	pdb_00009ho5
pdb_00009ho4	pdb_00009ho6
pdb_00009hub	pdb_00009hub
pdb_00009hub	pdb_00009fys
pdb_00009hur	pdb_00009hur
pdb_00009hur	pdb_00009hq5
pdb_00009hv9	pdb_00009hv9
pdb_00009hva	pdb_00009hva
pdb_00009hvl	pdb_00009hvl
pdb_00009hvl	pdb_00009hlw
pdb_00009hvl	pdb_00009hvi
pdb_00009hvl	pdb_00009hvk
pdb_00009hzk	pdb_00009hzk
pdb_00009hzk	pdb_00006b0s
pdb_00009hzk	pdb_00009hzj
pdb_00009i3p	pdb_00009i3p
pdb_00009i3p	pdb_00009iaz
pdb_00009i5n	pdb_00009i5n
pdb_00009i5n	pdb_00001i9r
pdb_00009i5n	pdb_00006w9g
pdb_00009i5n	pdb_00007sgm
pdb_00009ia3	pdb_00009ia3
pdb_00009ias	pdb_00009ias
pdb_00009ias	pdb_00009iar
pdb_00009ijs	pdb_00009ijs
pdb_00009ijs	pdb_00009ijr
pdb_00009ima	pdb_00009ima
pdb_00009ind	pdb_00009ind
pdb_00009ipa	pdb_00009ipa
pdb_00009ipa	pdb_00001sy6
pdb_00009ipa	pdb_00009ip8
pdb_00009ipa	pdb_00009ip9
pdb_00009ish	pdb_00009ish
pdb_00009ish	pdb_00003w9e
pdb_00009ish	pdb_00009isf
pdb_00009ish	pdb_00009my8
pdb_00009iut	pdb_00009iut
pdb_00009iut	pdb_00008jyq
pdb_00009ivk	pdb_00009ivk
pdb_00009iya	pdb_00009iya
pdb_00009iyy	pdb_00009iyy
pdb_00009iyy	pdb_00009u9b
pdb_00009iyy	pdb_00009ubq
pdb_00009j3o	pdb_00009j3o
pdb_00009j3o	pdb_00009j3j
pdb_00009j3o	pdb_00009j3l
pdb_00009j3o	pdb_00009j3m
pdb_00009j3o	pdb_00009j3n
pdb_00009j4c	pdb_00009j4c
pdb_00006bah	pdb_00006bah
pdb_00006bah	pdb_00004hjg
pdb_00006bah	pdb_00004hkz
pdb_00006bah	pdb_00004ioi
pdb_00006bah	pdb_00005u5f
pdb_00006bah	pdb_00005u5m
pdb_00006bah	pdb_00005u6a
pdb_00006bah	pdb_00006b9y
pdb_00006bah	pdb_00006b9z
pdb_00006bah	pdb_00006bae
pdb_00006bah	pdb_00009m6j
pdb_00006bah	pdb_00009m6o
pdb_00006bah	pdb_00003qwo
pdb_00006ban	pdb_00006ban
pdb_00006ban	pdb_00006ba5
pdb_00006ban	pdb_00006osh
pdb_00006ban	pdb_00006osv
pdb_00006bdz	pdb_00006bdz
pdb_00006bdz	pdb_00008esv
pdb_00006bf9	pdb_00006bf9
pdb_00006bf9	pdb_00004iof
pdb_00006bf9	pdb_00004m1c
pdb_00006bf9	pdb_00005cjo
pdb_00006bf9	pdb_00005uoe
pdb_00006bf9	pdb_00005wob
pdb_00006bf9	pdb_00006b70
pdb_00006bf9	pdb_00006b7z
pdb_00006bf9	pdb_00006bf7
pdb_00006bfs	pdb_00006bfs
pdb_00006bfs	pdb_00005c7x
pdb_00006bfs	pdb_00005d70
pdb_00006bfs	pdb_00005d71
pdb_00006bfs	pdb_00005d72
pdb_00006bfs	pdb_00006bfq
pdb_00006bfs	pdb_00009jkr
pdb_00006bli	pdb_00006bli
pdb_00006bli	pdb_00005wna
pdb_00006bli	pdb_00006blh
pdb_00006bli	pdb_00006uvo
pdb_00006bli	pdb_00007t8w
pdb_00006bli	pdb_00009cqa
pdb_00006bli	pdb_00009cqb
pdb_00006bli	pdb_00009cqd
pdb_00006bp2	pdb_00006bp2
pdb_00006bp2	pdb_00005uqy
pdb_00006bp2	pdb_00009njl
pdb_00006bp2	pdb_00009npt
pdb_00006c08	pdb_00006c08
pdb_00006c08	pdb_00007kgv
pdb_00006c5w	pdb_00006c5w
pdb_00006c9u	pdb_00006c9u
pdb_00006c9u	pdb_000011sz
pdb_00006c9u	pdb_00008ee0
pdb_00006c9u	pdb_00008ee1
pdb_00006cbp	pdb_00006cbp
pdb_00006cdm	pdb_00006cdm
pdb_00006cdo	pdb_00006cdo
pdb_00006cdp	pdb_00006cdp
pdb_00006ce0	pdb_00006ce0
pdb_00006ce0	pdb_00005cez
pdb_00006ce0	pdb_00005cjx
pdb_00006ce0	pdb_00005fyj
pdb_00006ce0	pdb_00005fyk
pdb_00006ce0	pdb_00005fyl
pdb_00006ce0	pdb_00005u7m
pdb_00006ce0	pdb_00005u7o
pdb_00006ce0	pdb_00005uty
pdb_00006ce0	pdb_00006cde
pdb_00006ce0	pdb_00006cdi
pdb_00006ce0	pdb_00006ch7
pdb_00006ce0	pdb_00006ch8
pdb_00006ce0	pdb_00006ch9
pdb_00006ce0	pdb_00006ck9
pdb_00006ce0	pdb_00006de7
pdb_00006ce0	pdb_00006ieq
pdb_00006ce0	pdb_00006mco
pdb_00006ce0	pdb_00006mdt
pdb_00006ce0	pdb_00006mpg
pdb_00006ce0	pdb_00006mph
pdb_00006ce0	pdb_00006mtj
pdb_00006ce0	pdb_00006mtn
pdb_00006ce0	pdb_00006mu6
pdb_00006ce0	pdb_00006mu7
pdb_00006ce0	pdb_00006mu8
pdb_00006ce0	pdb_00006muf
pdb_00006ce0	pdb_00006mug
pdb_00006ce0	pdb_00006nm6
pdb_00006ce0	pdb_00006nnf
pdb_00006ce0	pdb_00006nnj
pdb_00006ce0	pdb_00006ot1
pdb_00006ce0	pdb_00006vzi
pdb_00006ce0	pdb_00006w03
pdb_00006ce0	pdb_00006wix
pdb_00006ce0	pdb_00007mxe
pdb_00006ce0	pdb_00008fr6
pdb_00006ce0	pdb_00008g4t
pdb_00006ce0	pdb_00008g9w
pdb_00006ce0	pdb_00008g9x
pdb_00006ce0	pdb_00008g9y
pdb_00006ce0	pdb_00008tgo
pdb_00006ce0	pdb_00008tjs
pdb_00006ce0	pdb_00008tnu
pdb_00006ce0	pdb_00008tox
pdb_00006ce0	pdb_00009evz
pdb_00006ce0	pdb_00009f02
pdb_00006ce0	pdb_00009pni
pdb_00006ce0	pdb_00009pnn
pdb_00006ce0	pdb_00008dua
pdb_00006cez	pdb_00006cez
pdb_00006cf2	pdb_00006cf2
pdb_00006cf2	pdb_00002x7l
pdb_00006co3	pdb_00006co3
pdb_00006co3	pdb_00005csz
pdb_00006csf	pdb_00006csf
pdb_00006csf	pdb_00006cse
pdb_00006ct7	pdb_00006ct7
pdb_00006cw3	pdb_00006cw3
pdb_00006cwt	pdb_00006cwt
pdb_00006cwt	pdb_00003v6z
pdb_00006cwt	pdb_00006cvk
pdb_00006cwt	pdb_00006cwd
pdb_00006cwt	pdb_00008zre
pdb_00006cwt	pdb_00008zrh
pdb_00006cwt	pdb_00008zrr
pdb_00006cwt	pdb_00009lbw
pdb_00006cyf	pdb_00006cyf
pdb_00006cyf	pdb_00009fm0
pdb_00006cyf	pdb_00009jbq
pdb_00006d9w	pdb_00006d9w
pdb_00006d9w	pdb_00005kte
pdb_00006db5	pdb_00006db5
pdb_00006db5	pdb_00003mlr
pdb_00006db5	pdb_00003mlv
pdb_00006db9	pdb_00006db9
pdb_00006db9	pdb_00006db8
pdb_00006dbg	pdb_00006dbg
pdb_00006dc9	pdb_00006dc9
pdb_00006dc9	pdb_00006bb4
pdb_00006dc9	pdb_00006dc8
pdb_00006dc9	pdb_00006dca
pdb_00006dcw	pdb_00006dcw
pdb_00007rqq	pdb_00007rqq
pdb_00007rqr	pdb_00007rqr
pdb_00007rta	pdb_00007rta
pdb_00007rta	pdb_00007rt9
pdb_00007rug	pdb_00007rug
pdb_00007rug	pdb_00007ru6
pdb_00007ryc	pdb_00007ryc
pdb_00007ryc	pdb_000024xy
pdb_00007s0x	pdb_00007s0x
pdb_00007s0x	pdb_00007rxi
pdb_00007s0x	pdb_00007rxj
pdb_00007s0x	pdb_00007rxl
pdb_00007s0x	pdb_00007rxp
pdb_00007s0x	pdb_00009ncy
pdb_00007s11	pdb_00007s11
pdb_00007s11	pdb_00007s13
pdb_00007s2s	pdb_00007s2s
pdb_00007s3m	pdb_00007s3m
pdb_00007s3m	pdb_00007m55
pdb_00007s3m	pdb_00007m52
pdb_00007s4g	pdb_00007s4g
pdb_00007s6d	pdb_00007s6d
pdb_00007s6d	pdb_00007s6c
pdb_00007s6d	pdb_00007m7h
pdb_00007s6d	pdb_00007m7e
pdb_00007s6d	pdb_00007m7f
pdb_00007s6d	pdb_00007m7g
pdb_00007s6d	pdb_00007m7i
pdb_00007s6d	pdb_00007m7j
pdb_00007s6d	pdb_00008tjn
pdb_00007s6d	pdb_00008tjo
pdb_00007s6d	pdb_00008tpw
pdb_00007s6d	pdb_00008tpx
pdb_00007s6d	pdb_00009pat
pdb_00007s6d	pdb_00009pc6
pdb_00007s7r	pdb_00007s7r
pdb_00007s8h	pdb_00007s8h
pdb_00007s8h	pdb_00008t5c
pdb_00007s8h	pdb_00008dmh
pdb_00007sbg	pdb_00007sbg
pdb_00007sbg	pdb_00007sbd
pdb_00007sfx	pdb_00007sfx
pdb_00007sgf	pdb_00007sgf
pdb_00007sht	pdb_00007sht
pdb_00007sht	pdb_00004j4p
pdb_00007sht	pdb_00005g64
pdb_00007sht	pdb_00006eyo
pdb_00007sjn	pdb_00007sjn
pdb_00007sjn	pdb_00007sjo
pdb_00007sjp	pdb_00007sjp
pdb_00008kdi	pdb_00008kdi
pdb_00008kdi	pdb_00006jmq
pdb_00008kdi	pdb_00006jmr
pdb_00008kdi	pdb_00008kdd
pdb_00008kdi	pdb_00008kdg
pdb_00008kei	pdb_00008kei
pdb_00008kei	pdb_00008wej
pdb_00008kei	pdb_00008x2l
pdb_00008og0	pdb_00008og0
pdb_00008oi2	pdb_00008oi2
pdb_00008oi2	pdb_00004hgk
pdb_00008oi2	pdb_00004hgm
pdb_00008oi2	pdb_00005vnw
pdb_00008oi2	pdb_00006m58
pdb_00008oi2	pdb_00008y9s
pdb_00008oi2	pdb_00008y9t
pdb_00008oi2	pdb_00008y9u
pdb_00008oi2	pdb_00008z8v
pdb_00008oi2	pdb_00009q6h
pdb_00008oi2	pdb_00009q6n
pdb_00008oi2	pdb_00009q6y
pdb_00008oi2	pdb_00009q6z
pdb_00008ol9	pdb_00008ol9
pdb_00008ol9	pdb_00007ahu
pdb_00008ol9	pdb_00007ahv
pdb_00008ol9	pdb_00008cn9
pdb_00008omu	pdb_00008omu
pdb_00008omu	pdb_00008bvr
pdb_00008omu	pdb_00008bvs
pdb_00008omu	pdb_00008bvt
pdb_00008onk	pdb_00008onk
pdb_00008onk	pdb_00006z7w
pdb_00008onk	pdb_00006z7y
pdb_00008onk	pdb_00006z7z
pdb_00008onk	pdb_00008oni
pdb_00008ont	pdb_00008ont
pdb_00008oo1	pdb_00008oo1
pdb_00008oo1	pdb_00008omz
pdb_00008opr	pdb_00008opr
pdb_00008oq3	pdb_00008oq3
pdb_00008oxx	pdb_00008oxx
pdb_00008oxx	pdb_00008rmx
pdb_00008oxx	pdb_00008rmy
pdb_00008oxy	pdb_00008oxy
pdb_00008oxy	pdb_00008oxv
pdb_00008oxy	pdb_00008oxw
pdb_00008ozb	pdb_00008ozb
pdb_00008p6i	pdb_00008p6i
pdb_00008pe2	pdb_00008pe2
pdb_00008pe2	pdb_00008pe1
pdb_00008pe9	pdb_00008pe9
pdb_00008phw	pdb_00008phw
pdb_00008phw	pdb_00008pg0
pdb_00008phw	pdb_00009cy1
pdb_00008phw	pdb_00009cy3
pdb_00008phw	pdb_00009cy4
pdb_00008pih	pdb_00008pih
pdb_00008pih	pdb_00008pkc
pdb_00008pii	pdb_00008pii
pdb_00008pii	pdb_00007qcq
pdb_00008pii	pdb_00008op0
pdb_00008pii	pdb_00008opi
pdb_00008pjp	pdb_00008pjp
pdb_00008pjp	pdb_00008pij
pdb_00008pjp	pdb_00008piz
pdb_00008pmz	pdb_00008pmz
pdb_00008pmz	pdb_00008pmw
pdb_00008pmz	pdb_00008pmy
pdb_00008pnl	pdb_00008pnl
pdb_00008pnv	pdb_00008pnv
pdb_00008pnv	pdb_00008pnu
pdb_00008pyr	pdb_00008pyr
pdb_00009m72	pdb_00009m72
pdb_00009mfg	pdb_00009mfg
pdb_00009mgb	pdb_00009mgb
pdb_00009mj4	pdb_00009mj4
pdb_00009mjb	pdb_00009mjb
pdb_00009mjb	pdb_00009dm7
pdb_00009mkg	pdb_00009mkg
pdb_00009mkn	pdb_00009mkn
pdb_00009mkn	pdb_00005j3d
pdb_00009mkn	pdb_00006ous
pdb_00009mkn	pdb_00007mmn
pdb_00009mkn	pdb_00007uja
pdb_00009mkn	pdb_00008ulj
pdb_00009mkn	pdb_00009u74
pdb_00009ml3	pdb_00009ml3
pdb_00009ml3	pdb_00003j8v
pdb_00009ml3	pdb_00003j8w
pdb_00009ml3	pdb_00003j8z
pdb_00009ml3	pdb_00003jba
pdb_00009ml3	pdb_00005y9c
pdb_00009ml3	pdb_00005y9f
pdb_00009ml3	pdb_00006bsp
pdb_00009ml3	pdb_00006bt3
pdb_00009ml3	pdb_00007dnh
pdb_00009ml3	pdb_00007dnk
pdb_00009ml3	pdb_00007dnl
pdb_00009ml3	pdb_00007ew5
pdb_00009ml3	pdb_00008yef
pdb_00009ml3	pdb_00008yeg
pdb_00009ml3	pdb_00008yei
pdb_00009ml3	pdb_00009ml1
pdb_00009ml3	pdb_00009ml2
pdb_00009ml3	pdb_00009vwz
pdb_00009ml3	pdb_00009vz8
pdb_00009mla	pdb_00009mla
pdb_00009mlk	pdb_00009mlk
pdb_00009mns	pdb_00009mns
pdb_00009mns	pdb_00006bkb
pdb_00009mns	pdb_00006bkc
pdb_00009mns	pdb_00006bkd
pdb_00009mns	pdb_00006meh
pdb_00009mns	pdb_00006mei
pdb_00009mns	pdb_00006mej
pdb_00009mns	pdb_00006mek
pdb_00009mns	pdb_00006urh
pdb_00009mns	pdb_00006uyg
pdb_00009mns	pdb_00006wo3
pdb_00009mns	pdb_00006wo4
pdb_00009mns	pdb_00007jtf
pdb_00009mns	pdb_00007jtg
pdb_00009mns	pdb_00007rfb
pdb_00009mns	pdb_00007rfc
pdb_00009mns	pdb_00008w0v
pdb_00009mns	pdb_00008w0w
pdb_00009mns	pdb_00008w0x
pdb_00009mns	pdb_00008w0y
pdb_00009mns	pdb_00009mnt
pdb_00009mns	pdb_00009mnu
pdb_00009mns	pdb_00009msc
pdb_00009mns	pdb_00009o3d
pdb_00009mns	pdb_00007mwx
pdb_00009mns	pdb_00007mww
pdb_00009mns	pdb_00008dk6
pdb_00009mns	pdb_00008tgv
pdb_00009mns	pdb_00008tgz
pdb_00009mns	pdb_00008txq
pdb_00009mns	pdb_00008tzy
pdb_00009mns	pdb_00008u9y
pdb_00009mo0	pdb_00009mo0
pdb_00009mo0	pdb_00009mnw
pdb_00009mo0	pdb_00009mnx
pdb_00009mo0	pdb_00009mny
pdb_00009mo0	pdb_00009mnz
pdb_00009mq0	pdb_00009mq0
pdb_00009mq0	pdb_00007d3k
pdb_00009mq0	pdb_00007d3l
pdb_00009mq0	pdb_00008grr
pdb_00009mq0	pdb_00008gsp
pdb_00009mq0	pdb_00008y0q
pdb_00009mq0	pdb_00008y0r
pdb_00009mqr	pdb_00009mqr
pdb_00009mr7	pdb_00009mr7
pdb_00009ms8	pdb_00009ms8
pdb_00009ms8	pdb_00007k65
pdb_00006h0e	pdb_00006h0e
pdb_00006h0e	pdb_00006h06
pdb_00006h3u	pdb_00006h3u
pdb_00006h3u	pdb_00006h3t
pdb_00006h5n	pdb_00006h5n
pdb_00006h5n	pdb_00006e62
pdb_00006h5n	pdb_00006e63
pdb_00006h5n	pdb_00009obn
pdb_00006h72	pdb_00006h72
pdb_00006h72	pdb_00005kw9
pdb_00006h72	pdb_00006h6y
pdb_00006h72	pdb_00006h6z
pdb_00006h72	pdb_00006h70
pdb_00006h72	pdb_00006h71
pdb_00006h72	pdb_00008i5l
pdb_00006h72	pdb_00009bof
pdb_00006h7o	pdb_00006h7o
pdb_00006h7o	pdb_00002r4r
pdb_00006h7o	pdb_00002r4s
pdb_00006h7o	pdb_00003kj6
pdb_00006h7o	pdb_00006h7j
pdb_00006h7o	pdb_00006h7l
pdb_00006h7o	pdb_00006h7m
pdb_00006h7o	pdb_00006h7n
pdb_00006h7o	pdb_00006tko
pdb_00006h7o	pdb_00008jxs
pdb_00006h7o	pdb_00008jxr
pdb_00006hf1	pdb_00006hf1
pdb_00006hf1	pdb_00004ij3
pdb_00006hf1	pdb_00005d93
pdb_00006hf1	pdb_00005d96
pdb_00006hf1	pdb_00008aon
pdb_00006hga	pdb_00006hga
pdb_00006hig	pdb_00006hig
pdb_00006hig	pdb_00005b8c
pdb_00006hig	pdb_00005ggr
pdb_00006hig	pdb_00005ggs
pdb_00006hig	pdb_00005jxe
pdb_00006hig	pdb_00006j14
pdb_00006hig	pdb_00006j15
pdb_00006hig	pdb_00006jjp
pdb_00006hig	pdb_00006k0y
pdb_00006hig	pdb_00006xkr
pdb_00006hig	pdb_00007bxa
pdb_00006hig	pdb_00007cu5
pdb_00006hig	pdb_00007e9b
pdb_00006hig	pdb_00007vux
pdb_00006hig	pdb_00007wsl
pdb_00006hig	pdb_00007wvm
pdb_00006hig	pdb_00008eq6
pdb_00006hig	pdb_00008gy5
pdb_00006hig	pdb_00008u31
pdb_00006hig	pdb_00008u32
pdb_00006hig	pdb_00009eht
pdb_00006hig	pdb_00009hk1
pdb_00006hig	pdb_00009q8l
pdb_00006hig	pdb_00009w43
pdb_00006hjq	pdb_00006hjq
pdb_00006hjq	pdb_00006hjp
pdb_00006hjq	pdb_00008gv5
pdb_00006hjq	pdb_00007jix
pdb_00006hjq	pdb_00005w6g
pdb_00006hjq	pdb_00007wvg
pdb_00006hjq	pdb_00003fku
pdb_00006hjq	pdb_00003gbm
pdb_00006hjq	pdb_00003gbn
pdb_00006hjq	pdb_00003lzf
pdb_00006hjq	pdb_00003ztn
pdb_00006hjq	pdb_00004fqi
pdb_00006hjq	pdb_00004gxu
pdb_00006hjq	pdb_00004hf5
pdb_00006hjq	pdb_00004hfu
pdb_00006hjq	pdb_00004hg4
pdb_00006hjq	pdb_00004hlz
pdb_00006hjq	pdb_00004mhh
pdb_00006hjq	pdb_00004mhj
pdb_00006hjq	pdb_00004py8
pdb_00006hjq	pdb_00005a3i
pdb_00006hjq	pdb_00005gjs
pdb_00006hjq	pdb_00005gjt
pdb_00006hjq	pdb_00005ibl
pdb_00006hjq	pdb_00005jw4
pdb_00006hjq	pdb_00005ug0
pdb_00006hjq	pdb_00005ugy
pdb_00006hjq	pdb_00005ujz
pdb_00006hjq	pdb_00005uk0
pdb_00006hjq	pdb_00005uk1
pdb_00006hjq	pdb_00005uk2
pdb_00006hjq	pdb_00005wko
pdb_00006hjq	pdb_00005xhv
pdb_00006hjq	pdb_00006b3m
pdb_00006hjq	pdb_00006e3h
pdb_00006hjq	pdb_00006fyt
pdb_00006hjq	pdb_00006ml8
pdb_00006hjq	pdb_00006wiz
pdb_00006hjq	pdb_00006wj1
pdb_00006hjq	pdb_00006xgc
pdb_00006hjq	pdb_00006xsk
pdb_00006hjq	pdb_00007l0l
pdb_00006hjq	pdb_00007mem
pdb_00006hjq	pdb_00007mfg
pdb_00006hjq	pdb_00007scn
pdb_00006hjq	pdb_00007sco
pdb_00006hjq	pdb_00007t3d
pdb_00006hjq	pdb_00007x6o
pdb_00006hjq	pdb_00008dis
pdb_00006hjq	pdb_00008gv7
pdb_00006hjq	pdb_00008tp3
pdb_00006hjq	pdb_00008tp5
pdb_00006hjq	pdb_00008tpa
pdb_00006hjq	pdb_00008txm
pdb_00006hjq	pdb_00008txp
pdb_00006hjq	pdb_00008txt
pdb_00006hjq	pdb_00008ty7
pdb_00006hjq	pdb_00008u44
pdb_00006hjq	pdb_00008ut4
pdb_00006hjq	pdb_00008ut5
pdb_00006hjq	pdb_00008vue
pdb_00006hjq	pdb_00008zdw
pdb_00006hjq	pdb_00009b2m
pdb_00006hjq	pdb_00009cjy
pdb_00006hjq	pdb_00009cjz
pdb_00006hjq	pdb_00009cu7
pdb_00006hjq	pdb_00009dbx
pdb_00006hjq	pdb_00009dm0
pdb_00006hjq	pdb_00009dru
pdb_00006hjq	pdb_00009ds1
pdb_00006hjq	pdb_00009ebc
pdb_00006hjq	pdb_00009mq1
pdb_00006hjq	pdb_00009mq2
pdb_00006hjq	pdb_00009mq3
pdb_00006hjq	pdb_00009mq7
pdb_00006hjq	pdb_00009mq8
pdb_00006hjq	pdb_00009mq9
pdb_00006hjq	pdb_00009mqa
pdb_00006hjq	pdb_00009mqd
pdb_00006hjq	pdb_00009mtf
pdb_00006hjq	pdb_00009mtg
pdb_00006hjq	pdb_00009mth
pdb_00006hjq	pdb_00009mtj
pdb_00006hjq	pdb_00009mtk
pdb_00006hjq	pdb_00009mtl
pdb_00006hjq	pdb_00009mtm
pdb_00006hjq	pdb_00009n5z
pdb_00006hjq	pdb_00009n7q
pdb_00006hjq	pdb_00009n7t
pdb_00006hjq	pdb_00009n7v
pdb_00006hjq	pdb_00009nh7
pdb_00006hjq	pdb_00009o8r
pdb_00006hjq	pdb_00009o8t
pdb_00006hjq	pdb_00009oi2
pdb_00006hjq	pdb_00009oi3
pdb_00006hjq	pdb_00009oss
pdb_00006hjq	pdb_00009ost
pdb_00006hjq	pdb_00009osu
pdb_00006hjq	pdb_00009vh4
pdb_00006hjq	pdb_00009y3x
pdb_00006hjq	pdb_00009y3y
pdb_00006hjq	pdb_00006wex
pdb_00006hjy	pdb_00006hjy
pdb_00006hjy	pdb_00006hjx
pdb_00006hjy	pdb_00006ssi
pdb_00006hjy	pdb_00006ssp
pdb_00006i07	pdb_00006i07
pdb_00006i2g	pdb_00006i2g
pdb_00006i3z	pdb_00006i3z
pdb_00006i3z	pdb_00006hx4
pdb_00006i3z	pdb_00009ggp
pdb_00006i3z	pdb_00009hud
pdb_00006i6j	pdb_00006i6j
pdb_00006i6j	pdb_00008apy
pdb_00006iap	pdb_00006iap
pdb_00006ibl	pdb_00006ibl
pdb_00006idg	pdb_00006idg
pdb_00006idl	pdb_00006idl
pdb_00006idl	pdb_00006idi
pdb_00006idl	pdb_00006idk
pdb_00006iek	pdb_00006iek
pdb_00006iek	pdb_00006i9i
pdb_00006iek	pdb_00006iea
pdb_00006iek	pdb_00006ieb
pdb_00006iek	pdb_00006iec
pdb_00006iek	pdb_00008awm
pdb_00006iek	pdb_00009i59
pdb_00006ikm	pdb_00006ikm
pdb_00006ion	pdb_00006ion
pdb_00006ir2	pdb_00006ir2
pdb_00006ir2	pdb_00006ir1
pdb_00006ir2	pdb_00007saj
pdb_00006ir2	pdb_00007sak
pdb_00006ir2	pdb_00008ilx
pdb_00006ir2	pdb_00008im0
pdb_00006ir2	pdb_00008im1
pdb_00006ir2	pdb_00009wpi
pdb_00006ir2	pdb_00006lz2
pdb_00006ir2	pdb_00007cz0
pdb_00006ir2	pdb_00008hgi
pdb_00006j11	pdb_00006j11
pdb_00006j11	pdb_00006pxh
pdb_00006j11	pdb_00009ixv
pdb_00006j5g	pdb_00006j5g
pdb_00006j5g	pdb_00005o6v
pdb_00006jht	pdb_00006jht
pdb_00006jht	pdb_00006jhq
pdb_00006jht	pdb_00006jhr
pdb_00006jht	pdb_00006jhs
pdb_00007uqc	pdb_00007uqc
pdb_00007ure	pdb_00007ure
pdb_00007ure	pdb_00007ura
pdb_00007ure	pdb_00007urc
pdb_00007ure	pdb_00007urd
pdb_00007urx	pdb_00007urx
pdb_00007urx	pdb_00006al5
pdb_00007urx	pdb_00007jic
pdb_00007urx	pdb_00007urv
pdb_00007usl	pdb_00007usl
pdb_00007v5n	pdb_00007v5n
pdb_00007v61	pdb_00007v61
pdb_00007v6o	pdb_00007v6o
pdb_00007v6o	pdb_00005w9h
pdb_00007v6o	pdb_00005w9i
pdb_00007v6o	pdb_00005w9j
pdb_00007v6o	pdb_00005w9k
pdb_00007v6o	pdb_00005w9l
pdb_00007v6o	pdb_00005w9m
pdb_00007v6o	pdb_00005w9n
pdb_00007v6o	pdb_00005w9o
pdb_00007v6o	pdb_00005w9p
pdb_00007v6o	pdb_00006nb3
pdb_00007v6o	pdb_00006nb4
pdb_00007v6o	pdb_00007v3l
pdb_00007v6o	pdb_00007v5j
pdb_00007v6o	pdb_00007v5k
pdb_00007v6o	pdb_00007v6n
pdb_00007v6o	pdb_00007x25
pdb_00007v6o	pdb_00007x28
pdb_00007v6o	pdb_00007x29
pdb_00007v6o	pdb_00007x2a
pdb_00007v6o	pdb_00008ifn
pdb_00007v6o	pdb_00008sak
pdb_00007vfb	pdb_00007vfb
pdb_00007vfb	pdb_00007vfa
pdb_00007vng	pdb_00007vng
pdb_00007vng	pdb_00007vn9
pdb_00008tnn	pdb_00008tnn
pdb_00008tnn	pdb_00008khr
pdb_00008tnt	pdb_00008tnt
pdb_00008tnt	pdb_00005w0k
pdb_00008tnt	pdb_00006c5v
pdb_00008tnt	pdb_00007d5z
pdb_00008tnt	pdb_00007s07
pdb_00008tnt	pdb_00007s1b
pdb_00008tnt	pdb_00009ivj
pdb_00008trt	pdb_00008trt
pdb_00008trt	pdb_00008trs
pdb_00008ts0	pdb_00008ts0
pdb_00008tth	pdb_00008tth
pdb_00008tth	pdb_00007lo7
pdb_00008tth	pdb_00007lo8
pdb_00008tth	pdb_00008ttf
pdb_00008tth	pdb_00009b3k
pdb_00008tui	pdb_00008tui
pdb_00008tv5	pdb_00008tv5
pdb_00008tv5	pdb_00008trv
pdb_00008tv5	pdb_00008tv1
pdb_00008tvj	pdb_00008tvj
pdb_00008tvj	pdb_00001fj1
pdb_00008tvj	pdb_00001osp
pdb_00008tvj	pdb_00007jwg
pdb_00008tvj	pdb_00007t25
pdb_00008tvj	pdb_00008tuz
pdb_00008tvj	pdb_00008tv3
pdb_00008tvj	pdb_00008tvd
pdb_00008tvj	pdb_00009byf
pdb_00008ty1	pdb_00008ty1
pdb_00008ty1	pdb_00007k66
pdb_00008ty1	pdb_00007kbt
pdb_00008ty1	pdb_00008g6i
pdb_00008tzn	pdb_00008tzn
pdb_00008tzu	pdb_00008tzu
pdb_00008tzu	pdb_00009yxw
pdb_00008tzu	pdb_00009jcy
pdb_00008u1p	pdb_00008u1p
pdb_00008u1p	pdb_00007zwf
pdb_00008u1p	pdb_00007zwi
pdb_00008u1p	pdb_00007zwm
pdb_00008u1p	pdb_00007zxf
pdb_00008u1p	pdb_00007zxg
pdb_00008u1p	pdb_00009n5i
pdb_00008u2c	pdb_00008u2c
pdb_00008u2c	pdb_00005nj3
pdb_00008u2c	pdb_00005njg
pdb_00008u2c	pdb_00006eti
pdb_00008u2c	pdb_00006feq
pdb_00008u2c	pdb_00006hco
pdb_00008u2c	pdb_00007neq
pdb_00008u2c	pdb_00007nez
pdb_00008u2c	pdb_00007nfd
pdb_00008u2c	pdb_00008p7w
pdb_00008u2c	pdb_00008p8a
pdb_00008u2c	pdb_00008p8j
pdb_00008u2c	pdb_00008pxo
pdb_00008u2c	pdb_00008py4
pdb_00008u2c	pdb_00008q7b
pdb_00008u2c	pdb_00008qcm
pdb_00008u3s	pdb_00008u3s
pdb_00008u4t	pdb_00008u4t
pdb_00008u4t	pdb_00008tlm
pdb_00008u4t	pdb_00008u4q
pdb_00008u4t	pdb_00008u4r
pdb_00008u4t	pdb_00008u4s
pdb_00008u5l	pdb_00008u5l
pdb_00008u5l	pdb_00007pa7
pdb_00008u5l	pdb_00007pa8
pdb_00008u5l	pdb_00007pa9
pdb_00008u5l	pdb_00007paa
pdb_00008ucd	pdb_00008ucd
pdb_00008ucd	pdb_00006y9b
pdb_00008udg	pdb_00008udg
pdb_00008udz	pdb_00008udz
pdb_00008udz	pdb_00008rew
pdb_00008udz	pdb_00008rex
pdb_00008udz	pdb_00009vjj
pdb_00008udz	pdb_00008fxv
pdb_00008udz	pdb_00008fxs
pdb_00008uf7	pdb_00008uf7
pdb_00008uhp	pdb_00008uhp
pdb_00008uih	pdb_00008uih
pdb_00008uit	pdb_00008uit
pdb_00008uit	pdb_00008uhn
pdb_00008uit	pdb_00008uig
pdb_00009q1l	pdb_00009q1l
pdb_00009q24	pdb_00009q24
pdb_00009q24	pdb_00009q1z
pdb_00009q24	pdb_00009q20
pdb_00009q6b	pdb_00009q6b
pdb_00009q6b	pdb_00007pnq
pdb_00009q6b	pdb_00007po5
pdb_00009q6b	pdb_00007yvn
pdb_00009q6b	pdb_00003zhd
pdb_00009q6b	pdb_00003zhk
pdb_00009q6b	pdb_00004x4x
pdb_00009q6b	pdb_00005ocl
pdb_00009q6b	pdb_00005vl2
pdb_00009q6b	pdb_00006jri
pdb_00009q6b	pdb_00006u52
pdb_00009q6b	pdb_00006y1r
pdb_00009q6b	pdb_00007a4d
pdb_00009q6b	pdb_00007a50
pdb_00009q6b	pdb_00007cn2
pdb_00009q6b	pdb_00007jlk
pdb_00009q6b	pdb_00007php
pdb_00009q6b	pdb_00007phq
pdb_00009q6b	pdb_00007pij
pdb_00009q6b	pdb_00007r9d
pdb_00009q6b	pdb_00007rth
pdb_00009q6b	pdb_00007rxc
pdb_00009q6b	pdb_00007te8
pdb_00009q6b	pdb_00007y0w
pdb_00009q6b	pdb_00007yub
pdb_00009q6b	pdb_00007yud
pdb_00009q6b	pdb_00007yuf
pdb_00009q6b	pdb_00008de6
pdb_00009q6b	pdb_00008dtn
pdb_00009q6b	pdb_00008fif
pdb_00009q6b	pdb_00008hxq
pdb_00009q6b	pdb_00008hxr
pdb_00009q6b	pdb_00008iv8
pdb_00009q6b	pdb_00008kae
pdb_00009q6b	pdb_00008q6k
pdb_00009q6b	pdb_00008qf3
pdb_00009q6b	pdb_00008sw4
pdb_00009q6b	pdb_00008vfv
pdb_00009q6b	pdb_00008yeh
pdb_00009q6b	pdb_00009g13
pdb_00009q6b	pdb_00009m5d
pdb_00009q6b	pdb_00009mi0
pdb_00009q6b	pdb_00009mia
pdb_00009q6b	pdb_00009mib
pdb_00009q6b	pdb_00009qzq
pdb_00009q6b	pdb_00009rsj
pdb_00009q6b	pdb_00009v2q
pdb_00009q6b	pdb_00009ydw
pdb_00009q6b	pdb_00009yem
pdb_00009q6b	pdb_00009yeo
pdb_00009q6b	pdb_00009ygf
pdb_00009q6b	pdb_00009ygi
pdb_00009q6b	pdb_00009zfz
pdb_00009q6b	pdb_00006itq
pdb_00009q6b	pdb_00006itp
pdb_00009q6b	pdb_00006ol6
pdb_00009q6b	pdb_00005cba
pdb_00009q6b	pdb_00009pmt
pdb_00009q6b	pdb_00006s0y
pdb_00009q6b	pdb_00009z1m
pdb_00009q7b	pdb_00009q7b
pdb_00009q7b	pdb_00009at8
pdb_00009q7b	pdb_00009q5m
pdb_00009q7b	pdb_00009q5v
pdb_00009q7b	pdb_00009q71
pdb_00009q7c	pdb_00009q7c
pdb_00009q7c	pdb_00009q69
pdb_00009q7c	pdb_00009tuz
pdb_00009qbj	pdb_00009qbj
pdb_00009qbj	pdb_00007rxd
pdb_00009qbj	pdb_00009bde
pdb_00009qbj	pdb_00009bdt
pdb_00009qbj	pdb_00009coo
pdb_00009qbj	pdb_00009w3k
pdb_00009qpy	pdb_00009qpy
pdb_00009qpy	pdb_00009qk2
pdb_00009qqn	pdb_00009qqn
pdb_00009qrv	pdb_00009qrv
pdb_00009qsh	pdb_00009qsh
pdb_00009qsh	pdb_00009qqs
pdb_00009qsh	pdb_00009qru
pdb_00009qsh	pdb_00009qs6
pdb_00009qtn	pdb_00009qtn
pdb_00009qtn	pdb_00008cau
pdb_00009qto	pdb_00009qto
pdb_00009qto	pdb_00008c9x
pdb_00009qto	pdb_00008ce4
pdb_00009qto	pdb_00008ci1
pdb_00009qto	pdb_00008ci2
pdb_00009qty	pdb_00009qty
pdb_00009quw	pdb_00009quw
pdb_00009quw	pdb_00009qub
pdb_00009r0j	pdb_00009r0j
pdb_00009r0j	pdb_00009hls
pdb_00009r0j	pdb_00009hng
pdb_00009r0j	pdb_00009hpa
pdb_00009r0j	pdb_00009r09
pdb_00009r0j	pdb_00009r0b
pdb_00009r19	pdb_00009r19
pdb_00009r19	pdb_00007e7e
pdb_00009r19	pdb_00008e7m
pdb_00009r1g	pdb_00009r1g
pdb_00009r1g	pdb_00009r10
pdb_00009r1g	pdb_00009r1e
pdb_00009r1g	pdb_00009r1f
pdb_00009r2e	pdb_00009r2e
pdb_00009rcw	pdb_00009rcw
pdb_00009rcw	pdb_00008rrt
pdb_00009rcw	pdb_00008rru
pdb_00009rcw	pdb_00008rrv
pdb_00009rcw	pdb_00008rrw
pdb_00009rcw	pdb_00008rrx
pdb_00009rcw	pdb_00008rs0
pdb_00009rcw	pdb_00009heo
pdb_00009rcw	pdb_00009heq
pdb_00009rcw	pdb_00009r8o
pdb_00009rcw	pdb_00008rrs
pdb_00009rii	pdb_00009rii
pdb_00009rii	pdb_00009rim
pdb_00009rii	pdb_00009vft
pdb_00009rii	pdb_00006aj7
pdb_00009rii	pdb_00007x4k
pdb_00009rii	pdb_00007dq7
pdb_00009rii	pdb_00007x2g
pdb_00009rii	pdb_00007x2i
pdb_00009rii	pdb_00007x2o
pdb_00009rii	pdb_00007x37
pdb_00009rii	pdb_00007x3c
pdb_00009rii	pdb_00007x3d
pdb_00009rii	pdb_00007x3e
pdb_00009rii	pdb_00007x3f
pdb_00009rii	pdb_00007x3y
pdb_00009rii	pdb_00007x46
pdb_00009rii	pdb_00007x47
pdb_00009rir	pdb_00009rir
pdb_00009rir	pdb_00005xs7
pdb_00009rir	pdb_00005zud
pdb_00009rir	pdb_00005zuf
pdb_00009rir	pdb_00006ad0
pdb_00009rir	pdb_00006lhq
pdb_00009rir	pdb_00006lht
pdb_00009rir	pdb_00006z3q
pdb_00009rir	pdb_00007yms
pdb_00009rir	pdb_00007yrh
pdb_00009rir	pdb_00007yv7
pdb_00009rir	pdb_00008x9b
pdb_00009rir	pdb_00009m7v
pdb_00009rir	pdb_00009rig
pdb_00009rir	pdb_00009rih
pdb_00009rir	pdb_00009rij
pdb_00009rir	pdb_00009rik
pdb_00009rir	pdb_00009ril
pdb_00009rir	pdb_00009rin
pdb_00009rir	pdb_00009rio
pdb_00009rir	pdb_00009rip
pdb_00009rir	pdb_00009riq
pdb_00009rir	pdb_00009t6z
pdb_00009rir	pdb_00009vfu
pdb_00009rir	pdb_00009vg1
pdb_00009rit	pdb_00009rit
pdb_00009rmk	pdb_00009rmk
pdb_00009rn6	pdb_00009rn6
pdb_00009rpb	pdb_00009rpb
pdb_00009rpb	pdb_00009hnq
pdb_00009rpb	pdb_00009hnr
pdb_00009rpb	pdb_00009hns
pdb_00009rpb	pdb_00009hnt
pdb_00009rpb	pdb_00009hum
pdb_00009rpb	pdb_00009rl5
pdb_00009rug	pdb_00009rug
pdb_00009rug	pdb_00009ruf
pdb_00009rug	pdb_00009ruh
pdb_00004nhc	pdb_00004nhc
pdb_00004nik	pdb_00004nik
pdb_00004np4	pdb_00004np4
pdb_00004nzr	pdb_00004nzr
pdb_00004o51	pdb_00004o51
pdb_00004o51	pdb_00004o4y
pdb_00004ocn	pdb_00004ocn
pdb_00004ocn	pdb_00004ocl
pdb_00004ocn	pdb_00004ocm
pdb_00004ojf	pdb_00004ojf
pdb_00004okv	pdb_00004okv
pdb_00004onf	pdb_00004onf
pdb_00004ong	pdb_00004ong
pdb_00004ong	pdb_00003ifn
pdb_00004oqt	pdb_00004oqt
pdb_00004orz	pdb_00004orz
pdb_00004ot1	pdb_00004ot1
pdb_00004p2c	pdb_00004p2c
pdb_00004p3d	pdb_00004p3d
pdb_00004p3d	pdb_00004p3c
pdb_00004pd4	pdb_00004pd4
pdb_00004pd4	pdb_00001ezv
pdb_00004pd4	pdb_00001kb9
pdb_00004pd4	pdb_00001kyo
pdb_00004pd4	pdb_00002ibz
pdb_00004pd4	pdb_00003cx5
pdb_00004pd4	pdb_00003cxh
pdb_00004pfe	pdb_00004pfe
pdb_00004pir	pdb_00004pir
pdb_00004pou	pdb_00004pou
pdb_00004pou	pdb_00001bzq
pdb_00004pou	pdb_00002p42
pdb_00004pou	pdb_00002p43
pdb_00004pou	pdb_00002p44
pdb_00004pou	pdb_00002p45
pdb_00004pou	pdb_00002p46
pdb_00004pou	pdb_00002p47
pdb_00004pou	pdb_00002p48
pdb_00004pou	pdb_00002p49
pdb_00004pou	pdb_00002p4a
pdb_00004pou	pdb_00003qsk
pdb_00004q0x	pdb_00004q0x
pdb_00004qex	pdb_00004qex
pdb_00004qo1	pdb_00004qo1
pdb_00004qww	pdb_00004qww
pdb_00004qxu	pdb_00004qxu
pdb_00004qy8	pdb_00004qy8
pdb_00004qy8	pdb_00004qxt
pdb_00004qyo	pdb_00004qyo
pdb_00004r3s	pdb_00004r3s
pdb_00004rav	pdb_00004rav
pdb_00004s10	pdb_00004s10
pdb_00004s10	pdb_00006h1f
pdb_00004tnw	pdb_00004tnw
pdb_00004tnw	pdb_00003rhw
pdb_00004tnw	pdb_00003ri5
pdb_00004tnw	pdb_00003ria
pdb_00004tnw	pdb_00003rif
pdb_00004tnw	pdb_00004tnv
pdb_00004tqe	pdb_00004tqe
pdb_00006snd	pdb_00006snd
pdb_00006snd	pdb_00006snc
pdb_00006sne	pdb_00006sne
pdb_00006sni	pdb_00006sni
pdb_00006sni	pdb_00006snh
pdb_00006svl	pdb_00006svl
pdb_00006t9e	pdb_00006t9e
pdb_00006t9e	pdb_00004qci
pdb_00006tej	pdb_00006tej
pdb_00006tgg	pdb_00006tgg
pdb_00006tou	pdb_00006tou
pdb_00006tou	pdb_00008r40
pdb_00006tyb	pdb_00006tyb
pdb_00006u12	pdb_00006u12
pdb_00006u12	pdb_00006dbf
pdb_00006u1n	pdb_00006u1n
pdb_00006u3i	pdb_00006u3i
pdb_00006u3i	pdb_00005vlp
pdb_00006u3i	pdb_00006u2f
pdb_00006u3i	pdb_00006u36
pdb_00006u3i	pdb_00006u38
pdb_00006u6u	pdb_00006u6u
pdb_00006u6u	pdb_00009eth
pdb_00006u6u	pdb_00009eti
pdb_00006u8k	pdb_00006u8k
pdb_00006u8k	pdb_00006u8d
pdb_00006u9s	pdb_00006u9s
pdb_00006u9s	pdb_00005dfv
pdb_00006u9s	pdb_00005dfw
pdb_00006u9s	pdb_00006ejg
pdb_00006u9s	pdb_00006ejm
pdb_00006u9s	pdb_00006ek2
pdb_00006ubi	pdb_00006ubi
pdb_00006uce	pdb_00006uce
pdb_00006ucf	pdb_00006ucf
pdb_00006ukj	pdb_00006ukj
pdb_00006ukt	pdb_00006ukt
pdb_00006ukt	pdb_00006tyl
pdb_00006ul4	pdb_00006ul4
pdb_00006ul4	pdb_00006uc6
pdb_00006ul4	pdb_00006uft
pdb_00006ul4	pdb_00006uht
pdb_00006ul6	pdb_00006ul6
pdb_00006ul6	pdb_00006ui1
pdb_00006umg	pdb_00006umg
pdb_00006umx	pdb_00006umx
pdb_00006uud	pdb_00006uud
pdb_00006uym	pdb_00006uym
pdb_00006uym	pdb_00004mwf
pdb_00006uym	pdb_00004web
pdb_00006uym	pdb_00006uyd
pdb_00006uym	pdb_00006uyf
pdb_00006uym	pdb_00006wo5
pdb_00006uym	pdb_00006woq
pdb_00006uym	pdb_00009mnq
pdb_00006uym	pdb_00009msk
pdb_00006v4p	pdb_00006v4p
pdb_00006v4p	pdb_00007la4
pdb_00006v4p	pdb_00009dao
pdb_00007ox4	pdb_00007ox4
pdb_00007ox4	pdb_00007ox1
pdb_00007ox4	pdb_00007ox2
pdb_00007ox4	pdb_00007ox3
pdb_00007oxn	pdb_00007oxn
pdb_00007ozt	pdb_00007ozt
pdb_00007p16	pdb_00007p16
pdb_00007p16	pdb_00007p14
pdb_00007p6k	pdb_00007p6k
pdb_00007p6k	pdb_00007p5v
pdb_00007p6k	pdb_00007p5w
pdb_00007p6k	pdb_00007p5y
pdb_00007p6k	pdb_00007p60
pdb_00007p6k	pdb_00008b41
pdb_00007pa5	pdb_00007pa5
pdb_00007pa6	pdb_00007pa6
pdb_00007paf	pdb_00007paf
pdb_00007pgb	pdb_00007pgb
pdb_00007pgb	pdb_00007pg8
pdb_00007ph7	pdb_00007ph7
pdb_00007ph7	pdb_00007ph2
pdb_00007ph7	pdb_00007ph3
pdb_00007ph7	pdb_00007ph4
pdb_00007phu	pdb_00007phu
pdb_00007phu	pdb_00004u0r
pdb_00007phu	pdb_00004u1g
pdb_00007phu	pdb_00006rcu
pdb_00007phu	pdb_00006rcv
pdb_00007phu	pdb_00008rz2
pdb_00007pnm	pdb_00007pnm
pdb_00007pnm	pdb_00009ygn
pdb_00007pnm	pdb_00009ygo
pdb_00007pnm	pdb_00009ygp
pdb_00007pnm	pdb_00009ygq
pdb_00007pnm	pdb_00009ygr
pdb_00007pqg	pdb_00007pqg
pdb_00007pqg	pdb_00007fci
pdb_00007pqg	pdb_00007vad
pdb_00007pqg	pdb_00007vae
pdb_00007pqg	pdb_00007vaf
pdb_00007pqg	pdb_00007vag
pdb_00007pqg	pdb_00007wsi
pdb_00007pqg	pdb_00007zyi
pdb_00007pqg	pdb_00008hrx
pdb_00007pqg	pdb_00008hry
pdb_00007pqg	pdb_00008rqf
pdb_00007pqg	pdb_00008xcd
pdb_00007q4q	pdb_00007q4q
pdb_00007q6c	pdb_00007q6c
pdb_00007qbg	pdb_00007qbg
pdb_00007qbg	pdb_00007qbd
pdb_00007qbg	pdb_00007qbe
pdb_00007qbg	pdb_00007qbf
pdb_00007qe5	pdb_00007qe5
pdb_00007qe5	pdb_00008y4w
pdb_00007qe5	pdb_00008y4x
pdb_00007qiv	pdb_00007qiv
pdb_00007qiv	pdb_00006ehg
pdb_00007qjj	pdb_00007qjj
pdb_00007qjj	pdb_00007qia
pdb_00007qjj	pdb_00007qic
pdb_00007qjj	pdb_00007qji
pdb_00008evi	pdb_00008evi
pdb_00008f0l	pdb_00008f0l
pdb_00008f5i	pdb_00008f5i
pdb_00008f5n	pdb_00008f5n
pdb_00008f60	pdb_00008f60
pdb_00008f60	pdb_00008f6l
pdb_00008f60	pdb_00008f6o
pdb_00008f6j	pdb_00008f6j
pdb_00008f6j	pdb_00007kzx
pdb_00008f6j	pdb_00007kzz
pdb_00008f6j	pdb_00008f6e
pdb_00008f6j	pdb_00008f6f
pdb_00008f6j	pdb_00008f6h
pdb_00008f6j	pdb_00008f6i
pdb_00008f7z	pdb_00008f7z
pdb_00008f9f	pdb_00008f9f
pdb_00008f9f	pdb_00006b5o
pdb_00008f9f	pdb_00006b5t
pdb_00008f9f	pdb_00006d0x
pdb_00008f9f	pdb_00006o24
pdb_00008f9f	pdb_00006o25
pdb_00008f9f	pdb_00006o2c
pdb_00008f9f	pdb_00006uc5
pdb_00008f9f	pdb_00006wg0
pdb_00008f9f	pdb_00007uym
pdb_00008f9f	pdb_00008ekf
pdb_00008f9f	pdb_00009cr9
pdb_00008f9f	pdb_00009dsr
pdb_00008f9f	pdb_00009dss
pdb_00008f9f	pdb_00009nl0
pdb_00008fa8	pdb_00008fa8
pdb_00008fa8	pdb_00006o2a
pdb_00008fa8	pdb_00008f9s
pdb_00008fax	pdb_00008fax
pdb_00008fax	pdb_00008dgv
pdb_00008fax	pdb_00008dgx
pdb_00008fax	pdb_00008tmz
pdb_00008fax	pdb_00009yjj
pdb_00008fax	pdb_00009yjk
pdb_00008fba	pdb_00008fba
pdb_00008fba	pdb_00006o2b
pdb_00008fba	pdb_00008f95
pdb_00008fba	pdb_00008fa6
pdb_00008fba	pdb_00009nl1
pdb_00008fba	pdb_00006b5m
pdb_00008fba	pdb_00006b5n
pdb_00008fba	pdb_00006b5r
pdb_00008fba	pdb_00006b5s
pdb_00008fba	pdb_00006o29
pdb_00008fba	pdb_00007lkb
pdb_00008fba	pdb_00007lkg
pdb_00008fba	pdb_00007raj
pdb_00008fba	pdb_00007rcs
pdb_00008fba	pdb_00007rd3
pdb_00008fba	pdb_00007rd4
pdb_00008fba	pdb_00007rd9
pdb_00008fba	pdb_00007rda
pdb_00008fba	pdb_00007sg5
pdb_00008fba	pdb_00007sg6
pdb_00008fba	pdb_00007ufn
pdb_00008fba	pdb_00007ufo
pdb_00008fba	pdb_00007ufq
pdb_00008fba	pdb_00008f9t
pdb_00008fba	pdb_00008f9u
pdb_00008fba	pdb_00008f9w
pdb_00008fba	pdb_00008fa9
pdb_00008fba	pdb_00008fat
pdb_00008fba	pdb_00008fb7
pdb_00008fba	pdb_00008fdd
pdb_00008fbw	pdb_00008fbw
pdb_00008fdc	pdb_00008fdc
pdb_00008fdc	pdb_00006o28
pdb_00008fdc	pdb_00008f9e
pdb_00008fdc	pdb_00008f9v
pdb_00008fdc	pdb_00008fa7
pdb_00008fdc	pdb_00008fan
pdb_00008fdc	pdb_00008fb5
pdb_00008fdc	pdb_00008fb6
pdb_00008fdc	pdb_00008fb8
pdb_00008fdc	pdb_00009dst
pdb_00008fdc	pdb_00009dsu
pdb_00008fdo	pdb_00008fdo
pdb_00008fe4	pdb_00008fe4
pdb_00008fe4	pdb_00003j42
pdb_00008fe4	pdb_00008fe3
pdb_00008ffe	pdb_00008ffe
pdb_00008ffe	pdb_00006h15
pdb_00008ffe	pdb_00006h16
pdb_00008fg0	pdb_00008fg0
pdb_00008fgx	pdb_00008fgx
pdb_00008fgx	pdb_00009yrb
pdb_00008fgx	pdb_00009yrq
pdb_00008ygt	pdb_00008ygt
pdb_00008ygt	pdb_00008ygs
pdb_00008ygu	pdb_00008ygu
pdb_00008yhz	pdb_00008yhz
pdb_00008yj5	pdb_00008yj5
pdb_00008yj5	pdb_00004nnp
pdb_00008yj5	pdb_00005hdq
pdb_00008ynt	pdb_00008ynt
pdb_00008ynt	pdb_00008yns
pdb_00008yor	pdb_00008yor
pdb_00008yot	pdb_00008yot
pdb_00008yry	pdb_00008yry
pdb_00008yvj	pdb_00008yvj
pdb_00008yvj	pdb_00004nbx
pdb_00008yvj	pdb_00004nbz
pdb_00008yvo	pdb_00008yvo
pdb_00008yzk	pdb_00008yzk
pdb_00008yzk	pdb_00008hsc
pdb_00008z3a	pdb_00008z3a
pdb_00008z3a	pdb_00003mxw
pdb_00008z3a	pdb_00008yyz
pdb_00008z3a	pdb_00008z2v
pdb_00008z3a	pdb_00008z39
pdb_00008z4e	pdb_00008z4e
pdb_00008z4e	pdb_00001a14
pdb_00008z4e	pdb_00001nca
pdb_00008z4e	pdb_00001ncb
pdb_00008z4e	pdb_00001ncc
pdb_00008z4e	pdb_00001ncd
pdb_00008z4e	pdb_00001nma
pdb_00008z4e	pdb_00001nmb
pdb_00008z4e	pdb_00001nmc
pdb_00008z4e	pdb_00006lxj
pdb_00008z4e	pdb_00006pze
pdb_00008z4e	pdb_00006pzf
pdb_00008z4e	pdb_00006pzw
pdb_00008z4e	pdb_00006pzy
pdb_00008z4e	pdb_00006pzz
pdb_00008z4e	pdb_00006q1z
pdb_00008z4e	pdb_00006u02
pdb_00008z4e	pdb_00009o9v
pdb_00008z4e	pdb_00002aep
pdb_00008z4e	pdb_00002aeq
pdb_00008z4e	pdb_00004qnp
pdb_00008z4e	pdb_00006lxi
pdb_00008z4e	pdb_00006lxk
pdb_00008z4e	pdb_00006n6b
pdb_00008z4e	pdb_00006q20
pdb_00008z4e	pdb_00006q23
pdb_00008z4e	pdb_00006v4n
pdb_00008z4e	pdb_00006v4o
pdb_00008z4e	pdb_00008e6j
pdb_00008z4e	pdb_00008e6k
pdb_00008z4e	pdb_00008ez3
pdb_00008z4e	pdb_00008ez7
pdb_00008z4e	pdb_00008ez8
pdb_00008z4e	pdb_00008g30
pdb_00008z4e	pdb_00008g3m
pdb_00008z4e	pdb_00008g3n
pdb_00008z4e	pdb_00008g3o
pdb_00008z4e	pdb_00008g3p
pdb_00008z4e	pdb_00008g3q
pdb_00008z4e	pdb_00008g3r
pdb_00008z4e	pdb_00008g3v
pdb_00008z4e	pdb_00008g40
pdb_00008z4e	pdb_00008gat
pdb_00008z4e	pdb_00008gau
pdb_00008z4e	pdb_00008gav
pdb_00008z4e	pdb_00008yvk
pdb_00008z4e	pdb_00008yvl
pdb_00008z4e	pdb_00008yvm
pdb_00008z4e	pdb_00008yvn
pdb_00008z4e	pdb_00008zr4
pdb_00008z4e	pdb_00008zyx
pdb_00008z4e	pdb_00009cye
pdb_00008z4e	pdb_00009cyf
pdb_00008z4e	pdb_00009cyh
pdb_00008z4e	pdb_00009cyi
pdb_00008z4e	pdb_00009cyj
pdb_00008z4e	pdb_00009dpc
pdb_00008z4e	pdb_00009eit
pdb_00008z4e	pdb_00009eje
pdb_00008z4e	pdb_00009ejf
pdb_00008z4e	pdb_00009kod
pdb_00008z4e	pdb_00009md2
pdb_00008z4e	pdb_00009md3
pdb_00008z4e	pdb_00009md4
pdb_00008z4e	pdb_00009md5
pdb_00008z4e	pdb_00009md6
pdb_00008z4e	pdb_00009mqv
pdb_00008z4e	pdb_00009nj2
pdb_00008z4e	pdb_00009o4n
pdb_00008z4e	pdb_00009o4o
pdb_00008z4e	pdb_00009o4p
pdb_00008z4e	pdb_00009o4q
pdb_00008z4e	pdb_00009osr
pdb_00008z4e	pdb_00009uax
pdb_00008z4e	pdb_00009ub1
pdb_00008z6s	pdb_00008z6s
pdb_00008z7j	pdb_00008z7j
pdb_00008z7j	pdb_00008xqj
pdb_00008z7j	pdb_00008z74
pdb_00008z7j	pdb_00006b73
pdb_00008z7j	pdb_00006ko5
pdb_00008z7j	pdb_00008hs2
pdb_00008z7j	pdb_00008uhb
pdb_00008z7j	pdb_00008zpn
pdb_00008z7j	pdb_00008zpl
pdb_00008z7j	pdb_00008zpm
pdb_00009lad	pdb_00009lad
pdb_00009lds	pdb_00009lds
pdb_00009leo	pdb_00009leo
pdb_00009lfc	pdb_00009lfc
pdb_00009lfc	pdb_00009lfa
pdb_00009lfc	pdb_00009lfd
pdb_00009lfl	pdb_00009lfl
pdb_00009ljj	pdb_00009ljj
pdb_00009lly	pdb_00009lly
pdb_00009lly	pdb_00004jhw
pdb_00009lly	pdb_00004zyp
pdb_00009lly	pdb_00005toj
pdb_00009lly	pdb_00005tok
pdb_00009lly	pdb_00005tpn
pdb_00009lly	pdb_00005u68
pdb_00009lly	pdb_00005udc
pdb_00009lly	pdb_00005udd
pdb_00009lly	pdb_00005w23
pdb_00009lly	pdb_00006apb
pdb_00009lly	pdb_00006apd
pdb_00009lly	pdb_00006cxc
pdb_00009lly	pdb_00006dc3
pdb_00009lly	pdb_00006dc5
pdb_00009lly	pdb_00006oe4
pdb_00009lly	pdb_00006oe5
pdb_00009lly	pdb_00007luc
pdb_00009lly	pdb_00007lue
pdb_00009lly	pdb_00007lvw
pdb_00009lly	pdb_00007mpg
pdb_00009lly	pdb_00008dg9
pdb_00009lly	pdb_00008dzw
pdb_00009lly	pdb_00008f6x
pdb_00009lly	pdb_00008kg5
pdb_00009lly	pdb_00008t7a
pdb_00009lly	pdb_00008w3r
pdb_00009lly	pdb_00008wsq
pdb_00009lly	pdb_00008wz3
pdb_00009lly	pdb_00008wz4
pdb_00009lly	pdb_00008wz5
pdb_00009lly	pdb_00008zym
pdb_00009lly	pdb_00009lm5
pdb_00009lly	pdb_00009lm6
pdb_00009lly	pdb_00009v0n
pdb_00009lly	pdb_00009v0q
pdb_00009lly	pdb_00009v0s
pdb_00009lly	pdb_00009v2o
pdb_00009lly	pdb_00009v2r
pdb_00009lly	pdb_00009vwe
pdb_00009lly	pdb_00009vwf
pdb_00009lly	pdb_00009wdp
pdb_00009lme	pdb_00009lme
pdb_00009lng	pdb_00009lng
pdb_00009lng	pdb_00006t3f
pdb_00009lng	pdb_00006tys
pdb_00009lng	pdb_00007ki4
pdb_00009lng	pdb_00007ki6
pdb_00009lng	pdb_00007uop
pdb_00009lng	pdb_00007up9
pdb_00009lng	pdb_00007upa
pdb_00009lng	pdb_00007upb
pdb_00009lng	pdb_00007upd
pdb_00009lng	pdb_00007upk
pdb_00009lng	pdb_00008dmj
pdb_00009lng	pdb_00008rvn
pdb_00009lng	pdb_00008tvh
pdb_00009lng	pdb_00009b9e
pdb_00009lng	pdb_00009cin
pdb_00009lng	pdb_00009ua9
pdb_00009lng	pdb_00009uaa
pdb_00009lng	pdb_00009nz2
pdb_00009lng	pdb_00009nz0
pdb_00009lr2	pdb_00009lr2
pdb_00009lr2	pdb_00006knm
pdb_00009lr2	pdb_00009lqu
pdb_00009lr2	pdb_00009lqw
pdb_00009lr2	pdb_00009lqx
pdb_00009lr2	pdb_00009lr1
pdb_00009lsj	pdb_00009lsj
pdb_00009lsj	pdb_00009lsh
pdb_00009lsj	pdb_00009lsi
pdb_00009lsy	pdb_00009lsy
pdb_00009lsz	pdb_00009lsz
pdb_00009lvb	pdb_00009lvb
pdb_00009ly6	pdb_00009ly6
pdb_00009ly6	pdb_00009ly5
pdb_00009lz1	pdb_00009lz1
pdb_00009m0d	pdb_00009m0d
pdb_00006xli	pdb_00006xli
pdb_00006xlq	pdb_00006xlq
pdb_00006xlq	pdb_00009dpe
pdb_00006xlq	pdb_00008vc7
pdb_00006xmi	pdb_00006xmi
pdb_00006xmi	pdb_00006vi1
pdb_00006xqw	pdb_00006xqw
pdb_00006xqw	pdb_00001ob1
pdb_00006xqw	pdb_00008dfg
pdb_00006xqw	pdb_00008dfh
pdb_00006xqw	pdb_00008dfi
pdb_00006xr0	pdb_00006xr0
pdb_00006xw5	pdb_00006xw5
pdb_00006xw5	pdb_00006xw4
pdb_00006xw5	pdb_00006xw6
pdb_00006xw5	pdb_00006xw7
pdb_00006xw5	pdb_00007l5j
pdb_00006xzu	pdb_00006xzu
pdb_00006xzw	pdb_00006xzw
pdb_00006xzw	pdb_00002ypv
pdb_00006xzw	pdb_00005o14
pdb_00006xzw	pdb_00005t5f
pdb_00006xzw	pdb_00006h2y
pdb_00006xzw	pdb_00007ket
pdb_00006xzw	pdb_00007lcv
pdb_00006xzw	pdb_00007sa6
pdb_00006xzw	pdb_00007sbz
pdb_00006xzw	pdb_00008bk2
pdb_00006xzw	pdb_00008up2
pdb_00006y6c	pdb_00006y6c
pdb_00006y9a	pdb_00006y9a
pdb_00006y9a	pdb_00006y90
pdb_00006y9a	pdb_00006y92
pdb_00006y9a	pdb_00006y97
pdb_00006yio	pdb_00006yio
pdb_00006yio	pdb_00003iu3
pdb_00006yio	pdb_00003nfp
pdb_00006yio	pdb_00009kmc
pdb_00006yu8	pdb_00006yu8
pdb_00006ywc	pdb_00006ywc
pdb_00006ywd	pdb_00006ywd
pdb_00006yxg	pdb_00006yxg
pdb_00006yxg	pdb_00005lwy
pdb_00006yxg	pdb_00005lx9
pdb_00006yxg	pdb_00005lxa
pdb_00006yxg	pdb_00005lxg
pdb_00006yxg	pdb_00006krz
pdb_00006yxg	pdb_00006ks0
pdb_00006yxg	pdb_00006ks1
pdb_00006yxg	pdb_00006yx9
pdb_00006yxg	pdb_00006yxd
pdb_00006yxg	pdb_00006yxf
pdb_00006yxk	pdb_00006yxk
pdb_00006yxm	pdb_00006yxm
pdb_00006yye	pdb_00006yye
pdb_00006z10	pdb_00006z10
pdb_00006z10	pdb_00006ibb
pdb_00006z10	pdb_00006rnk
pdb_00006z20	pdb_00006z20
pdb_00006z20	pdb_00006rlo
pdb_00006z20	pdb_00006z1v
pdb_00006z2l	pdb_00006z2l
pdb_00006z6v	pdb_00006z6v
pdb_00006zg3	pdb_00006zg3
pdb_00006zjg	pdb_00006zjg
pdb_00006zjg	pdb_00005ocy
pdb_00006zvf	pdb_00006zvf
pdb_00006zwk	pdb_00006zwk
pdb_00007a0x	pdb_00007a0x
pdb_00007a0x	pdb_00007a0w
pdb_00007a0x	pdb_00007a0y
pdb_00007a0x	pdb_00009rh1
pdb_00007a0x	pdb_00009rh2
pdb_00007a0x	pdb_00009rh3
pdb_00007a0x	pdb_00009rh4
pdb_00007a0x	pdb_00009rh5
pdb_00007a0x	pdb_00009rh6
pdb_00007a0x	pdb_00009rh7
pdb_00007a0x	pdb_00009rh8
pdb_00007a0x	pdb_00009rh9
pdb_00007a0x	pdb_00009rha
pdb_00007a0x	pdb_00009rhb
pdb_00007a0x	pdb_00009rhc
pdb_00007a0x	pdb_00009rhd
pdb_00007a0x	pdb_00009rhe
pdb_00007a0x	pdb_00009rhf
pdb_00007a17	pdb_00007a17
pdb_00007a17	pdb_00007a0v
pdb_00007wvd	pdb_00007wvd
pdb_00007wvd	pdb_00008gv6
pdb_00007wvd	pdb_00007u8j
pdb_00007wvd	pdb_00001eo8
pdb_00007wvd	pdb_00001ken
pdb_00007wvd	pdb_00001qfu
pdb_00007wvd	pdb_00002vir
pdb_00007wvd	pdb_00002vis
pdb_00007wvd	pdb_00002vit
pdb_00007wvd	pdb_00003sdy
pdb_00007wvd	pdb_00003ztj
pdb_00007wvd	pdb_00004fp8
pdb_00007wvd	pdb_00004fqr
pdb_00007wvd	pdb_00004fqy
pdb_00007wvd	pdb_00004gms
pdb_00007wvd	pdb_00004nm8
pdb_00007wvd	pdb_00004o58
pdb_00007wvd	pdb_00004o5i
pdb_00007wvd	pdb_00004ubd
pdb_00007wvd	pdb_00005k9q
pdb_00007wvd	pdb_00005kan
pdb_00007wvd	pdb_00005umn
pdb_00007wvd	pdb_00005w08
pdb_00007wvd	pdb_00005w42
pdb_00007wvd	pdb_00005y2l
pdb_00007wvd	pdb_00006d0u
pdb_00007wvd	pdb_00006e4x
pdb_00007wvd	pdb_00006e56
pdb_00007wvd	pdb_00006n5d
pdb_00007wvd	pdb_00006n5e
pdb_00007wvd	pdb_00006nz7
pdb_00007wvd	pdb_00006ocb
pdb_00007wvd	pdb_00006ur5
pdb_00007wvd	pdb_00006wez
pdb_00007wvd	pdb_00006wf0
pdb_00007wvd	pdb_00006xpq
pdb_00007wvd	pdb_00006xpr
pdb_00007wvd	pdb_00006xpx
pdb_00007wvd	pdb_00006xpy
pdb_00007wvd	pdb_00006xpz
pdb_00007wvd	pdb_00006xq2
pdb_00007wvd	pdb_00007k37
pdb_00007wvd	pdb_00007k39
pdb_00007wvd	pdb_00007k3a
pdb_00007wvd	pdb_00007k3b
pdb_00007wvd	pdb_00007kc1
pdb_00007wvd	pdb_00007tri
pdb_00007wvd	pdb_00007u8l
pdb_00007wvd	pdb_00007u8m
pdb_00007wvd	pdb_00007x6l
pdb_00007wvd	pdb_00008tx3
pdb_00007wvd	pdb_00008txu
pdb_00007wvd	pdb_00008us0
pdb_00007wvd	pdb_00009ei9
pdb_00007wvd	pdb_00009o8q
pdb_00007wvd	pdb_00009o8s
pdb_00007wvd	pdb_00009om5
pdb_00007wvd	pdb_00009vh5
pdb_00007wvd	pdb_00009y3z
pdb_00007wvd	pdb_00009y40
pdb_00007wvd	pdb_00009bu8
pdb_00007wvd	pdb_00004fqv
pdb_00007wvd	pdb_00004r8w
pdb_00007wvd	pdb_00005jw3
pdb_00007wvd	pdb_00005v2a
pdb_00007wvd	pdb_00005vag
pdb_00007wvd	pdb_00005xku
pdb_00007wvd	pdb_00006fyu
pdb_00007wvd	pdb_00006ii4
pdb_00007wvd	pdb_00006ii8
pdb_00007wvd	pdb_00006ii9
pdb_00007wvd	pdb_00006mlm
pdb_00007wvd	pdb_00006uig
pdb_00007wvd	pdb_00006wf1
pdb_00007wvd	pdb_00006wxl
pdb_00007wvd	pdb_00008t1g
pdb_00007wvd	pdb_00009p9q
pdb_00007wvd	pdb_00009p9r
pdb_00007wvd	pdb_00009p9s
pdb_00007wvd	pdb_00009p9t
pdb_00008q3j	pdb_00008q3j
pdb_00008q3j	pdb_000013bs
pdb_00008q6r	pdb_00008q6r
pdb_00008qf5	pdb_00008qf5
pdb_00008qf5	pdb_000026ap
pdb_00008qf5	pdb_00008qf4
pdb_00008qgx	pdb_00008qgx
pdb_00008qj2	pdb_00008qj2
pdb_00008qks	pdb_00008qks
pdb_00008qks	pdb_00005mi0
pdb_00008qks	pdb_00008pwu
pdb_00008qks	pdb_00008pwv
pdb_00008qks	pdb_00008pww
pdb_00008qks	pdb_00008pwx
pdb_00008qks	pdb_00008q5d
pdb_00008qks	pdb_00008qkr
pdb_00008qp6	pdb_00008qp6
pdb_00008qw4	pdb_00008qw4
pdb_00008qyb	pdb_00008qyb
pdb_00008qyb	pdb_00006j7w
pdb_00008qyb	pdb_00008qy9
pdb_00008qyb	pdb_00008qya
pdb_00008qz3	pdb_00008qz3
pdb_00008qz3	pdb_00004i9w
pdb_00008qz3	pdb_00004wfe
pdb_00008qz3	pdb_00004wff
pdb_00008qz3	pdb_00004wfg
pdb_00008qz3	pdb_00004wfh
pdb_00008qz3	pdb_00006pis
pdb_00008qz3	pdb_00007lj4
pdb_00008qz3	pdb_00007lj5
pdb_00008qz3	pdb_00007lja
pdb_00008qz3	pdb_00007ljb
pdb_00008qz3	pdb_00008qz1
pdb_00008qz3	pdb_00008qz2
pdb_00008qz3	pdb_00008qz4
pdb_00008r4d	pdb_00008r4d
pdb_00008r4d	pdb_00008r4b
pdb_00008r4d	pdb_00008r4c
pdb_00008r4u	pdb_00008r4u
pdb_00008r4u	pdb_00008r4o
pdb_00008r4u	pdb_00008r4q
pdb_00008r8d	pdb_00008r8d
pdb_00008r8d	pdb_00002r0l
pdb_00008r8d	pdb_00002r0k
pdb_00008r8d	pdb_00002wub
pdb_00008r8d	pdb_00002wuc
pdb_00008r8d	pdb_00003k2u
pdb_00008r9x	pdb_00008r9x
pdb_00008r9x	pdb_00008r9w
pdb_00008r9x	pdb_00009dez
pdb_00008r9x	pdb_00009df0
pdb_00008r9x	pdb_00009ofo
pdb_00008r9x	pdb_00009ofp
pdb_00008r9x	pdb_00009ofq
pdb_00008r9x	pdb_00009xny
pdb_00008r9x	pdb_00009xo1
pdb_00008r9x	pdb_00009xo2
pdb_00008r9y	pdb_00008r9y
pdb_00008r9z	pdb_00008r9z
pdb_00008rcq	pdb_00008rcq
pdb_00008rh2	pdb_00008rh2
pdb_00008rh2	pdb_00007ui0
pdb_00008rh2	pdb_00008kfa
pdb_00008rh2	pdb_00008rh1
pdb_00008rh2	pdb_00009dd6
pdb_00008rh2	pdb_00009dd7
pdb_00008rh2	pdb_00009dd8
pdb_00008rh2	pdb_00009dd9
pdb_00008rh2	pdb_00009jmb
pdb_00008rh2	pdb_00009mvu
pdb_00008rh2	pdb_00009mw5
pdb_00008rh2	pdb_00009zwe
pdb_00008rh2	pdb_00009jms
pdb_00008rh2	pdb_00009jmr
pdb_00008rl7	pdb_00008rl7
pdb_00008rl7	pdb_00008qv5
pdb_00008rl7	pdb_00008qv6
pdb_00008rla	pdb_00008rla
pdb_00008rla	pdb_00007zml
pdb_00008rla	pdb_00007zmm
pdb_00008rla	pdb_00007zmn
pdb_00008rla	pdb_00007zmo
pdb_00008rla	pdb_00007zmp
pdb_00008rla	pdb_00007zmq
pdb_00008rla	pdb_00007zmr
pdb_00008rla	pdb_00007zms
pdb_00008rla	pdb_00007zmt
pdb_00008rla	pdb_00007zmv
pdb_00008rmk	pdb_00008rmk
pdb_00008rmn	pdb_00008rmn
pdb_00008rmn	pdb_00008rml
pdb_00008rmn	pdb_00008rmm
pdb_00008rmo	pdb_00008rmo
pdb_00008ror	pdb_00008ror
pdb_00008rvr	pdb_00008rvr
pdb_00008rvr	pdb_00008rtf
pdb_00008rwb	pdb_00008rwb
pdb_00008rwf	pdb_00008rwf
pdb_00008rz1	pdb_00008rz1
pdb_00008rz1	pdb_00008rz0
pdb_00009j83	pdb_00009j83
pdb_00009j83	pdb_00009j82
pdb_00009j8a	pdb_00009j8a
pdb_00009j9b	pdb_00009j9b
pdb_00009jcp	pdb_00009jcp
pdb_00009jio	pdb_00009jio
pdb_00009jio	pdb_00009iy2
pdb_00009jio	pdb_00009jif
pdb_00009jio	pdb_00009jig
pdb_00009jio	pdb_00009jii
pdb_00009jio	pdb_00009jij
pdb_00009jio	pdb_00009jik
pdb_00009jio	pdb_00009jim
pdb_00009jme	pdb_00009jme
pdb_00009jme	pdb_00006vn1
pdb_00009jme	pdb_00008rgz
pdb_00009jme	pdb_00008rh0
pdb_00009jme	pdb_00009q9n
pdb_00009jme	pdb_00009q9s
pdb_00009jq6	pdb_00009jq6
pdb_00009jq6	pdb_00009l1q
pdb_00009jq6	pdb_00009jqp
pdb_00009jqt	pdb_00009jqt
pdb_00009jqt	pdb_00007s2r
pdb_00009jqt	pdb_00008epa
pdb_00009jqz	pdb_00009jqz
pdb_00009jqz	pdb_00009jqy
pdb_00009jqz	pdb_00009jro
pdb_00009jqz	pdb_00009jrt
pdb_00009jub	pdb_00009jub
pdb_00009jy0	pdb_00009jy0
pdb_00009jy0	pdb_00009cq4
pdb_00009jy0	pdb_00009irs
pdb_00009jy0	pdb_00009iru
pdb_00009jy3	pdb_00009jy3
pdb_00009jy3	pdb_00009ci8
pdb_00009jy3	pdb_00009cia
pdb_00009jy3	pdb_00009jy2
pdb_00009jzq	pdb_00009jzq
pdb_00002igf	pdb_00002igf
pdb_00002ipu	pdb_00002ipu
pdb_00002j4w	pdb_00002j4w
pdb_00002j4w	pdb_00008rek
pdb_00002j4w	pdb_00009dx6
pdb_00002j5l	pdb_00002j5l
pdb_00002j88	pdb_00002j88
pdb_00002jel	pdb_00002jel
pdb_00002jix	pdb_00002jix
pdb_00002jix	pdb_00004y5v
pdb_00002jix	pdb_00004y5x
pdb_00002jix	pdb_00004y5y
pdb_00002jix	pdb_00008vui
pdb_00002jix	pdb_00008vvm
pdb_00002jix	pdb_00008vvo
pdb_00002mpa	pdb_00002mpa
pdb_00002mpa	pdb_00001mpa
pdb_00002nz9	pdb_00002nz9
pdb_00002nz9	pdb_00002nyy
pdb_00002nz9	pdb_00003v0a
pdb_00002nz9	pdb_00009ea9
pdb_00002nz9	pdb_00009ney
pdb_00002ok0	pdb_00002ok0
pdb_00002or9	pdb_00002or9
pdb_00002otu	pdb_00002otu
pdb_00002otw	pdb_00002otw
pdb_00002oz4	pdb_00002oz4
pdb_00002p8l	pdb_00002p8l
pdb_00002p8p	pdb_00002p8p
pdb_00002p8p	pdb_00003mob
pdb_00002p8p	pdb_00003mod
pdb_00002pw1	pdb_00002pw1
pdb_00002pw2	pdb_00002pw2
pdb_00002qhr	pdb_00002qhr
pdb_00002qql	pdb_00002qql
pdb_00002qql	pdb_00002qqk
pdb_00002qql	pdb_00008ivw
pdb_00002qql	pdb_00008ivx
pdb_00002qqn	pdb_00002qqn
pdb_00002qr0	pdb_00002qr0
pdb_00002qr0	pdb_00001bj1
pdb_00002qr0	pdb_00001cz8
pdb_00002qr0	pdb_00001tzh
pdb_00002qr0	pdb_00001tzi
pdb_00002qr0	pdb_00002fjg
pdb_00002qr0	pdb_00002fjh
pdb_00002qr0	pdb_00003p9w
pdb_00002qr0	pdb_00004zff
pdb_00002qr0	pdb_00005fv1
pdb_00002qr0	pdb_00005fv2
pdb_00002qr0	pdb_00006bft
pdb_00002qr0	pdb_00006t9d
pdb_00002qr0	pdb_00007kez
pdb_00002qr0	pdb_00007kf0
pdb_00002qr0	pdb_00007kf1
pdb_00002qr0	pdb_00008uwz
pdb_00002r0w	pdb_00002r0w
pdb_00002r0z	pdb_00002r0z
pdb_00002r56	pdb_00002r56
pdb_00002r8s	pdb_00002r8s
pdb_00002v17	pdb_00002v17
pdb_00002vdr	pdb_00002vdr
pdb_00002vdr	pdb_00002vc2
pdb_00002vdr	pdb_00002vdk
pdb_00002vdr	pdb_00002vdl
pdb_00002vdr	pdb_00002vdm
pdb_00002vdr	pdb_00002vdn
pdb_00002vdr	pdb_00002vdo
pdb_00002vdr	pdb_00002vdp
pdb_00002vdr	pdb_00002vdq
pdb_00002vdr	pdb_00003nid
pdb_00002vdr	pdb_00003nif
pdb_00002vdr	pdb_00003nig
pdb_00002vdr	pdb_00003t3m
pdb_00002vdr	pdb_00003t3p
pdb_00002vdr	pdb_00003zdx
pdb_00002vdr	pdb_00003zdy
pdb_00002vdr	pdb_00003zdz
pdb_00002vdr	pdb_00003ze0
pdb_00002vdr	pdb_00003ze1
pdb_00002vdr	pdb_00003ze2
pdb_00002vdr	pdb_00004z7n
pdb_00002vdr	pdb_00004z7o
pdb_00002vdr	pdb_00004z7q
pdb_00002vdr	pdb_00007l8p
pdb_00002vdr	pdb_00007tct
pdb_00002vdr	pdb_00007td8
pdb_00002vdr	pdb_00007tho
pdb_00002vdr	pdb_00007tmz
pdb_00002vdr	pdb_00007tpd
pdb_00002vdr	pdb_00007u60
pdb_00002vdr	pdb_00007u9f
pdb_00002vdr	pdb_00007u9v
pdb_00002vdr	pdb_00007ubr
pdb_00002vdr	pdb_00007ucy
pdb_00002vdr	pdb_00007udg
pdb_00002vdr	pdb_00007udh
pdb_00002vdr	pdb_00007ue0
pdb_00002vdr	pdb_00007ufh
pdb_00002vdr	pdb_00007uh8
pdb_00002vdr	pdb_00007uje
pdb_00002vdr	pdb_00007ujk
pdb_00002vdr	pdb_00007uk9
pdb_00002vdr	pdb_00007uko
pdb_00002vdr	pdb_00007ukp
pdb_00002vdr	pdb_00007ukt
pdb_00002vh5	pdb_00002vh5
pdb_00002vh5	pdb_00002uzi
pdb_00002vh5	pdb_00007mdp
pdb_00002vh5	pdb_00007rp2
pdb_00002vh5	pdb_00007rp3
pdb_00002vh5	pdb_00007yv1
pdb_00002vh5	pdb_00008be3
pdb_00002vh5	pdb_00008vgq
pdb_00002vh5	pdb_00009glz
pdb_00002vh5	pdb_00009i5e
pdb_00002vh5	pdb_00009piz
pdb_00002vwe	pdb_00002vwe
pdb_00002vxq	pdb_00002vxq
pdb_00005vaq	pdb_00005vaq
pdb_00005vaq	pdb_00005van
pdb_00005vaq	pdb_00006nfj
pdb_00005veb	pdb_00005veb
pdb_00005vkd	pdb_00005vkd
pdb_00005vkd	pdb_00006u55
pdb_00005vkd	pdb_00005w2b
pdb_00005vkd	pdb_00006u51
pdb_00005vkd	pdb_00006u54
pdb_00005vl3	pdb_00005vl3
pdb_00005voc	pdb_00005voc
pdb_00005voc	pdb_00005vob
pdb_00005vph	pdb_00005vph
pdb_00005vph	pdb_00005vcn
pdb_00005vph	pdb_00005vco
pdb_00005vph	pdb_00005vpg
pdb_00005vph	pdb_00005vpl
pdb_00005vxm	pdb_00005vxm
pdb_00005vxm	pdb_00005vxj
pdb_00005vxm	pdb_00005vxk
pdb_00005vxm	pdb_00005vxl
pdb_00005vxr	pdb_00005vxr
pdb_00005vxr	pdb_00004dgv
pdb_00005vxr	pdb_00004dgy
pdb_00005vxr	pdb_00004g6a
pdb_00005vxr	pdb_00004gaj
pdb_00005vxr	pdb_00004wht
pdb_00005vxr	pdb_00004why
pdb_00005vxr	pdb_00004xvj
pdb_00005vxr	pdb_00005kzp
pdb_00005vxr	pdb_00006bzu
pdb_00005vxr	pdb_00006bzw
pdb_00005vxr	pdb_00006bzy
pdb_00005vyf	pdb_00005vyf
pdb_00005vzy	pdb_00005vzy
pdb_00005vzy	pdb_00004xxd
pdb_00005w3p	pdb_00005w3p
pdb_00005w5z	pdb_00005w5z
pdb_00005w5z	pdb_00005w5x
pdb_00005wi9	pdb_00005wi9
pdb_00005wi9	pdb_00005vak
pdb_00005wk3	pdb_00005wk3
pdb_00005wn9	pdb_00005wn9
pdb_00005wnb	pdb_00005wnb
pdb_00005wth	pdb_00005wth
pdb_00005wtt	pdb_00005wtt
pdb_00005x0t	pdb_00005x0t
pdb_00005x2q	pdb_00005x2q
pdb_00005x2q	pdb_00005x2m
pdb_00005x2q	pdb_00005x2n
pdb_00005x2q	pdb_00005x2o
pdb_00005x2q	pdb_00005x2p
pdb_00005x8m	pdb_00005x8m
pdb_00005x8m	pdb_000013fl
pdb_00005x8m	pdb_00005ggt
pdb_00005x8m	pdb_00005jds
pdb_00005x8m	pdb_00005x8l
pdb_00005x8m	pdb_00005xxy
pdb_00005x8m	pdb_00007c88
pdb_00005x8m	pdb_00007czd
pdb_00005x8m	pdb_00007yds
pdb_00005x8m	pdb_00008aok
pdb_00005x8m	pdb_00008rpb
pdb_00005xbm	pdb_00005xbm
pdb_00005xct	pdb_00005xct
pdb_00005xct	pdb_00002zpk
pdb_00005xct	pdb_00005xcq
pdb_00005xct	pdb_00005xcr
pdb_00005xcu	pdb_00005xcu
pdb_00005xcu	pdb_00005xcs
pdb_00005xcv	pdb_00005xcv
pdb_00005xcv	pdb_00004yo0
pdb_00007mfr	pdb_00007mfr
pdb_00007mhz	pdb_00007mhz
pdb_00007mhz	pdb_00007mhy
pdb_00007mhz	pdb_00007q1u
pdb_00007mhz	pdb_00007urf
pdb_00007mjs	pdb_00007mjs
pdb_00007mlx	pdb_00007mlx
pdb_00007mly	pdb_00007mly
pdb_00007mly	pdb_00007mlu
pdb_00007mly	pdb_00007mlv
pdb_00007mn8	pdb_00007mn8
pdb_00007mno	pdb_00007mno
pdb_00007mno	pdb_00007mnl
pdb_00007mno	pdb_00007mnm
pdb_00007mno	pdb_00007mnn
pdb_00007mrz	pdb_00007mrz
pdb_00007mtb	pdb_00007mtb
pdb_00007mtb	pdb_00007mta
pdb_00007myz	pdb_00007myz
pdb_00007n05	pdb_00007n05
pdb_00007n08	pdb_00007n08
pdb_00007n0a	pdb_00007n0a
pdb_00007n0x	pdb_00007n0x
pdb_00007n0x	pdb_00004hpo
pdb_00007n0x	pdb_00004hpy
pdb_00007n0x	pdb_00004ris
pdb_00007n0x	pdb_00006vbo
pdb_00007n0x	pdb_00006vbp
pdb_00007n0x	pdb_00006vbq
pdb_00007n0x	pdb_00006fy0
pdb_00007n4n	pdb_00007n4n
pdb_00007n4n	pdb_00003zkm
pdb_00007n4n	pdb_00003zkn
pdb_00007n4n	pdb_00003zkq
pdb_00007n4n	pdb_00003zks
pdb_00007n4n	pdb_00003zkx
pdb_00007n4n	pdb_00003zlq
pdb_00007n4n	pdb_00004bel
pdb_00007n4n	pdb_00004bfb
pdb_00007n4n	pdb_00006jsz
pdb_00007n4n	pdb_00007d5b
pdb_00007n4n	pdb_00007d5u
pdb_00007n4n	pdb_00007f1g
pdb_00007n4n	pdb_00003r1g
pdb_00008dyp	pdb_00008dyp
pdb_00008dyp	pdb_00008dke
pdb_00008dyp	pdb_00008dki
pdb_00008dyp	pdb_00008dkm
pdb_00008dyp	pdb_00008dkw
pdb_00008dyp	pdb_00008dkx
pdb_00008dyt	pdb_00008dyt
pdb_00008dzv	pdb_00008dzv
pdb_00008e0e	pdb_00008e0e
pdb_00008e0e	pdb_00008dam
pdb_00008e8y	pdb_00008e8y
pdb_00008e8y	pdb_00003j3o
pdb_00008e8y	pdb_00003j3p
pdb_00008e8y	pdb_00008e8l
pdb_00008e8y	pdb_00008e8r
pdb_00008e8y	pdb_00008e8s
pdb_00008e8y	pdb_00008e8x
pdb_00008e8y	pdb_00008e8z
pdb_00008e8y	pdb_00009ocl
pdb_00008e8y	pdb_00009oco
pdb_00008e8y	pdb_00009od3
pdb_00008e8y	pdb_00009oea
pdb_00008e8y	pdb_00009wai
pdb_00008e8y	pdb_00005w3o
pdb_00008e8y	pdb_00001rvf
pdb_00008e8y	pdb_00005w3e
pdb_00008e8y	pdb_00005w3l
pdb_00008e8y	pdb_00005w3m
pdb_00008e8y	pdb_00006aj9
pdb_00008e8y	pdb_00006wds
pdb_00008e8y	pdb_00006wdt
pdb_00008e8y	pdb_00007ebr
pdb_00008e8y	pdb_00007ebz
pdb_00008e8y	pdb_00007ec5
pdb_00008e8y	pdb_00007ecy
pdb_00008e8y	pdb_00009pi7
pdb_00008e8y	pdb_00009pi8
pdb_00008e8y	pdb_00007cmk
pdb_00008e8y	pdb_00007c80
pdb_00008e8y	pdb_00007c81
pdb_00008e8y	pdb_00007eaj
pdb_00008e8y	pdb_00007eak
pdb_00008e8y	pdb_00007x2t
pdb_00008e8y	pdb_00007x2w
pdb_00008e8y	pdb_00007x35
pdb_00008e8y	pdb_00007x38
pdb_00008e8y	pdb_00007x40
pdb_00008e8y	pdb_00007x42
pdb_00008e8y	pdb_00007x49
pdb_00008e8y	pdb_00007x4m
pdb_00008e8y	pdb_00008gsc
pdb_00008e8y	pdb_00008gsd
pdb_00008e8y	pdb_00008gse
pdb_00008e8y	pdb_00008gsf
pdb_00008eev	pdb_00008eev
pdb_00008eev	pdb_00008eeu
pdb_00008ejj	pdb_00008ejj
pdb_00008eka	pdb_00008eka
pdb_00008eka	pdb_00009ygg
pdb_00008eka	pdb_00009ygh
pdb_00008eli	pdb_00008eli
pdb_00008emz	pdb_00008emz
pdb_00008emz	pdb_000011ha
pdb_00008emz	pdb_00003v7a
pdb_00008emz	pdb_00004x7c
pdb_00008emz	pdb_00004x7d
pdb_00008emz	pdb_00004x7e
pdb_00008emz	pdb_00004x7f
pdb_00008emz	pdb_00005o02
pdb_00008emz	pdb_00005o03
pdb_00008emz	pdb_00005o04
pdb_00008emz	pdb_00005o05
pdb_00008emz	pdb_00005omm
pdb_00008emz	pdb_00005omn
pdb_00008emz	pdb_00006ewb
pdb_00008emz	pdb_00006n81
pdb_00008emz	pdb_00006n8d
pdb_00008emz	pdb_00007jie
pdb_00008emz	pdb_00008emy
pdb_00008emz	pdb_00008en0
pdb_00008emz	pdb_00008en1
pdb_00008emz	pdb_00008en2
pdb_00008emz	pdb_00008en3
pdb_00008emz	pdb_00008en4
pdb_00008emz	pdb_00008en5
pdb_00008emz	pdb_00008en6
pdb_00008emz	pdb_00008g0w
pdb_00008emz	pdb_00008vkx
pdb_00008emz	pdb_00009pfj
pdb_00008emz	pdb_00009pfk
pdb_00008eqb	pdb_00008eqb
pdb_00008et0	pdb_00008et0
pdb_00009dlf	pdb_00009dlf
pdb_00009dmv	pdb_00009dmv
pdb_00009dn4	pdb_00009dn4
pdb_00009dnm	pdb_00009dnm
pdb_00009dnm	pdb_00009dng
pdb_00009dry	pdb_00009dry
pdb_00009dry	pdb_00009o7g
pdb_00009dzg	pdb_00009dzg
pdb_00009dzg	pdb_00009dzf
pdb_00009dzg	pdb_00009dzh
pdb_00009dzg	pdb_00009dzj
pdb_00009dzg	pdb_00009dzk
pdb_00009e3h	pdb_00009e3h
pdb_00009e3j	pdb_00009e3j
pdb_00009e3l	pdb_00009e3l
pdb_00009e3l	pdb_00009e3k
pdb_00009e6k	pdb_00009e6k
pdb_00009e76	pdb_00009e76
pdb_00009e76	pdb_00009e7l
pdb_00009e7g	pdb_00009e7g
pdb_00009e7g	pdb_00009c2k
pdb_00009e7g	pdb_00009c75
pdb_00009e7g	pdb_00009e7d
pdb_00009e7g	pdb_00009e7e
pdb_00009e7k	pdb_00009e7k
pdb_00009e7p	pdb_00009e7p
pdb_00009e7p	pdb_00009e7n
pdb_00009e7p	pdb_00009e7o
pdb_00009e7x	pdb_00009e7x
pdb_00009e7x	pdb_00003jcx
pdb_00009e7x	pdb_00007m3l
pdb_00009e7x	pdb_00007m3n
pdb_00009e7x	pdb_00009e60
pdb_00009e7x	pdb_00009e7w
pdb_00009e7x	pdb_00009e89
pdb_00009e7x	pdb_00009e8d
pdb_00009eah	pdb_00009eah
pdb_00009eah	pdb_00008th3
pdb_00009eah	pdb_00009eai
pdb_00009eah	pdb_00009eaj
pdb_00009eba	pdb_00009eba
pdb_00009eba	pdb_00009eb9
pdb_00009ei0	pdb_00009ei0
pdb_00009ei0	pdb_00007ssv
pdb_00009ei0	pdb_00007ssz
pdb_00009ei0	pdb_00008dfl
pdb_00009ei0	pdb_00009con
pdb_00009ei0	pdb_00009cty
pdb_00004dka	pdb_00004dka
pdb_00004dka	pdb_00004dk3
pdb_00004dka	pdb_00004dk6
pdb_00004dkf	pdb_00004dkf
pdb_00004dkf	pdb_00004dke
pdb_00004dn4	pdb_00004dn4
pdb_00004dn4	pdb_00002bdn
pdb_00004dtg	pdb_00004dtg
pdb_00004dtg	pdb_000035uh
pdb_00004dtg	pdb_000035ui
pdb_00004dtg	pdb_000035uj
pdb_00004f2m	pdb_00004f2m
pdb_00004f37	pdb_00004f37
pdb_00004f3f	pdb_00004f3f
pdb_00004ffw	pdb_00004ffw
pdb_00004ffw	pdb_00004ffv
pdb_00004ffw	pdb_00005vta
pdb_00004ffw	pdb_00009dvr
pdb_00004ffw	pdb_00009dvq
pdb_00004g6m	pdb_00004g6m
pdb_00004g6m	pdb_00002kh2
pdb_00004g6m	pdb_00004g6j
pdb_00004g6m	pdb_00005bvp
pdb_00004g6m	pdb_00005mvz
pdb_00004g6m	pdb_00007chy
pdb_00004g6m	pdb_00007chz
pdb_00004g6m	pdb_00007z4t
pdb_00004g80	pdb_00004g80
pdb_00004g80	pdb_00004g7v
pdb_00004g80	pdb_00004g7y
pdb_00004gag	pdb_00004gag
pdb_00004gft	pdb_00004gft
pdb_00004glr	pdb_00004glr
pdb_00004h0h	pdb_00004h0h
pdb_00004hc1	pdb_00004hc1
pdb_00004hc1	pdb_00004hcr
pdb_00004hep	pdb_00004hep
pdb_00004hep	pdb_00004hem
pdb_00004hha	pdb_00004hha
pdb_00004hix	pdb_00004hix
pdb_00004hix	pdb_00003bae
pdb_00004hs8	pdb_00004hs8
pdb_00004hs8	pdb_00004hs6
pdb_00004ht1	pdb_00004ht1
pdb_00004hwb	pdb_00004hwb
pdb_00004hzl	pdb_00004hzl
pdb_00004i18	pdb_00004i18
pdb_00004i1n	pdb_00004i1n
pdb_00004i1n	pdb_00003k74
pdb_00004i1n	pdb_00004eig
pdb_00004i1n	pdb_00004eiz
pdb_00004i1n	pdb_00004ej1
pdb_00004i1n	pdb_00004fhb
pdb_00004i1n	pdb_00004i13
pdb_00004i2x	pdb_00004i2x
pdb_00004i3s	pdb_00004i3s
pdb_00004i3s	pdb_00004i3r
pdb_00004ios	pdb_00004ios
pdb_00004irz	pdb_00004irz
pdb_00004j8r	pdb_00004j8r
pdb_00006ddv	pdb_00006ddv
pdb_00006ddv	pdb_00006ddm
pdb_00006ddv	pdb_00006ddr
pdb_00006ddv	pdb_00007s7i
pdb_00006df1	pdb_00006df1
pdb_00006df2	pdb_00006df2
pdb_00006dkj	pdb_00006dkj
pdb_00006dkj	pdb_00004hj0
pdb_00006dkj	pdb_00006o9h
pdb_00006dkj	pdb_00006o9i
pdb_00006dzm	pdb_00006dzm
pdb_00006dzm	pdb_00003csy
pdb_00006dzm	pdb_00003s88
pdb_00006dzm	pdb_00003ve0
pdb_00006dzm	pdb_00005ken
pdb_00006dzm	pdb_00006dzl
pdb_00006dzm	pdb_00006pci
pdb_00006dzm	pdb_00006qd7
pdb_00006dzm	pdb_00006qd8
pdb_00006dzm	pdb_00006s8d
pdb_00006dzm	pdb_00006uye
pdb_00006dzm	pdb_00007kej
pdb_00006dzm	pdb_00007kew
pdb_00006dzm	pdb_00007kex
pdb_00006dzm	pdb_00007kf9
pdb_00006dzm	pdb_00007kfb
pdb_00006dzm	pdb_00007kfe
pdb_00006dzm	pdb_00007kfh
pdb_00006dzm	pdb_00007m8l
pdb_00006dzm	pdb_00007swd
pdb_00006dzm	pdb_00007tn9
pdb_00006dzm	pdb_00008dpm
pdb_00006dzm	pdb_00009bop
pdb_00006dzm	pdb_00009vt4
pdb_00006dzm	pdb_00009vts
pdb_00006e1k	pdb_00006e1k
pdb_00006e4y	pdb_00006e4y
pdb_00006e4y	pdb_00006mv5
pdb_00006e4z	pdb_00006e4z
pdb_00006eay	pdb_00006eay
pdb_00006elu	pdb_00006elu
pdb_00006ey0	pdb_00006ey0
pdb_00006ey6	pdb_00006ey6
pdb_00006f7t	pdb_00006f7t
pdb_00006fe4	pdb_00006fe4
pdb_00006fn1	pdb_00006fn1
pdb_00006fn1	pdb_00004ksd
pdb_00006fn1	pdb_00006fn4
pdb_00006fn1	pdb_00006qee
pdb_00006fn1	pdb_00006qex
pdb_00006fn1	pdb_00007a65
pdb_00006fn1	pdb_00007a69
pdb_00006fn1	pdb_00007a6c
pdb_00006fn1	pdb_00007a6e
pdb_00006fn1	pdb_00007a6f
pdb_00006fn1	pdb_00007niu
pdb_00006fn1	pdb_00007niv
pdb_00006fn1	pdb_00007niw
pdb_00006fn1	pdb_00007o9w
pdb_00006fn1	pdb_00008y6h
pdb_00006fn1	pdb_00008y6i
pdb_00006frj	pdb_00006frj
pdb_00006fs0	pdb_00006fs0
pdb_00006fs0	pdb_00005mes
pdb_00006fs0	pdb_00005mev
pdb_00006fs0	pdb_00006qb3
pdb_00006fs0	pdb_00006qb4
pdb_00006fs0	pdb_00006qb6
pdb_00006fs0	pdb_00006qfc
pdb_00006fs0	pdb_00008av9
pdb_00006fuz	pdb_00006fuz
pdb_00006fuz	pdb_00006fv0
pdb_00006fzq	pdb_00006fzq
pdb_00006fzr	pdb_00006fzr
pdb_00006g8r	pdb_00006g8r
pdb_00006gci	pdb_00006gci
pdb_00006gg0	pdb_00006gg0
pdb_00006gg0	pdb_00007k23
pdb_00006gg0	pdb_00007k22
pdb_00006gk7	pdb_00006gk7
pdb_00006gk8	pdb_00006gk8
pdb_00006gk8	pdb_00005zv3
pdb_00006gkd	pdb_00006gkd
pdb_00006gkd	pdb_00006gjq
pdb_00006gkd	pdb_00006gjs
pdb_00006gkd	pdb_00006gju
pdb_00006gkd	pdb_00006gk4
pdb_00006gkd	pdb_00006ze1
pdb_00006glx	pdb_00006glx
pdb_00006glx	pdb_00006gku
pdb_00006gv1	pdb_00006gv1
pdb_00006gv4	pdb_00006gv4
pdb_00006h02	pdb_00006h02
pdb_00007joo	pdb_00007joo
pdb_00007jr7	pdb_00007jr7
pdb_00007jr7	pdb_00007r87
pdb_00007jr7	pdb_00007r88
pdb_00007jti	pdb_00007jti
pdb_00007jtr	pdb_00007jtr
pdb_00007jtr	pdb_00003pgf
pdb_00007jtr	pdb_00005bjz
pdb_00007jtr	pdb_00005bk1
pdb_00007jtr	pdb_00005bk2
pdb_00007jtr	pdb_00005gru
pdb_00007jtr	pdb_00005m14
pdb_00007jtr	pdb_00005m15
pdb_00007jtr	pdb_00008vrs
pdb_00007jtr	pdb_00009ty2
pdb_00007jwp	pdb_00007jwp
pdb_00007jwq	pdb_00007jwq
pdb_00007k76	pdb_00007k76
pdb_00007k7i	pdb_00007k7i
pdb_00007k7i	pdb_00007k7h
pdb_00007k7r	pdb_00007k7r
pdb_00007k84	pdb_00007k84
pdb_00007k84	pdb_00007k7y
pdb_00007kdd	pdb_00007kdd
pdb_00007yoy	pdb_00007yoy
pdb_00007yoy	pdb_00008too
pdb_00007yp1	pdb_00007yp1
pdb_00007yp2	pdb_00007yp2
pdb_00007yrn	pdb_00007yrn
pdb_00007yrn	pdb_00005c6t
pdb_00007yrn	pdb_00008vym
pdb_00007yrn	pdb_00008vyn
pdb_00007yru	pdb_00007yru
pdb_00007yz9	pdb_00007yz9
pdb_00007yzj	pdb_00007yzj
pdb_00007yzj	pdb_00001f90
pdb_00007yzk	pdb_00007yzk
pdb_00007yzk	pdb_00007yzi
pdb_00007z12	pdb_00007z12
pdb_00007z1x	pdb_00007z1x
pdb_00007zau	pdb_00007zau
pdb_00007zg0	pdb_00007zg0
pdb_00007zkz	pdb_00007zkz
pdb_00007zkz	pdb_00007zk1
pdb_00007zkz	pdb_00007zkw
pdb_00007zlj	pdb_00007zlj
pdb_00007zlj	pdb_00007zlg
pdb_00007zlj	pdb_00007zlh
pdb_00007zlj	pdb_00007zli
pdb_00007zmk	pdb_00007zmk
pdb_00008sxj	pdb_00008sxj
pdb_00008sxj	pdb_00003j5m
pdb_00008sxj	pdb_00003j70
pdb_00008sxj	pdb_00003jcb
pdb_00008sxj	pdb_00003jcc
pdb_00008sxj	pdb_00004nco
pdb_00008sxj	pdb_00004tvp
pdb_00008sxj	pdb_00005aco
pdb_00008sxj	pdb_00005c7k
pdb_00008sxj	pdb_00005d9q
pdb_00008sxj	pdb_00005fuu
pdb_00008sxj	pdb_00005i8h
pdb_00008sxj	pdb_00005js9
pdb_00008sxj	pdb_00005jsa
pdb_00008sxj	pdb_00005t3s
pdb_00008sxj	pdb_00005t3x
pdb_00008sxj	pdb_00005t3z
pdb_00008sxj	pdb_00005thr
pdb_00008sxj	pdb_00005u1f
pdb_00008sxj	pdb_00005um8
pdb_00008sxj	pdb_00005utf
pdb_00008sxj	pdb_00005v7j
pdb_00008sxj	pdb_00005v8l
pdb_00008sxj	pdb_00005v8m
pdb_00008sxj	pdb_00005viy
pdb_00008sxj	pdb_00005vj6
pdb_00008sxj	pdb_00005vn3
pdb_00008sxj	pdb_00005vn8
pdb_00008sxj	pdb_00005w6d
pdb_00008sxj	pdb_00005wdu
pdb_00008sxj	pdb_00006ccb
pdb_00008sxj	pdb_00006chb
pdb_00008sxj	pdb_00006cm3
pdb_00008sxj	pdb_00006crq
pdb_00008sxj	pdb_00006cue
pdb_00008sxj	pdb_00006cuf
pdb_00008sxj	pdb_00006dcq
pdb_00008sxj	pdb_00006dfg
pdb_00008sxj	pdb_00006dfh
pdb_00008sxj	pdb_00006did
pdb_00008sxj	pdb_00006edu
pdb_00008sxj	pdb_00006mar
pdb_00008sxj	pdb_00006mn7
pdb_00008sxj	pdb_00006n1v
pdb_00008sxj	pdb_00006n1w
pdb_00008sxj	pdb_00006nc2
pdb_00008sxj	pdb_00006nc3
pdb_00008sxj	pdb_00006nf2
pdb_00008sxj	pdb_00006nf5
pdb_00008sxj	pdb_00006nfc
pdb_00008sxj	pdb_00006nij
pdb_00008sxj	pdb_00006nqd
pdb_00008sxj	pdb_00006okp
pdb_00008sxj	pdb_00006olp
pdb_00008sxj	pdb_00006opa
pdb_00008sxj	pdb_00006opo
pdb_00008sxj	pdb_00006opp
pdb_00008sxj	pdb_00006opq
pdb_00008sxj	pdb_00006orn
pdb_00008sxj	pdb_00006oro
pdb_00008sxj	pdb_00006orp
pdb_00008sxj	pdb_00006orq
pdb_00008sxj	pdb_00006osy
pdb_00008sxj	pdb_00006oz4
pdb_00008sxj	pdb_00006pw6
pdb_00008sxj	pdb_00006u0l
pdb_00008sxj	pdb_00006u0n
pdb_00008sxj	pdb_00006u59
pdb_00008sxj	pdb_00006uda
pdb_00008sxj	pdb_00006udj
pdb_00008sxj	pdb_00006udk
pdb_00008sxj	pdb_00006um5
pdb_00008sxj	pdb_00006um6
pdb_00008sxj	pdb_00006um7
pdb_00008sxj	pdb_00006utk
pdb_00008sxj	pdb_00006v6w
pdb_00008sxj	pdb_00006v8x
pdb_00008sxj	pdb_00006v8z
pdb_00008sxj	pdb_00006vi0
pdb_00008sxj	pdb_00006vkn
pdb_00008sxj	pdb_00006vlr
pdb_00008sxj	pdb_00006vn0
pdb_00008sxj	pdb_00006vo0
pdb_00008sxj	pdb_00006vo1
pdb_00008sxj	pdb_00006vo3
pdb_00008sxj	pdb_00006vpx
pdb_00008sxj	pdb_00006vtt
pdb_00008sxj	pdb_00006vy2
pdb_00008sxj	pdb_00006x5b
pdb_00008sxj	pdb_00006x96
pdb_00008sxj	pdb_00006x97
pdb_00008sxj	pdb_00006x98
pdb_00008sxj	pdb_00006x9r
pdb_00008sxj	pdb_00006x9s
pdb_00008sxj	pdb_00006x9t
pdb_00008sxj	pdb_00006x9u
pdb_00008sxj	pdb_00006x9v
pdb_00008sxj	pdb_00006xrt
pdb_00008sxj	pdb_00007jks
pdb_00008sxj	pdb_00007jkt
pdb_00008sxj	pdb_00007kde
pdb_00008sxj	pdb_00007klc
pdb_00008sxj	pdb_00007kmd
pdb_00008sxj	pdb_00007lg6
pdb_00008sxj	pdb_00007ll1
pdb_00008sxj	pdb_00007ll2
pdb_00008sxj	pdb_00007llk
pdb_00008sxj	pdb_00007lo6
pdb_00008sxj	pdb_00007lok
pdb_00008sxj	pdb_00007lpn
pdb_00008sxj	pdb_00007lxm
pdb_00008sxj	pdb_00007lxn
pdb_00008sxj	pdb_00007ly9
pdb_00008sxj	pdb_00007mdt
pdb_00008sxj	pdb_00007mdu
pdb_00008sxj	pdb_00007mxd
pdb_00008sxj	pdb_00007n28
pdb_00008sxj	pdb_00007n65
pdb_00008sxj	pdb_00007pc2
pdb_00008sxj	pdb_00007rai
pdb_00008sxj	pdb_00007rsn
pdb_00008sxj	pdb_00007rso
pdb_00008sxj	pdb_00007sq1
pdb_00008sxj	pdb_00007t73
pdb_00008sxj	pdb_00007t74
pdb_00008sxj	pdb_00007t75
pdb_00008sxj	pdb_00007t76
pdb_00008sxj	pdb_00007t77
pdb_00008sxj	pdb_00007t9a
pdb_00008sxj	pdb_00007t9b
pdb_00008sxj	pdb_00007t9t
pdb_00008sxj	pdb_00007tcn
pdb_00008sxj	pdb_00007tco
pdb_00008sxj	pdb_00007tfn
pdb_00008sxj	pdb_00007tfo
pdb_00008sxj	pdb_00007ucf
pdb_00008sxj	pdb_00007ucg
pdb_00008sxj	pdb_00007ugn
pdb_00008sxj	pdb_00007ugo
pdb_00008sxj	pdb_00007ugp
pdb_00008sxj	pdb_00007ugq
pdb_00008sxj	pdb_00007uoj
pdb_00008sxj	pdb_00007ur6
pdb_00008sxj	pdb_00007z3a
pdb_00008sxj	pdb_00007zlk
pdb_00008sxj	pdb_00008c8t
pdb_00008sxj	pdb_00008czz
pdb_00008sxj	pdb_00008d0y
pdb_00008sxj	pdb_00008d4r
pdb_00008sxj	pdb_00008d50
pdb_00008sxj	pdb_00008d53
pdb_00008sxj	pdb_00008d5c
pdb_00008sxj	pdb_00008dok
pdb_00008sxj	pdb_00008dow
pdb_00008sxj	pdb_00008dp1
pdb_00008sxj	pdb_00008dto
pdb_00008sxj	pdb_00008e1p
pdb_00008sxj	pdb_00008euu
pdb_00008sxj	pdb_00008euv
pdb_00008sxj	pdb_00008euw
pdb_00008sxj	pdb_00008f92
pdb_00008sxj	pdb_00008f9m
pdb_00008sxj	pdb_00008fis
pdb_00008sxj	pdb_00008fk5
pdb_00008sxj	pdb_00008fl1
pdb_00008sxj	pdb_00008flw
pdb_00008sxj	pdb_00008g4m
pdb_00008sxj	pdb_00008g6u
pdb_00008sxj	pdb_00008g85
pdb_00008sxj	pdb_00008gas
pdb_00008sxj	pdb_00008gje
pdb_00008sxj	pdb_00008jtd
pdb_00008sxj	pdb_00008jtm
pdb_00008sxj	pdb_00008s2e
pdb_00008sxj	pdb_00008sal
pdb_00008sxj	pdb_00008san
pdb_00008sxj	pdb_00008saq
pdb_00008sxj	pdb_00008sar
pdb_00008sxj	pdb_00008sas
pdb_00008sxj	pdb_00008sat
pdb_00008sxj	pdb_00008sau
pdb_00008sxj	pdb_00008sav
pdb_00008sxj	pdb_00008saw
pdb_00008sxj	pdb_00008sax
pdb_00008sxj	pdb_00008say
pdb_00008sxj	pdb_00008saz
pdb_00008sxj	pdb_00008sb0
pdb_00008sxj	pdb_00008sb1
pdb_00008sxj	pdb_00008sb2
pdb_00008sxj	pdb_00008sb3
pdb_00008sxj	pdb_00008sb4
pdb_00008sxj	pdb_00008sb5
pdb_00008sxj	pdb_00008sw3
pdb_00008sxj	pdb_00008sxi
pdb_00008sxj	pdb_00008t49
pdb_00008sxj	pdb_00008t4a
pdb_00008sxj	pdb_00008t4b
pdb_00008sxj	pdb_00008t4d
pdb_00008sxj	pdb_00008t4l
pdb_00008sxj	pdb_00008tjr
pdb_00008sxj	pdb_00008tkc
pdb_00008sxj	pdb_00008tl2
pdb_00008sxj	pdb_00008tl3
pdb_00008sxj	pdb_00008tl4
pdb_00008sxj	pdb_00008tl5
pdb_00008sxj	pdb_00008tng
pdb_00008sxj	pdb_00008tnh
pdb_00008sxj	pdb_00008tni
pdb_00008sxj	pdb_00008to7
pdb_00008sxj	pdb_00008to9
pdb_00008sxj	pdb_00008top
pdb_00008sxj	pdb_00008tq1
pdb_00008sxj	pdb_00008tr3
pdb_00008sxj	pdb_00008ttw
pdb_00008sxj	pdb_00008ulr
pdb_00008sxj	pdb_00008uls
pdb_00008sxj	pdb_00008ult
pdb_00008sxj	pdb_00008ulu
pdb_00008sxj	pdb_00008vgv
pdb_00008sxj	pdb_00008vgw
pdb_00008sxj	pdb_00008vh1
pdb_00008sxj	pdb_00008vh2
pdb_00008sxj	pdb_00009aug
pdb_00008sxj	pdb_00009auh
pdb_00008sxj	pdb_00009aui
pdb_00008sxj	pdb_00009b8b
pdb_00008sxj	pdb_00009b8c
pdb_00008sxj	pdb_00009ber
pdb_00008sxj	pdb_00009bew
pdb_00008sxj	pdb_00009bf6
pdb_00008sxj	pdb_00009bio
pdb_00008sxj	pdb_00009bnk
pdb_00008sxj	pdb_00009bnl
pdb_00008sxj	pdb_00009bnm
pdb_00008sxj	pdb_00009bnp
pdb_00008sxj	pdb_00009bth
pdb_00008sxj	pdb_00009bti
pdb_00008sxj	pdb_00009btj
pdb_00008sxj	pdb_00009btl
pdb_00008sxj	pdb_00009btv
pdb_00008sxj	pdb_00009cf5
pdb_00008sxj	pdb_00009d1w
pdb_00008sxj	pdb_00009d3d
pdb_00008sxj	pdb_00009d7h
pdb_00008sxj	pdb_00009d7i
pdb_00008sxj	pdb_00009d7o
pdb_00008sxj	pdb_00009d7p
pdb_00008sxj	pdb_00009d8y
pdb_00008sxj	pdb_00009d90
pdb_00008sxj	pdb_00009d98
pdb_00008sxj	pdb_00009dhw
pdb_00008sxj	pdb_00009dim
pdb_00008sxj	pdb_00009dmb
pdb_00008sxj	pdb_00009ehl
pdb_00008sxj	pdb_00009ehm
pdb_00008sxj	pdb_00009gst
pdb_00008sxj	pdb_00009mih
pdb_00008sxj	pdb_00009mii
pdb_00008sxj	pdb_00009mqg
pdb_00008sxj	pdb_00009nbt
pdb_00008sxj	pdb_00009nby
pdb_00008sxj	pdb_00009nc0
pdb_00008sxj	pdb_00009nc3
pdb_00008sxj	pdb_00009nc6
pdb_00008sxj	pdb_00009nc8
pdb_00008sxj	pdb_00009nvw
pdb_00008sxj	pdb_00009nvx
pdb_00008sxj	pdb_00009nvy
pdb_00008sxj	pdb_00009nvz
pdb_00008sxj	pdb_00009nw0
pdb_00008sxj	pdb_00009nw1
pdb_00008sxj	pdb_00009o2r
pdb_00008sxj	pdb_00009o2s
pdb_00008sxj	pdb_00009o2t
pdb_00008sxj	pdb_00009o2u
pdb_00008sxj	pdb_00009o8m
pdb_00008sxj	pdb_00009oed
pdb_00008sxj	pdb_00009ogt
pdb_00008sxj	pdb_00009ogu
pdb_00008sxj	pdb_00009omg
pdb_00008sxj	pdb_00009oog
pdb_00008sxj	pdb_00009ook
pdb_00008sxj	pdb_00009oom
pdb_00008sxj	pdb_00009p6e
pdb_00008sxj	pdb_00009p6g
pdb_00008sxj	pdb_00009pit
pdb_00008sxj	pdb_00009piv
pdb_00008sxj	pdb_00009pnu
pdb_00008sxj	pdb_00009q09
pdb_00008sxj	pdb_00009q0w
pdb_00008sxj	pdb_00009q3s
pdb_00008sxj	pdb_00009q3x
pdb_00008sxj	pdb_00009y90
pdb_00008sxj	pdb_00009y9v
pdb_00008sxj	pdb_00009yho
pdb_00008sxj	pdb_00009yhq
pdb_00008sxj	pdb_00009yhr
pdb_00008sxj	pdb_00009yhs
pdb_00008sxj	pdb_00009yht
pdb_00008sxj	pdb_00009yib
pdb_00008sxj	pdb_00009yid
pdb_00008sxj	pdb_00009yie
pdb_00008sxj	pdb_00009yif
pdb_00008sxj	pdb_00009yig
pdb_00008sxj	pdb_00009yih
pdb_00008sxj	pdb_00009yii
pdb_00008sxj	pdb_00009yqo
pdb_00008sxj	pdb_00009z9l
pdb_00008sxj	pdb_00009zrx
pdb_00008sxj	pdb_00009zry
pdb_00008sxj	pdb_00009zrz
pdb_00008sxj	pdb_00006ulc
pdb_00008t05	pdb_00008t05
pdb_00008t07	pdb_00008t07
pdb_00008t07	pdb_00008t03
pdb_00008t07	pdb_00008t04
pdb_00008t07	pdb_00008t06
pdb_00008t2o	pdb_00008t2o
pdb_00008t2o	pdb_00008t29
pdb_00008t2o	pdb_00008t2a
pdb_00008t2o	pdb_00008t2b
pdb_00008t59	pdb_00008t59
pdb_00008t60	pdb_00008t60
pdb_00008t7r	pdb_00008t7r
pdb_00008t7r	pdb_00001pg7
pdb_00008t7r	pdb_00003gje
pdb_00008t7r	pdb_00006fy3
pdb_00008t7r	pdb_00006s8i
pdb_00008t7r	pdb_00006s8j
pdb_00008t9b	pdb_00008t9b
pdb_00008tb0	pdb_00008tb0
pdb_00008tbq	pdb_00008tbq
pdb_00008tbq	pdb_00006mvl
pdb_00008tdx	pdb_00008tdx
pdb_00008tfl	pdb_00008tfl
pdb_00008tfl	pdb_00008tfh
pdb_00008tft	pdb_00008tft
pdb_00008tft	pdb_00006txz
pdb_00008tft	pdb_00007kql
pdb_00008tft	pdb_00008tbb
pdb_00008tga	pdb_00008tga
pdb_00008tga	pdb_00008tg9
pdb_00008the	pdb_00008the
pdb_00008tmq	pdb_00008tmq
pdb_00008tmq	pdb_00008tmb
pdb_00008tmq	pdb_00008tmc
pdb_00008tmq	pdb_00008tmd
pdb_00008tmq	pdb_00008tme
pdb_00008tmq	pdb_00008tmf
pdb_00008tmq	pdb_00008tmg
pdb_00008tmq	pdb_00008tmh
pdb_00008tmq	pdb_00008tmi
pdb_00008tmq	pdb_00008tmj
pdb_00008tmq	pdb_00008tmk
pdb_00008tmq	pdb_00008tml
pdb_00008tmq	pdb_00008tmm
pdb_00008tmq	pdb_00008tmn
pdb_00008tmq	pdb_00008tmo
pdb_00008tmq	pdb_00008tmp
pdb_00009zfy	pdb_00009zfy
pdb_00009zfy	pdb_00006mb3
pdb_00009zfy	pdb_00006mhg
pdb_00009zfy	pdb_00008dyw
pdb_00009zfy	pdb_00008dyx
pdb_00009zfy	pdb_00008dyy
pdb_00009zfy	pdb_00008dz3
pdb_00009zfy	pdb_00008dz4
pdb_00009zfy	pdb_00008dz5
pdb_00009zfy	pdb_00008eh5
pdb_00009zmb	pdb_00009zmb
pdb_00009zmb	pdb_00009nzf
pdb_00009zmb	pdb_00008fas
pdb_00009zmb	pdb_00005bk0
pdb_00009zmb	pdb_00006azm
pdb_00009zmb	pdb_00009zmc
pdb_00009zmb	pdb_00009nkz
pdb_00009zmb	pdb_00009zma
pdb_00009zqc	pdb_00009zqc
pdb_00009zqc	pdb_00006dzt
pdb_00009zqc	pdb_00006e0c
pdb_00009zqc	pdb_00006e0p
pdb_00009zqc	pdb_00007k5x
pdb_00009zqc	pdb_00007k5y
pdb_00009zqc	pdb_00007k60
pdb_00009zqc	pdb_00007k61
pdb_00009zqc	pdb_00007k63
pdb_00009zqc	pdb_00007k78
pdb_00009zqc	pdb_00007u0g
pdb_00009zqc	pdb_00007u0i
pdb_00009zqc	pdb_00007u0j
pdb_00009zqc	pdb_00008dk5
pdb_00009zqc	pdb_00008evg
pdb_00009zqc	pdb_00008evh
pdb_00009zqc	pdb_00008evj
pdb_00009zqc	pdb_00008spu
pdb_00009zqc	pdb_00008syp
pdb_00009zqc	pdb_00008u9s
pdb_00009zqc	pdb_00008ubi
pdb_00009zqc	pdb_00008ubj
pdb_00009zqc	pdb_00008ubk
pdb_00009zqc	pdb_00008ubl
pdb_00009zqc	pdb_00008vfx
pdb_00009zqc	pdb_00009tay
pdb_00009zqc	pdb_00009zen
pdb_00009zqc	pdb_00009zeo
pdb_00009zqc	pdb_00009zq9
pdb_00009zqc	pdb_00009zqa
pdb_00009zqc	pdb_00009zqb
pdb_00009zr7	pdb_00009zr7
pdb_00009zvl	pdb_00009zvl
pdb_00009zvl	pdb_00006a0z
pdb_00009zvl	pdb_00008ghk
pdb_00009zvl	pdb_00008ume
pdb_00009zvl	pdb_00009dwe
pdb_00009zvl	pdb_00009ekf
pdb_00009zvl	pdb_00009zv0
pdb_00009zvl	pdb_00009zv1
pdb_00009zvl	pdb_00009zv4
pdb_00009zvl	pdb_00009zv9
pdb_00009zvl	pdb_00009zvh
pdb_00009zvl	pdb_00008g5a
pdb_00009zvl	pdb_00008iv0
pdb_00009zvl	pdb_000024kr
pdb_00009zvl	pdb_00003whe
pdb_00009zvl	pdb_00004f15
pdb_00009zvl	pdb_00004kvn
pdb_00009zvl	pdb_00004lvh
pdb_00009zvl	pdb_00005k9k
pdb_00009zvl	pdb_00005k9o
pdb_00009zvl	pdb_00005kaq
pdb_00009zvl	pdb_00006pdx
pdb_00009zvl	pdb_00006urm
pdb_00009zvl	pdb_00006uyn
pdb_00009zvl	pdb_00006wzt
pdb_00009zvl	pdb_00007dkj
pdb_00009zvl	pdb_00007fah
pdb_00009zvl	pdb_00007tz5
pdb_00009zvl	pdb_00007umm
pdb_00009zvl	pdb_00007umn
pdb_00009zvl	pdb_00007yhk
pdb_00009zvl	pdb_00008ct6
pdb_00009zvl	pdb_00008dim
pdb_00009zvl	pdb_00008diu
pdb_00009zvl	pdb_00008f38
pdb_00009zvl	pdb_00008iuy
pdb_00009zvl	pdb_00008iuz
pdb_00009zvl	pdb_00008tnl
pdb_00009zvl	pdb_00008toa
pdb_00009zvl	pdb_00008tp2
pdb_00009zvl	pdb_00008tp4
pdb_00009zvl	pdb_00008tp6
pdb_00009zvl	pdb_00008tp7
pdb_00009zvl	pdb_00008tp9
pdb_00009zvl	pdb_00008ut3
pdb_00009zvl	pdb_00008uwa
pdb_00009zvl	pdb_00008uzc
pdb_00009zvl	pdb_00008v7o
pdb_00009zvl	pdb_00008veb
pdb_00009zvl	pdb_00008ved
pdb_00009zvl	pdb_00008vee
pdb_00009zvl	pdb_00008vef
pdb_00009zvl	pdb_00009b7g
pdb_00009zvl	pdb_00009bdf
pdb_00009zvl	pdb_00009bdg
pdb_00009zvl	pdb_00009c0u
pdb_00009zvl	pdb_00009c0v
pdb_00009zvl	pdb_00009c22
pdb_00009zvl	pdb_00009dn2
pdb_00009zvl	pdb_00009do2
pdb_00009zvl	pdb_00009e6j
pdb_00009zvl	pdb_00009lho
pdb_00009zvl	pdb_00009mti
pdb_00009zvl	pdb_00009n4e
pdb_00009zvl	pdb_00009n4f
pdb_00009zvl	pdb_00009n5y
pdb_00009zz6	pdb_00009zz6
pdb_00005gs0	pdb_00005gs0
pdb_00005gs0	pdb_00003ulu
pdb_00005gs0	pdb_00003ulv
pdb_00005gs0	pdb_00007wvf
pdb_00005gs2	pdb_00005gs2
pdb_00005h8o	pdb_00005h8o
pdb_00005hbv	pdb_00005hbv
pdb_00005hbv	pdb_00005hbt
pdb_00005hgg	pdb_00005hgg
pdb_00005hgg	pdb_00004dw2
pdb_00005hgg	pdb_00005lhn
pdb_00005hgg	pdb_00005lhp
pdb_00005hgg	pdb_00005lhq
pdb_00005hgg	pdb_00005lhr
pdb_00005hi5	pdb_00005hi5
pdb_00005hi5	pdb_00002vxs
pdb_00005hi5	pdb_00004qhu
pdb_00005hi5	pdb_00005hhv
pdb_00005hi5	pdb_00005hhx
pdb_00005hi5	pdb_00005hi3
pdb_00005hi5	pdb_00005hi4
pdb_00005hi5	pdb_00005n7w
pdb_00005hi5	pdb_00006ppg
pdb_00005hi5	pdb_00006wio
pdb_00005hi5	pdb_00006wir
pdb_00005hi5	pdb_00007wkx
pdb_00005hi5	pdb_00007z2m
pdb_00005hi5	pdb_00008b7w
pdb_00005hi5	pdb_00008dy1
pdb_00005hi5	pdb_00008dy5
pdb_00005hi5	pdb_00008ruu
pdb_00005hi5	pdb_00009sfx
pdb_00005hi5	pdb_00009sg0
pdb_00005hi5	pdb_00009sg2
pdb_00005hi5	pdb_00009sgh
pdb_00005hm1	pdb_00005hm1
pdb_00005hvh	pdb_00005hvh
pdb_00005hvh	pdb_00005hvf
pdb_00005hvh	pdb_00005hvg
pdb_00005i5k	pdb_00005i5k
pdb_00005i8c	pdb_00005i8c
pdb_00005ig7	pdb_00005ig7
pdb_00005ijk	pdb_00005ijk
pdb_00005ijk	pdb_00005ifj
pdb_00005ikc	pdb_00005ikc
pdb_00005iml	pdb_00005iml
pdb_00005iml	pdb_00005imk
pdb_00005ip4	pdb_00005ip4
pdb_00005ivn	pdb_00005ivn
pdb_00005j13	pdb_00005j13
pdb_00005j1t	pdb_00005j1t
pdb_00005j1t	pdb_00005j1s
pdb_00005ja9	pdb_00005ja9
pdb_00005ja9	pdb_00005ja8
pdb_00005ja9	pdb_00005mje
pdb_00005jmo	pdb_00005jmo
pdb_00005jyl	pdb_00005jyl
pdb_00005jym	pdb_00005jym
pdb_00005jym	pdb_00006cxy
pdb_00005jym	pdb_00006ztr
pdb_00005jz7	pdb_00005jz7
pdb_00005jz7	pdb_00004edw
pdb_00005jz7	pdb_00004edx
pdb_00005jz7	pdb_00009fik
pdb_00005kel	pdb_00005kel
pdb_00005kel	pdb_00009n8f
pdb_00005kem	pdb_00005kem
pdb_00005kn5	pdb_00005kn5
pdb_00005kqv	pdb_00005kqv
pdb_00005kwl	pdb_00005kwl
pdb_00005kwl	pdb_00003jbc
pdb_00005kwl	pdb_00003jbd
pdb_00005kwl	pdb_00003jbe
pdb_00005kwl	pdb_00003jbf
pdb_00005kwl	pdb_00005ktz
pdb_00005kwl	pdb_00005ku0
pdb_00005kwl	pdb_00005ku2
pdb_00005kwl	pdb_00007yrf
pdb_00005kwl	pdb_00006lhp
pdb_00005kwl	pdb_00006z3p
pdb_00005kwl	pdb_00007y7m
pdb_00007d85	pdb_00007d85
pdb_00007d85	pdb_00005sx5
pdb_00007d85	pdb_00003b2u
pdb_00007d85	pdb_00003c09
pdb_00007d85	pdb_00003p0y
pdb_00007d85	pdb_00004krl
pdb_00007d85	pdb_00004krm
pdb_00007d85	pdb_00005sx4
pdb_00007d85	pdb_00006b3s
pdb_00007dc8	pdb_00007dc8
pdb_00007dfp	pdb_00007dfp
pdb_00007dm2	pdb_00007dm2
pdb_00007dm2	pdb_00007dm1
pdb_00007doh	pdb_00007doh
pdb_00007dst	pdb_00007dst
pdb_00007dst	pdb_00007eo0
pdb_00007dst	pdb_00008hbg
pdb_00007dst	pdb_00008hbj
pdb_00007dst	pdb_00008heg
pdb_00007duo	pdb_00007duo
pdb_00007duo	pdb_00003raj
pdb_00007duo	pdb_00004cmh
pdb_00007duo	pdb_00005f1k
pdb_00007duo	pdb_00005f1o
pdb_00007duo	pdb_00005f21
pdb_00007duo	pdb_00007dha
pdb_00007duo	pdb_00007vke
pdb_00007duo	pdb_00008byu
pdb_00007duo	pdb_00008il3
pdb_00007duo	pdb_00008zye
pdb_00007duo	pdb_00009gox
pdb_00007duo	pdb_00009goy
pdb_00007e53	pdb_00007e53
pdb_00007e53	pdb_00003g9a
pdb_00007e53	pdb_00003k1k
pdb_00007e53	pdb_00003ogo
pdb_00007e53	pdb_00006lr7
pdb_00007e53	pdb_00007sai
pdb_00007e53	pdb_00008g0i
pdb_00007e53	pdb_00008sfs
pdb_00007e53	pdb_00008sfx
pdb_00007e53	pdb_00008sfz
pdb_00007e53	pdb_00009zg5
pdb_00007e6u	pdb_00007e6u
pdb_00007e72	pdb_00007e72
pdb_00008bw0	pdb_00008bw0
pdb_00008c3l	pdb_00008c3l
pdb_00008c3l	pdb_00008c3k
pdb_00008c5h	pdb_00008c5h
pdb_00008c7h	pdb_00008c7h
pdb_00008c7h	pdb_00006gff
pdb_00008c7m	pdb_00008c7m
pdb_00008c7m	pdb_00008odx
pdb_00008caf	pdb_00008caf
pdb_00008che	pdb_00008che
pdb_00008chs	pdb_00008chs
pdb_00008chs	pdb_00008cd0
pdb_00008cml	pdb_00008cml
pdb_00008cni	pdb_00008cni
pdb_00008cni	pdb_00009irb
pdb_00008cni	pdb_00009irc
pdb_00008coe	pdb_00008coe
pdb_00008crb	pdb_00008crb
pdb_00008crb	pdb_00008cr9
pdb_00008cxi	pdb_00008cxi
pdb_00008cxi	pdb_00008cxg
pdb_00008cxi	pdb_00008cxh
pdb_00008cyh	pdb_00008cyh
pdb_00008cyh	pdb_00008cxc
pdb_00008cz5	pdb_00008cz5
pdb_00008cz5	pdb_00009yp2
pdb_00008cz8	pdb_00008cz8
pdb_00008d1t	pdb_00008d1t
pdb_00008d1t	pdb_00008d0a
pdb_00008d7e	pdb_00008d7e
pdb_00008dbz	pdb_00008dbz
pdb_00008dcm	pdb_00008dcm
pdb_00008dcn	pdb_00008dcn
pdb_00009biu	pdb_00009biu
pdb_00009biu	pdb_00007nqk
pdb_00009biu	pdb_00009bir
pdb_00009biu	pdb_00009bis
pdb_00009biu	pdb_00009bit
pdb_00009blx	pdb_00009blx
pdb_00009bn7	pdb_00009bn7
pdb_00009bn7	pdb_000021tv
pdb_00009bn7	pdb_000021tw
pdb_00009bn7	pdb_00003wd5
pdb_00009bn7	pdb_00004g3y
pdb_00009bn7	pdb_00005m2i
pdb_00009bn7	pdb_00005m2m
pdb_00009bn7	pdb_00005wux
pdb_00009bn7	pdb_00005yoy
pdb_00009bn7	pdb_00007kpb
pdb_00009bn7	pdb_00008z8m
pdb_00009bn7	pdb_00009jec
pdb_00009bns	pdb_00009bns
pdb_00009bqw	pdb_00009bqw
pdb_00009bsv	pdb_00009bsv
pdb_00009bsv	pdb_00009bsu
pdb_00009bt5	pdb_00009bt5
pdb_00009bx5	pdb_00009bx5
pdb_00009bx7	pdb_00009bx7
pdb_00009c0x	pdb_00009c0x
pdb_00009c0x	pdb_00009j5l
pdb_00009c1s	pdb_00009c1s
pdb_00009c1s	pdb_00007uij
pdb_00009c1s	pdb_00009bif
pdb_00009c1s	pdb_00009c24
pdb_00009c7f	pdb_00009c7f
pdb_00009c7f	pdb_00009c79
pdb_00009c7f	pdb_00009c7d
pdb_00009c7x	pdb_00009c7x
pdb_00009cb5	pdb_00009cb5
pdb_00009cbn	pdb_00009cbn
pdb_00009cbn	pdb_00007rk2
pdb_00009cbn	pdb_00007rk1
pdb_00009cbn	pdb_00005kov
pdb_00009cbn	pdb_00009cn2
pdb_00009ccg	pdb_00009ccg
pdb_00009ccw	pdb_00009ccw
pdb_00009ccw	pdb_00008v93
pdb_00009ccw	pdb_00009ccs
pdb_00009ccw	pdb_00009cct
pdb_00009ccw	pdb_00009ccu
pdb_00009ccw	pdb_00009d6f
pdb_00009ccw	pdb_00009me4
pdb_00009ccw	pdb_00009me5
pdb_00009ccw	pdb_00009me6
pdb_00009ccw	pdb_00009me7
pdb_00009ccw	pdb_00009ptm
pdb_00009cds	pdb_00009cds
pdb_00009cds	pdb_00001c5d
pdb_00009cds	pdb_00001cic
pdb_00009cds	pdb_00001f3d
pdb_00009cds	pdb_00001iai
pdb_00009cds	pdb_00001n0x
pdb_00009cds	pdb_00003bqu
pdb_00009cds	pdb_00004k7p
pdb_00009cds	pdb_00005jor
pdb_00009cds	pdb_00005uhy
pdb_00009cds	pdb_00006ao0
pdb_00009cds	pdb_00007lez
pdb_00009cds	pdb_00007uxl
pdb_00009cds	pdb_00007wg3
pdb_00009cds	pdb_00008ek1
pdb_00009cds	pdb_00008g4p
pdb_00009cds	pdb_00008vs8
pdb_00009cds	pdb_00009n6e
pdb_00009cds	pdb_00009q26
pdb_00009cds	pdb_00009ws0
pdb_00009cds	pdb_00006pyc
pdb_00009cds	pdb_00001ct8
pdb_00009cds	pdb_00001d5b
pdb_00009cds	pdb_00002brr
pdb_00009cds	pdb_00002oqj
pdb_00009cds	pdb_000036az
pdb_00009cds	pdb_00003eyv
pdb_00009cds	pdb_00003g6a
pdb_00009cds	pdb_00003u9u
pdb_00009cds	pdb_00004f58
pdb_00009cds	pdb_00004hfw
pdb_00009cds	pdb_00004nhg
pdb_00009cds	pdb_00004nhh
pdb_00009cds	pdb_00004rbp
pdb_00009cds	pdb_00004rqq
pdb_00009cds	pdb_00004yhn
pdb_00009cds	pdb_00005a16
pdb_00009cds	pdb_00005bk5
pdb_00009cds	pdb_00005jo4
pdb_00009cds	pdb_00005vzx
pdb_00009cds	pdb_00005wdf
pdb_00009cds	pdb_00006ani
pdb_00009cds	pdb_00006azx
pdb_00009cds	pdb_00006cxg
pdb_00009cds	pdb_00006cxl
pdb_00009cds	pdb_00006d01
pdb_00009cds	pdb_00006fg1
pdb_00009cds	pdb_00006fg2
pdb_00009cds	pdb_00006mnf
pdb_00009cds	pdb_00006mu3
pdb_00009cds	pdb_00006mub
pdb_00009cds	pdb_00006mxr
pdb_00009cds	pdb_00006mxs
pdb_00009cds	pdb_00006my4
pdb_00009cds	pdb_00006my5
pdb_00009cds	pdb_00006n2x
pdb_00009cds	pdb_00006n32
pdb_00009cds	pdb_00006n35
pdb_00009cds	pdb_00006o23
pdb_00009cds	pdb_00006ol5
pdb_00009cds	pdb_00006ozc
pdb_00009cds	pdb_00006sxi
pdb_00009cds	pdb_00006ule
pdb_00009cds	pdb_00006ute
pdb_00009cds	pdb_00006vrq
pdb_00009cds	pdb_00006wg1
pdb_00009cds	pdb_00006wg2
pdb_00009cds	pdb_00006x87
pdb_00009cds	pdb_00006xoc
pdb_00009cds	pdb_00007dk2
pdb_00009cds	pdb_00007e8f
pdb_00009cds	pdb_00007jln
pdb_00009cds	pdb_00007k9z
pdb_00009cds	pdb_00007l02
pdb_00009cds	pdb_00007l06
pdb_00009cds	pdb_00007l09
pdb_00009cds	pdb_00007l7e
pdb_00009cds	pdb_00007rm1
pdb_00009cds	pdb_00007sd3
pdb_00009cds	pdb_00007unb
pdb_00009cds	pdb_00007v05
pdb_00009cds	pdb_00007zfc
pdb_00009cds	pdb_00008d8q
pdb_00009cds	pdb_00008jf7
pdb_00009cds	pdb_00008p2e
pdb_00009cds	pdb_00008pn0
pdb_00009cds	pdb_00008sj4
pdb_00009cds	pdb_00008t51
pdb_00009cds	pdb_00008t58
pdb_00009cds	pdb_00008t6m
pdb_00009cds	pdb_00008t9y
pdb_00009cds	pdb_00008thz
pdb_00009cds	pdb_00008ts5
pdb_00009cds	pdb_00008us8
pdb_00009cds	pdb_00008vgn
pdb_00009cds	pdb_00008vgo
pdb_00009cds	pdb_00008vma
pdb_00009cds	pdb_00008vs7
pdb_00009cds	pdb_00008vuz
pdb_00009cds	pdb_00008y57
pdb_00009cds	pdb_00009atm
pdb_00009cds	pdb_00009bp1
pdb_00009cds	pdb_00009f1i
pdb_00009cds	pdb_00009jt1
pdb_00009cds	pdb_00009mk4
pdb_00009cds	pdb_00009mml
pdb_00009cds	pdb_00009mmv
pdb_00009cds	pdb_00009pav
pdb_00009cds	pdb_00009pi9
pdb_00009cds	pdb_00009rm2
pdb_00009cds	pdb_00009rtg
pdb_00009cds	pdb_00009ymk
pdb_00009cds	pdb_00009yml
pdb_00009cds	pdb_00009zm8
pdb_00009cds	pdb_00009zm9
pdb_00009cfd	pdb_00009cfd
pdb_00009ck4	pdb_00009ck4
pdb_00009clp	pdb_00009clp
pdb_00003ezj	pdb_00003ezj
pdb_00003f58	pdb_00003f58
pdb_00003ffd	pdb_00003ffd
pdb_00003fmg	pdb_00003fmg
pdb_00003fn0	pdb_00003fn0
pdb_00003g04	pdb_00003g04
pdb_00003g04	pdb_00002xwt
pdb_00003g5y	pdb_00003g5y
pdb_00003g5y	pdb_00003g5v
pdb_00003g6j	pdb_00003g6j
pdb_00003g6j	pdb_00006ru5
pdb_00003g6j	pdb_00006yo6
pdb_00003ggw	pdb_00003ggw
pdb_00003ghb	pdb_00003ghb
pdb_00003gi9	pdb_00003gi9
pdb_00003gi9	pdb_00003gi8
pdb_00003grw	pdb_00003grw
pdb_00003h0t	pdb_00003h0t
pdb_00003h3b	pdb_00003h3b
pdb_00003h3b	pdb_00008jyr
pdb_00003h3p	pdb_00003h3p
pdb_00003hi6	pdb_00003hi6
pdb_00003hi6	pdb_00003eoa
pdb_00003hi6	pdb_00003eob
pdb_00003hmx	pdb_00003hmx
pdb_00003hmx	pdb_00005mzv
pdb_00003hmx	pdb_00005njd
pdb_00003hr5	pdb_00003hr5
pdb_00003idg	pdb_00003idg
pdb_00003idi	pdb_00003idi
pdb_00003idj	pdb_00003idj
pdb_00003idm	pdb_00003idm
pdb_00003idn	pdb_00003idn
pdb_00003iet	pdb_00003iet
pdb_00003ifl	pdb_00003ifl
pdb_00003ifo	pdb_00003ifo
pdb_00003ifp	pdb_00003ifp
pdb_00003ivk	pdb_00003ivk
pdb_00003ixt	pdb_00003ixt
pdb_00003j1s	pdb_00003j1s
pdb_00003j1s	pdb_00009b6n
pdb_00003j1s	pdb_00009b6o
pdb_00003j1s	pdb_00009b6p
pdb_00003j1s	pdb_00009b6q
pdb_00003j1s	pdb_00009b6r
pdb_00003j1s	pdb_00009b6s
pdb_00003j1s	pdb_00009b6t
pdb_00003j1s	pdb_00009b7k
pdb_00003j1s	pdb_00009b7l
pdb_00003j1s	pdb_00009b7m
pdb_00003j1s	pdb_00009b7n
pdb_00003j1s	pdb_00009b7o
pdb_00003j1s	pdb_00009b7p
pdb_00003j1s	pdb_00009b7q
pdb_00003j1s	pdb_00009b7r
pdb_00003j1s	pdb_00009dc3
pdb_00003j8d	pdb_00003j8d
pdb_00003j8d	pdb_00003uzq
pdb_00003j8d	pdb_00004al8
pdb_00003j8d	pdb_00004ala
pdb_00003j8d	pdb_00004ffy
pdb_00003j8d	pdb_00004ffz
pdb_00003j8d	pdb_00004l5f
pdb_00003j8d	pdb_00005vic
pdb_00003j8d	pdb_00006dfj
pdb_00003j8d	pdb_00002r69
pdb_00003j8d	pdb_00001ztx
pdb_00003j8d	pdb_00002r29
pdb_00003j8d	pdb_00003uyp
pdb_00003j8d	pdb_00003uzv
pdb_00003j8d	pdb_00004am0
pdb_00003j8d	pdb_00004bz1
pdb_00003j8d	pdb_00004bz2
pdb_00003j8d	pdb_00005aam
pdb_00003j8d	pdb_00005aaw
pdb_00003j8d	pdb_00005kvd
pdb_00003j8d	pdb_00005kve
pdb_00003j8d	pdb_00005kvf
pdb_00003j8d	pdb_00005kvg
pdb_00003j8d	pdb_00005vig
pdb_00003j8d	pdb_00006dfi
pdb_00003j8d	pdb_00006fla
pdb_00003j8d	pdb_00006flb
pdb_00003j8d	pdb_00006flc
pdb_00003j8d	pdb_00006jep
pdb_00003j8d	pdb_00006plk
pdb_00003j8d	pdb_00006uta
pdb_00003j8d	pdb_00009zrm
pdb_00003j8d	pdb_00009zrn
pdb_00003j8d	pdb_00009zro
pdb_00003j8d	pdb_00009zrp
pdb_00003jau	pdb_00003jau
pdb_00003jbq	pdb_00003jbq
pdb_00003jbq	pdb_00003jab
pdb_00003k3q	pdb_00003k3q
pdb_00003k80	pdb_00003k80
pdb_00003k80	pdb_00003k7u
pdb_00003k80	pdb_00003k81
pdb_00003kj4	pdb_00003kj4
pdb_00003kr3	pdb_00003kr3
pdb_00003ks0	pdb_00003ks0
pdb_00006vbg	pdb_00006vbg
pdb_00006vbg	pdb_00005gxb
pdb_00006vbg	pdb_00006c9w
pdb_00006vel	pdb_00006vel
pdb_00006vgr	pdb_00006vgr
pdb_00006vja	pdb_00006vja
pdb_00006vjn	pdb_00006vjn
pdb_00006vjn	pdb_00006xlz
pdb_00006vjt	pdb_00006vjt
pdb_00006vln	pdb_00006vln
pdb_00006vln	pdb_00006ulf
pdb_00006vry	pdb_00006vry
pdb_00006vtw	pdb_00006vtw
pdb_00006vx4	pdb_00006vx4
pdb_00006w00	pdb_00006w00
pdb_00006w05	pdb_00006w05
pdb_00006w09	pdb_00006w09
pdb_00006w09	pdb_00005any
pdb_00006w09	pdb_00006w1c
pdb_00006w09	pdb_00007cvy
pdb_00006w09	pdb_00007cw3
pdb_00006w09	pdb_00008dww
pdb_00006w09	pdb_00008dwx
pdb_00006w09	pdb_00008dwy
pdb_00006w09	pdb_00009iw2
pdb_00006w09	pdb_00009ixa
pdb_00006w09	pdb_00009iz9
pdb_00006w09	pdb_00006vyv
pdb_00006wer	pdb_00006wer
pdb_00006wer	pdb_00006weq
pdb_00006wer	pdb_00007k93
pdb_00006wer	pdb_00007wur
pdb_00006wer	pdb_00008jkf
pdb_00006wer	pdb_00008jkh
pdb_00006wer	pdb_00008jqm
pdb_00006wer	pdb_00008jqn
pdb_00006wer	pdb_00008jqs
pdb_00006wer	pdb_00008wnp
pdb_00006wer	pdb_00008wnu
pdb_00006wer	pdb_00008wo4
pdb_00006wfw	pdb_00006wfw
pdb_00006wfx	pdb_00006wfx
pdb_00006wfy	pdb_00006wfy
pdb_00006wfz	pdb_00006wfz
pdb_00006wfz	pdb_00006axk
pdb_00006wfz	pdb_00006axl
pdb_00006wfz	pdb_00006pbw
pdb_00006wh9	pdb_00006wh9
pdb_00006wh9	pdb_00006w7s
pdb_00007vtj	pdb_00007vtj
pdb_00007vyt	pdb_00007vyt
pdb_00007vyt	pdb_00008jel
pdb_00007vyt	pdb_00008jen
pdb_00007vyt	pdb_00008jeo
pdb_00007vyt	pdb_00008szy
pdb_00007vyt	pdb_00008vtd
pdb_00007vyt	pdb_00008vte
pdb_00007w71	pdb_00007w71
pdb_00007wki	pdb_00007wki
pdb_00007wn1	pdb_00007wn1
pdb_00007wn1	pdb_00007wn0
pdb_00007wn8	pdb_00007wn8
pdb_00008vrb	pdb_00008vrb
pdb_00008vrb	pdb_00001w72
pdb_00008vrb	pdb_00003gjf
pdb_00008vrb	pdb_00003hae
pdb_00008vrb	pdb_00004wuu
pdb_00008vrb	pdb_00006id4
pdb_00008vrb	pdb_00006uj9
pdb_00008vrb	pdb_00007bbg
pdb_00008vrb	pdb_00007bh8
pdb_00008vrb	pdb_00007re7
pdb_00008vrb	pdb_00007t0l
pdb_00008vrb	pdb_00007tr4
pdb_00008vrb	pdb_00008eb2
pdb_00008vrb	pdb_00008ek5
pdb_00008vrb	pdb_00008fja
pdb_00008vrb	pdb_00008fjb
pdb_00008vrb	pdb_00008tq4
pdb_00008vrb	pdb_00008tq5
pdb_00008vrb	pdb_00008tq7
pdb_00008vrb	pdb_00008tq8
pdb_00008vrb	pdb_00008tq9
pdb_00008vrb	pdb_00008tqa
pdb_00008vrb	pdb_00008udr
pdb_00008vrb	pdb_00008vr9
pdb_00008vrb	pdb_00008vra
pdb_00008vrb	pdb_00009d73
pdb_00008vrb	pdb_00009d74
pdb_00008vrb	pdb_00009nfb
pdb_00008vrb	pdb_00009nfc
pdb_00008vrb	pdb_00009nw6
pdb_00008vrb	pdb_00009nw7
pdb_00008vrb	pdb_00009nw8
pdb_00008vrb	pdb_00009nw9
pdb_00008vrb	pdb_00009pix
pdb_00008vrb	pdb_00009pkc
pdb_00008vrb	pdb_00009pkf
pdb_00008vrb	pdb_00009pkv
pdb_00008vrb	pdb_00009qqe
pdb_00008vrb	pdb_00009qqf
pdb_00008vrb	pdb_00009rwi
pdb_00008vrb	pdb_00009vso
pdb_00008vrb	pdb_00003cvh
pdb_00008vsj	pdb_00008vsj
pdb_00008vsj	pdb_00008euq
pdb_00008vsj	pdb_00009b7b
pdb_00008vsj	pdb_00008w86
pdb_00008vsj	pdb_00006xp6
pdb_00008vsj	pdb_00008w83
pdb_00008vsj	pdb_00008w84
pdb_00008vsj	pdb_00008w85
pdb_00008vsj	pdb_00009l1l
pdb_00008vti	pdb_00008vti
pdb_00008vus	pdb_00008vus
pdb_00008vus	pdb_000010en
pdb_00008vus	pdb_000010ev
pdb_00008vus	pdb_000010ex
pdb_00008vus	pdb_000010ey
pdb_00008vus	pdb_000010ez
pdb_00008vus	pdb_000010fe
pdb_00008vus	pdb_000010ff
pdb_00008vus	pdb_000010fn
pdb_00008vus	pdb_00007teq
pdb_00008vus	pdb_00007ter
pdb_00008vus	pdb_00007tes
pdb_00008vus	pdb_00007tet
pdb_00008vus	pdb_00008jiz
pdb_00008vus	pdb_00008jj0
pdb_00008vus	pdb_00008jj1
pdb_00008vus	pdb_00008jj2
pdb_00008vus	pdb_00008vuh
pdb_00008vus	pdb_00008vuj
pdb_00008vus	pdb_00008vun
pdb_00008vus	pdb_00008vur
pdb_00008vus	pdb_00008vut
pdb_00008vus	pdb_00008vuu
pdb_00008vus	pdb_00008vuy
pdb_00008vus	pdb_00008xlk
pdb_00008vus	pdb_00009jnn
pdb_00008vus	pdb_00009pzs
pdb_00008vus	pdb_00009pzt
pdb_00008vus	pdb_00009pzu
pdb_00008vus	pdb_00009pzv
pdb_00008vvh	pdb_00008vvh
pdb_00008vvh	pdb_00005tpw
pdb_00008vvh	pdb_00005tq0
pdb_00008vvh	pdb_00005tq2
pdb_00008vvh	pdb_00008vul
pdb_00008vvh	pdb_00008vuq
pdb_00008vvh	pdb_00008vuv
pdb_00008vvh	pdb_00008zh7
pdb_00008vwe	pdb_00008vwe
pdb_00008vxj	pdb_00008vxj
pdb_00008vy4	pdb_00008vy4
pdb_00008vyl	pdb_00008vyl
pdb_00008vzo	pdb_00008vzo
pdb_00008vzo	pdb_00008vzn
pdb_00008w5d	pdb_00008w5d
pdb_00008w5d	pdb_00008w5e
pdb_00008w5d	pdb_00008w5f
pdb_00008w5d	pdb_00008w5g
pdb_00008w5d	pdb_00008w5h
pdb_00008w5d	pdb_00008w5i
pdb_00008w5d	pdb_00008w5l
pdb_00008w5d	pdb_00008w5m
pdb_00008w5d	pdb_00008w5n
pdb_00008w5d	pdb_00008w5o
pdb_00008w5d	pdb_00008w5p
pdb_00008w5d	pdb_00008w5q
pdb_00008w5d	pdb_00008w5r
pdb_00008w5d	pdb_00008w5t
pdb_00008w5d	pdb_00008w5u
pdb_00008w5d	pdb_00008w5v
pdb_00008w5d	pdb_00008w5w
pdb_00008w90	pdb_00008w90
pdb_00008w90	pdb_00003lqa
pdb_00008w90	pdb_00003o2d
pdb_00008w90	pdb_00004q6i
pdb_00008w9j	pdb_00008w9j
pdb_00009ntq	pdb_00009ntq
pdb_00009nww	pdb_00009nww
pdb_00009o38	pdb_00009o38
pdb_00009o38	pdb_00009nox
pdb_00009o54	pdb_00009o54
pdb_00009o55	pdb_00009o55
pdb_00009o7f	pdb_00009o7f
pdb_00009o7f	pdb_00009o7d
pdb_00009o7f	pdb_00009o7e
pdb_00009o7f	pdb_00009o7h
pdb_00009o7i	pdb_00009o7i
pdb_00009odb	pdb_00009odb
pdb_00009oeg	pdb_00009oeg
pdb_00009oeg	pdb_00009oef
pdb_00009og2	pdb_00009og2
pdb_00009og2	pdb_00009og1
pdb_00009og2	pdb_00009qt3
pdb_00009og2	pdb_00009shd
pdb_00009oj4	pdb_00009oj4
pdb_00009ojv	pdb_00009ojv
pdb_00009op1	pdb_00009op1
pdb_00009oqd	pdb_00009oqd
pdb_00009osx	pdb_00009osx
pdb_00009ot6	pdb_00009ot6
pdb_000010gh	pdb_000010gh
pdb_000010gh	pdb_00009dz4
pdb_000010or	pdb_000010or
pdb_000010or	pdb_000010op
pdb_000010or	pdb_00006mam
pdb_000011hw	pdb_000011hw
pdb_000011hw	pdb_000011hk
pdb_000011ov	pdb_000011ov
pdb_000011ov	pdb_000011lt
pdb_000012pb	pdb_000012pb
pdb_000012pb	pdb_000012oy
pdb_000012pb	pdb_000012oz
pdb_000012qa	pdb_000012qa
pdb_000012qd	pdb_000012qd
pdb_000012qd	pdb_000012qb
pdb_000012qd	pdb_000012qc
pdb_000012qj	pdb_000012qj
pdb_000013bf	pdb_000013bf
pdb_000013br	pdb_000013br
pdb_00001a3r	pdb_00001a3r
pdb_00001adq	pdb_00001adq
pdb_00001adq	pdb_00002j6e
pdb_00001adq	pdb_00005xmh
pdb_00001adq	pdb_00006s5a
pdb_00001adq	pdb_00008f8w
pdb_00001adq	pdb_00008f8x
pdb_00001afv	pdb_00001afv
pdb_00001bgx	pdb_00001bgx
pdb_00001bog	pdb_00001bog
pdb_00001cbv	pdb_00001cbv
pdb_00001ce1	pdb_00001ce1
pdb_00001cfn	pdb_00001cfn
pdb_00001cfs	pdb_00001cfs
pdb_00001cft	pdb_00001cft
pdb_00001cu4	pdb_00001cu4
pdb_00001e4w	pdb_00001e4w
pdb_00001e4x	pdb_00001e4x
pdb_00001e6j	pdb_00001e6j
pdb_00001e6j	pdb_00003vrl
pdb_00001e6j	pdb_00007n9u
pdb_00001e6j	pdb_00007n9v
pdb_00001e6j	pdb_00007n9x
pdb_00001egj	pdb_00001egj
pdb_00001ehl	pdb_00001ehl
pdb_00001ejo	pdb_00001ejo
pdb_00001f3r	pdb_00001f3r
pdb_00001f58	pdb_00001f58
pdb_00001f58	pdb_00001ai1
pdb_00001fpt	pdb_00001fpt
pdb_00001frg	pdb_00001frg
pdb_00001fsk	pdb_00001fsk
pdb_00001fsk	pdb_00007mxl
pdb_00001fsk	pdb_00007n0u
pdb_00001fsk	pdb_00007n0v
pdb_00001fsk	pdb_00009y0a
pdb_00001fsk	pdb_00009y0e
pdb_00001g6v	pdb_00001g6v
pdb_00001qnz	pdb_00001qnz
pdb_00001rjl	pdb_00001rjl
pdb_00001sm3	pdb_00001sm3
pdb_00001svz	pdb_00001svz
pdb_00001tet	pdb_00001tet
pdb_00001tjg	pdb_00001tjg
pdb_00001tzg	pdb_00001tzg
pdb_00001u8h	pdb_00001u8h
pdb_00001u8i	pdb_00001u8i
pdb_00001u8j	pdb_00001u8j
pdb_00001u8k	pdb_00001u8k
pdb_00001u8l	pdb_00001u8l
pdb_00001u8m	pdb_00001u8m
pdb_00001u8n	pdb_00001u8n
pdb_00001u8o	pdb_00001u8o
pdb_00001u8p	pdb_00001u8p
pdb_00001u8q	pdb_00001u8q
pdb_00001u91	pdb_00001u91
pdb_00001u92	pdb_00001u92
pdb_00001u93	pdb_00001u93
pdb_00001u95	pdb_00001u95
pdb_00001uj3	pdb_00001uj3
pdb_00001uj3	pdb_00001ahw
pdb_00001uj3	pdb_00001jps
pdb_00001uj3	pdb_00004m7l
pdb_00001uj3	pdb_00005w06
pdb_00001uwx	pdb_00001uwx
pdb_00001v7n	pdb_00001v7n
pdb_00001v7n	pdb_00001v7m
pdb_00001wej	pdb_00001wej
pdb_00001xf5	pdb_00001xf5
pdb_00001xf5	pdb_00001xcq
pdb_00001xf5	pdb_00001xct
pdb_00001xgy	pdb_00001xgy
pdb_00001xiw	pdb_00001xiw
pdb_00001ynt	pdb_00001ynt
pdb_00001zea	pdb_00001zea
pdb_000022gi	pdb_000022gi
pdb_00004ydv	pdb_00004ydv
pdb_00004yga	pdb_00004yga
pdb_00004yhz	pdb_00004yhz
pdb_00004ypg	pdb_00004ypg
pdb_00004ypg	pdb_00003ux9
pdb_00004ypg	pdb_00004z5r
pdb_00004ypg	pdb_00009gvl
pdb_00004ypg	pdb_00009gvo
pdb_00004ypg	pdb_00009gw5
pdb_00004yr6	pdb_00004yr6
pdb_00004yue	pdb_00004yue
pdb_00004yue	pdb_00004yqx
pdb_00004yue	pdb_00005lqb
pdb_00004yue	pdb_00005utz
pdb_00004yue	pdb_00006ye3
pdb_00004yue	pdb_00007dr4
pdb_00004yue	pdb_00008sow
pdb_00004yue	pdb_00008soz
pdb_00004ywg	pdb_00004ywg
pdb_00004ywg	pdb_00003u2s
pdb_00004ywg	pdb_00003u4e
pdb_00004ywg	pdb_00004dqo
pdb_00004ywg	pdb_00005vgj
pdb_00004ywg	pdb_00006fy1
pdb_00004ywg	pdb_00006fy2
pdb_00004ywg	pdb_00006was
pdb_00004ywg	pdb_00006wit
pdb_00004ywg	pdb_00006xsn
pdb_00004yzf	pdb_00004yzf
pdb_00004z0x	pdb_00004z0x
pdb_00004z0x	pdb_00004jzo
pdb_00004z0x	pdb_00005erw
pdb_00004z8f	pdb_00004z8f
pdb_00004zfo	pdb_00004zfo
pdb_00004zfo	pdb_00009mqo
pdb_00004zso	pdb_00004zso
pdb_00004zto	pdb_00004zto
pdb_00005a2i	pdb_00005a2i
pdb_00005a2j	pdb_00005a2j
pdb_00005a2k	pdb_00005a2k
pdb_00005a2l	pdb_00005a2l
pdb_00005aum	pdb_00005aum
pdb_00005b71	pdb_00005b71
pdb_00005bo1	pdb_00005bo1
pdb_00005bop	pdb_00005bop
pdb_00005bv7	pdb_00005bv7
pdb_00005bv7	pdb_00004xwg
pdb_00005bv7	pdb_00004xx1
pdb_00005c0n	pdb_00005c0n
pdb_00005c0n	pdb_00005d8j
pdb_00005c0s	pdb_00005c0s
pdb_00005c0s	pdb_00005c0r
pdb_00005c1m	pdb_00005c1m
pdb_00005c1m	pdb_00006vi4
pdb_00005c1m	pdb_00007yit
pdb_00005c1m	pdb_00008e0g
pdb_00005c2u	pdb_00005c2u
pdb_00005c3l	pdb_00005c3l
pdb_00005c8j	pdb_00005c8j
pdb_00005cbe	pdb_00005cbe
pdb_00005cjs	pdb_00005cjs
pdb_00005cjs	pdb_00005cjq
pdb_00005cws	pdb_00005cws
pdb_00005d1z	pdb_00005d1z
pdb_00005da0	pdb_00005da0
pdb_00005dd0	pdb_00005dd0
pdb_00005dd0	pdb_00001tjh
pdb_00007a3t	pdb_00007a3t
pdb_00007a3t	pdb_00005h30
pdb_00007a3t	pdb_00005h32
pdb_00007a3t	pdb_00005h37
pdb_00007a3t	pdb_00005lbs
pdb_00007a3t	pdb_00005lcv
pdb_00007a3t	pdb_00005n09
pdb_00007a3t	pdb_00005n0a
pdb_00007a3t	pdb_00005y0a
pdb_00007a3t	pdb_00006jfh
pdb_00007a3t	pdb_00006jfi
pdb_00007a3t	pdb_00006lnt
pdb_00007a3t	pdb_00006mid
pdb_00007a3t	pdb_00006nip
pdb_00007a3t	pdb_00006niu
pdb_00007a3t	pdb_00007a3p
pdb_00007a3t	pdb_00007bpk
pdb_00007a3t	pdb_00007bu8
pdb_00007a3t	pdb_00007bua
pdb_00007a3t	pdb_00007c2s
pdb_00007a3t	pdb_00007c2t
pdb_00007a3t	pdb_00007cbp
pdb_00007a3t	pdb_00007kcr
pdb_00007a3t	pdb_00007t17
pdb_00007a3t	pdb_00007yar
pdb_00007a3t	pdb_00008dv6
pdb_00007a3t	pdb_00009js6
pdb_00007a3t	pdb_00009js7
pdb_00007a3t	pdb_00009od2
pdb_00007a3t	pdb_00009owf
pdb_00007a3t	pdb_00009pm6
pdb_00007a3t	pdb_00007a3q
pdb_00007a3t	pdb_00003ixx
pdb_00007a3t	pdb_00003iyw
pdb_00007a3t	pdb_00003uaj
pdb_00007a48	pdb_00007a48
pdb_00007a4t	pdb_00007a4t
pdb_00007aej	pdb_00007aej
pdb_00007anq	pdb_00007anq
pdb_00007aqg	pdb_00007aqg
pdb_00007aqg	pdb_00006gwn
pdb_00007aqg	pdb_00006gwp
pdb_00007aqg	pdb_00006gwq
pdb_00007aqg	pdb_00006i8s
pdb_00007aqg	pdb_00006zrv
pdb_00007ar0	pdb_00007ar0
pdb_00007ar0	pdb_00007aqx
pdb_00007ar0	pdb_00007aqy
pdb_00007ar0	pdb_00007aqz
pdb_00007azb	pdb_00007azb
pdb_00007b09	pdb_00007b09
pdb_00007b09	pdb_00005ljy
pdb_00007b09	pdb_00006z06
pdb_00007b2m	pdb_00007b2m
pdb_00007b2m	pdb_00006ysq
pdb_00007b2q	pdb_00007b2q
pdb_00007b2q	pdb_00007b2p
pdb_00007bc7	pdb_00007bc7
pdb_00007bc7	pdb_00007bc6
pdb_00007bsd	pdb_00007bsd
pdb_00007bsd	pdb_00004oii
pdb_00007bsd	pdb_00007bsc
pdb_00007bts	pdb_00007bts
pdb_00007bts	pdb_00004lde
pdb_00007bts	pdb_00004ldl
pdb_00007bts	pdb_00004ldo
pdb_00007bts	pdb_00004qkx
pdb_00007bts	pdb_00005jqh
pdb_00007bts	pdb_00006mxt
pdb_00007bts	pdb_00006n48
pdb_00007bts	pdb_00007bu6
pdb_00007bts	pdb_00007bu7
pdb_00007bxv	pdb_00007bxv
pdb_00007c4s	pdb_00007c4s
pdb_00007c94	pdb_00007c94
pdb_00007xqv	pdb_00007xqv
pdb_00007xqv	pdb_00006sge
pdb_00007xtp	pdb_00007xtp
pdb_00007xtp	pdb_00007d6y
pdb_00007xtp	pdb_00007d8b
pdb_00007xw7	pdb_00007xw7
pdb_00007xw7	pdb_00007t9m
pdb_00007xw7	pdb_00007t9n
pdb_00007xy8	pdb_00007xy8
pdb_00007y1b	pdb_00007y1b
pdb_00007y3j	pdb_00007y3j
pdb_00007y58	pdb_00007y58
pdb_00007y58	pdb_000029on
pdb_00007y8j	pdb_00007y8j
pdb_00007yaj	pdb_00007yaj
pdb_00007yaj	pdb_00007yag
pdb_00007yaj	pdb_00007yah
pdb_00007yaj	pdb_00007yai
pdb_00007ydj	pdb_00007ydj
pdb_00007ydj	pdb_00007wy0
pdb_00007ydj	pdb_00007wz7
pdb_00007ydj	pdb_00007x10
pdb_00007ydj	pdb_00008h8j
pdb_00007ydj	pdb_00007xxh
pdb_00007ydj	pdb_00006oij
pdb_00007ydj	pdb_00007ezm
pdb_00007ydj	pdb_00007f8w
pdb_00007ydj	pdb_00007rkf
pdb_00007ydj	pdb_00007t6b
pdb_00007ydj	pdb_00007try
pdb_00007ydj	pdb_00007w3z
pdb_00007ydj	pdb_00007w40
pdb_00007ydj	pdb_00007xw9
pdb_00007ydj	pdb_00008dzr
pdb_00007ydj	pdb_00008iys
pdb_00007ydj	pdb_00008vy9
pdb_00007ydj	pdb_00008xqp
pdb_00007ydj	pdb_00008yky
pdb_00007ydj	pdb_00008zje
pdb_00007ydj	pdb_00009b5y
pdb_00007ydj	pdb_00009oxb
pdb_00007ydj	pdb_00009vaw
pdb_00007ydj	pdb_00008jlq
pdb_00007ydj	pdb_000012iz
pdb_00007ydj	pdb_000020zc
pdb_00007ydj	pdb_000020zg
pdb_00007ydj	pdb_000020zh
pdb_00007ydj	pdb_000020zi
pdb_00007ydj	pdb_000020zj
pdb_00007ydj	pdb_000020zk
pdb_00007ydj	pdb_000023iv
pdb_00007ydj	pdb_000023iw
pdb_00007ydj	pdb_000024qh
pdb_00007ydj	pdb_000024ti
pdb_00007ydj	pdb_000025nv
pdb_00007ydj	pdb_000025nx
pdb_00007ydj	pdb_000026xh
pdb_00007ydj	pdb_000027xk
pdb_00007ydj	pdb_00003sn6
pdb_00007ydj	pdb_00005uz7
pdb_00007ydj	pdb_00005vai
pdb_00007ydj	pdb_00006b3j
pdb_00007ydj	pdb_00006cmo
pdb_00007ydj	pdb_00006crk
pdb_00007ydj	pdb_00006dde
pdb_00007ydj	pdb_00006e3y
pdb_00007ydj	pdb_00006k41
pdb_00007ydj	pdb_00006k42
pdb_00007ydj	pdb_00006kpf
pdb_00007ydj	pdb_00006kpg
pdb_00007ydj	pdb_00006lfm
pdb_00007ydj	pdb_00006lfo
pdb_00007ydj	pdb_00006lmk
pdb_00007ydj	pdb_00006lml
pdb_00007ydj	pdb_00006n4b
pdb_00007ydj	pdb_00006nbf
pdb_00007ydj	pdb_00006nbh
pdb_00007ydj	pdb_00006nbi
pdb_00007ydj	pdb_00006ni3
pdb_00007ydj	pdb_00006niy
pdb_00007ydj	pdb_00006oik
pdb_00007ydj	pdb_00006omm
pdb_00007ydj	pdb_00006orv
pdb_00007ydj	pdb_00006os9
pdb_00007ydj	pdb_00006ot0
pdb_00007ydj	pdb_00006oya
pdb_00007ydj	pdb_00006p9x
pdb_00007ydj	pdb_00006p9y
pdb_00007ydj	pdb_00006pb0
pdb_00007ydj	pdb_00006pb1
pdb_00007ydj	pdb_00006pt0
pdb_00007ydj	pdb_00006qno
pdb_00007ydj	pdb_00006uun
pdb_00007ydj	pdb_00006uus
pdb_00007ydj	pdb_00006uva
pdb_00007ydj	pdb_00006vcb
pdb_00007ydj	pdb_00006vms
pdb_00007ydj	pdb_00006vn7
pdb_00007ydj	pdb_00006whc
pdb_00007ydj	pdb_00006wi9
pdb_00007ydj	pdb_00006wpw
pdb_00007ydj	pdb_00006wzg
pdb_00007ydj	pdb_00006x18
pdb_00007ydj	pdb_00006x19
pdb_00007ydj	pdb_00006x1a
pdb_00007ydj	pdb_00006xbj
pdb_00007ydj	pdb_00006xbk
pdb_00007ydj	pdb_00006xbl
pdb_00007ydj	pdb_00006xbm
pdb_00007ydj	pdb_00006xox
pdb_00007ydj	pdb_00007aue
pdb_00007ydj	pdb_00007bw0
pdb_00007ydj	pdb_00007bz2
pdb_00007ydj	pdb_00007c2e
pdb_00007ydj	pdb_00007cfm
pdb_00007ydj	pdb_00007cfn
pdb_00007ydj	pdb_00007ckw
pdb_00007ydj	pdb_00007ckx
pdb_00007ydj	pdb_00007cky
pdb_00007ydj	pdb_00007ckz
pdb_00007ydj	pdb_00007cmu
pdb_00007ydj	pdb_00007cmv
pdb_00007ydj	pdb_00007crh
pdb_00007ydj	pdb_00007cx2
pdb_00007ydj	pdb_00007cx3
pdb_00007ydj	pdb_00007cx4
pdb_00007ydj	pdb_00007cz5
pdb_00007ydj	pdb_00007d3s
pdb_00007ydj	pdb_00007d68
pdb_00007ydj	pdb_00007db6
pdb_00007ydj	pdb_00007dhi
pdb_00007ydj	pdb_00007dhr
pdb_00007ydj	pdb_00007dty
pdb_00007ydj	pdb_00007duq
pdb_00007ydj	pdb_00007dur
pdb_00007ydj	pdb_00007dw9
pdb_00007ydj	pdb_00007e32
pdb_00007ydj	pdb_00007e33
pdb_00007ydj	pdb_00007e9g
pdb_00007ydj	pdb_00007e9h
pdb_00007ydj	pdb_00007eb2
pdb_00007ydj	pdb_00007ej0
pdb_00007ydj	pdb_00007ej8
pdb_00007ydj	pdb_00007eja
pdb_00007ydj	pdb_00007ejk
pdb_00007ydj	pdb_00007ejx
pdb_00007ydj	pdb_00007eo2
pdb_00007ydj	pdb_00007eo4
pdb_00007ydj	pdb_00007ept
pdb_00007ydj	pdb_00007eq1
pdb_00007ydj	pdb_00007euo
pdb_00007ydj	pdb_00007evm
pdb_00007ydj	pdb_00007evy
pdb_00007ydj	pdb_00007evz
pdb_00007ydj	pdb_00007ew0
pdb_00007ydj	pdb_00007ew2
pdb_00007ydj	pdb_00007ew3
pdb_00007ydj	pdb_00007ew4
pdb_00007ydj	pdb_00007ew7
pdb_00007ydj	pdb_00007exd
pdb_00007ydj	pdb_00007ezh
pdb_00007ydj	pdb_00007f16
pdb_00007ydj	pdb_00007f2o
pdb_00007ydj	pdb_00007f4d
pdb_00007ydj	pdb_00007f4f
pdb_00007ydj	pdb_00007f4h
pdb_00007ydj	pdb_00007f4i
pdb_00007ydj	pdb_00007f53
pdb_00007ydj	pdb_00007f54
pdb_00007ydj	pdb_00007f55
pdb_00007ydj	pdb_00007f58
pdb_00007ydj	pdb_00007f9y
pdb_00007ydj	pdb_00007f9z
pdb_00007ydj	pdb_00007fig
pdb_00007ydj	pdb_00007fin
pdb_00007ydj	pdb_00007fiy
pdb_00007ydj	pdb_00007jhj
pdb_00007ydj	pdb_00007joz
pdb_00007ydj	pdb_00007jv5
pdb_00007ydj	pdb_00007jvp
pdb_00007ydj	pdb_00007jvr
pdb_00007ydj	pdb_00007ki0
pdb_00007ydj	pdb_00007ki1
pdb_00007ydj	pdb_00007lll
pdb_00007ydj	pdb_00007lly
pdb_00007ydj	pdb_00007mbx
pdb_00007ydj	pdb_00007na7
pdb_00007ydj	pdb_00007na8
pdb_00007ydj	pdb_00007o7f
pdb_00007ydj	pdb_00007piu
pdb_00007ydj	pdb_00007piv
pdb_00007ydj	pdb_00007ra3
pdb_00007ydj	pdb_00007rbt
pdb_00007ydj	pdb_00007rg9
pdb_00007ydj	pdb_00007rgp
pdb_00007ydj	pdb_00007rkm
pdb_00007ydj	pdb_00007rkn
pdb_00007ydj	pdb_00007rkx
pdb_00007ydj	pdb_00007rky
pdb_00007ydj	pdb_00007rtb
pdb_00007ydj	pdb_00007s1m
pdb_00007ydj	pdb_00007s3i
pdb_00007ydj	pdb_00007s8m
pdb_00007ydj	pdb_00007s8o
pdb_00007ydj	pdb_00007sbf
pdb_00007ydj	pdb_00007sqo
pdb_00007ydj	pdb_00007t10
pdb_00007ydj	pdb_00007t11
pdb_00007ydj	pdb_00007t2h
pdb_00007ydj	pdb_00007t6s
pdb_00007ydj	pdb_00007t6u
pdb_00007ydj	pdb_00007t6v
pdb_00007ydj	pdb_00007t8x
pdb_00007ydj	pdb_00007t90
pdb_00007ydj	pdb_00007t94
pdb_00007ydj	pdb_00007t96
pdb_00007ydj	pdb_00007ts0
pdb_00007ydj	pdb_00007tuz
pdb_00007ydj	pdb_00007tyf
pdb_00007ydj	pdb_00007tyh
pdb_00007ydj	pdb_00007tyi
pdb_00007ydj	pdb_00007tyl
pdb_00007ydj	pdb_00007tyn
pdb_00007ydj	pdb_00007tyo
pdb_00007ydj	pdb_00007tyw
pdb_00007ydj	pdb_00007tyx
pdb_00007ydj	pdb_00007tyy
pdb_00007ydj	pdb_00007tzf
pdb_00007ydj	pdb_00007u2l
pdb_00007ydj	pdb_00007v35
pdb_00007ydj	pdb_00007v68
pdb_00007ydj	pdb_00007v69
pdb_00007ydj	pdb_00007v6a
pdb_00007ydj	pdb_00007v9l
pdb_00007ydj	pdb_00007v9m
pdb_00007ydj	pdb_00007vab
pdb_00007ydj	pdb_00007vbh
pdb_00007ydj	pdb_00007vbi
pdb_00007ydj	pdb_00007vdh
pdb_00007ydj	pdb_00007vdl
pdb_00007ydj	pdb_00007vdm
pdb_00007ydj	pdb_00007vfx
pdb_00007ydj	pdb_00007vgx
pdb_00007ydj	pdb_00007vgy
pdb_00007ydj	pdb_00007vgz
pdb_00007ydj	pdb_00007vkt
pdb_00007ydj	pdb_00007vl8
pdb_00007ydj	pdb_00007vl9
pdb_00007ydj	pdb_00007vla
pdb_00007ydj	pdb_00007vqx
pdb_00007ydj	pdb_00007vug
pdb_00007ydj	pdb_00007vuy
pdb_00007ydj	pdb_00007vuz
pdb_00007ydj	pdb_00007vv3
pdb_00007ydj	pdb_00007vv5
pdb_00007ydj	pdb_00007vvj
pdb_00007ydj	pdb_00007vvk
pdb_00007ydj	pdb_00007vvl
pdb_00007ydj	pdb_00007vvm
pdb_00007ydj	pdb_00007vvn
pdb_00007ydj	pdb_00007vvo
pdb_00007ydj	pdb_00007w0l
pdb_00007ydj	pdb_00007w0m
pdb_00007ydj	pdb_00007w0n
pdb_00007ydj	pdb_00007w0o
pdb_00007ydj	pdb_00007w0p
pdb_00007ydj	pdb_00007w53
pdb_00007ydj	pdb_00007w55
pdb_00007ydj	pdb_00007w56
pdb_00007ydj	pdb_00007w57
pdb_00007ydj	pdb_00007w6p
pdb_00007ydj	pdb_00007w7e
pdb_00007ydj	pdb_00007wbj
pdb_00007ydj	pdb_00007wcm
pdb_00007ydj	pdb_00007wcn
pdb_00007ydj	pdb_00007wf7
pdb_00007ydj	pdb_00007wic
pdb_00007ydj	pdb_00007wig
pdb_00007ydj	pdb_00007wj5
pdb_00007ydj	pdb_00007wkd
pdb_00007ydj	pdb_00007wq3
pdb_00007ydj	pdb_00007wq4
pdb_00007ydj	pdb_00007wu9
pdb_00007ydj	pdb_00007wui
pdb_00007ydj	pdb_00007wuj
pdb_00007ydj	pdb_00007wuq
pdb_00007ydj	pdb_00007wv9
pdb_00007ydj	pdb_00007wxu
pdb_00007ydj	pdb_00007wxw
pdb_00007ydj	pdb_00007wy5
pdb_00007ydj	pdb_00007wy8
pdb_00007ydj	pdb_00007wyb
pdb_00007ydj	pdb_00007wz4
pdb_00007ydj	pdb_00007x2v
pdb_00007ydj	pdb_00007x5h
pdb_00007ydj	pdb_00007x8r
pdb_00007ydj	pdb_00007x8s
pdb_00007ydj	pdb_00007x9y
pdb_00007ydj	pdb_00007xa3
pdb_00007ydj	pdb_00007xat
pdb_00007ydj	pdb_00007xau
pdb_00007ydj	pdb_00007xav
pdb_00007ydj	pdb_00007xjh
pdb_00007ydj	pdb_00007xji
pdb_00007ydj	pdb_00007xk2
pdb_00007ydj	pdb_00007xkd
pdb_00007ydj	pdb_00007xke
pdb_00007ydj	pdb_00007xkf
pdb_00007ydj	pdb_00007xms
pdb_00007ydj	pdb_00007xmt
pdb_00007ydj	pdb_00007xou
pdb_00007ydj	pdb_00007xov
pdb_00007ydj	pdb_00007xt8
pdb_00007ydj	pdb_00007xta
pdb_00007ydj	pdb_00007xtb
pdb_00007ydj	pdb_00007xtc
pdb_00007ydj	pdb_00007xtq
pdb_00007ydj	pdb_00007xv3
pdb_00007ydj	pdb_00007xz5
pdb_00007ydj	pdb_00007xz6
pdb_00007ydj	pdb_00007y12
pdb_00007ydj	pdb_00007y15
pdb_00007ydj	pdb_00007y1f
pdb_00007ydj	pdb_00007y35
pdb_00007ydj	pdb_00007y36
pdb_00007ydj	pdb_00007y3g
pdb_00007ydj	pdb_00007y64
pdb_00007ydj	pdb_00007y65
pdb_00007ydj	pdb_00007y66
pdb_00007ydj	pdb_00007y67
pdb_00007ydj	pdb_00007y89
pdb_00007ydj	pdb_00007yac
pdb_00007ydj	pdb_00007yae
pdb_00007ydj	pdb_00007ydm
pdb_00007ydj	pdb_00007ydp
pdb_00007ydj	pdb_00007yfc
pdb_00007ydj	pdb_00007yfd
pdb_00007ydj	pdb_00007yj4
pdb_00007ydj	pdb_00007yk6
pdb_00007ydj	pdb_00007yk7
pdb_00007ydj	pdb_00007ykd
pdb_00007ydj	pdb_00007yon
pdb_00007ydj	pdb_00007yoo
pdb_00007ydj	pdb_00007yp7
pdb_00007ydj	pdb_00007yu7
pdb_00007ydj	pdb_00007yu8
pdb_00007ydj	pdb_00008dzp
pdb_00007ydj	pdb_00008dzs
pdb_00007ydj	pdb_00008e3x
pdb_00007ydj	pdb_00008e3y
pdb_00007ydj	pdb_00008e3z
pdb_00007ydj	pdb_00008ef5
pdb_00007ydj	pdb_00008ef6
pdb_00007ydj	pdb_00008efb
pdb_00007ydj	pdb_00008efl
pdb_00007ydj	pdb_00008efo
pdb_00007ydj	pdb_00008f0j
pdb_00007ydj	pdb_00008f0k
pdb_00007ydj	pdb_00008f2a
pdb_00007ydj	pdb_00008f2b
pdb_00007ydj	pdb_00008f7q
pdb_00007ydj	pdb_00008f7r
pdb_00007ydj	pdb_00008f7w
pdb_00007ydj	pdb_00008f7x
pdb_00007ydj	pdb_00008feg
pdb_00007ydj	pdb_00008flq
pdb_00007ydj	pdb_00008flr
pdb_00007ydj	pdb_00008fls
pdb_00007ydj	pdb_00008flt
pdb_00007ydj	pdb_00008flu
pdb_00007ydj	pdb_00008fu6
pdb_00007ydj	pdb_00008g05
pdb_00007ydj	pdb_00008g94
pdb_00007ydj	pdb_00008gag
pdb_00007ydj	pdb_00008gcm
pdb_00007ydj	pdb_00008gcp
pdb_00007ydj	pdb_00008gda
pdb_00007ydj	pdb_00008gdb
pdb_00007ydj	pdb_00008ghv
pdb_00007ydj	pdb_00008guq
pdb_00007ydj	pdb_00008gur
pdb_00007ydj	pdb_00008gus
pdb_00007ydj	pdb_00008gut
pdb_00007ydj	pdb_00008gw8
pdb_00007ydj	pdb_00008h0p
pdb_00007ydj	pdb_00008h0q
pdb_00007ydj	pdb_00008h2g
pdb_00007ydj	pdb_00008h4i
pdb_00007ydj	pdb_00008h4k
pdb_00007ydj	pdb_00008h4l
pdb_00007ydj	pdb_00008ha0
pdb_00007ydj	pdb_00008haf
pdb_00007ydj	pdb_00008hao
pdb_00007ydj	pdb_00008hbd
pdb_00007ydj	pdb_00008hj5
pdb_00007ydj	pdb_00008hk2
pdb_00007ydj	pdb_00008hk3
pdb_00007ydj	pdb_00008hmv
pdb_00007ydj	pdb_00008hn8
pdb_00007ydj	pdb_00008hnk
pdb_00007ydj	pdb_00008hnl
pdb_00007ydj	pdb_00008hnm
pdb_00007ydj	pdb_00008hoc
pdb_00007ydj	pdb_00008hs3
pdb_00007ydj	pdb_00008hti
pdb_00007ydj	pdb_00008hvi
pdb_00007ydj	pdb_00008i7v
pdb_00007ydj	pdb_00008i7w
pdb_00007ydj	pdb_00008i9a
pdb_00007ydj	pdb_00008ia8
pdb_00007ydj	pdb_00008ibu
pdb_00007ydj	pdb_00008ibv
pdb_00007ydj	pdb_00008ic0
pdb_00007ydj	pdb_00008id4
pdb_00007ydj	pdb_00008id6
pdb_00007ydj	pdb_00008id8
pdb_00007ydj	pdb_00008ihb
pdb_00007ydj	pdb_00008ihf
pdb_00007ydj	pdb_00008ihh
pdb_00007ydj	pdb_00008ihi
pdb_00007ydj	pdb_00008ihj
pdb_00007ydj	pdb_00008ija
pdb_00007ydj	pdb_00008ikg
pdb_00007ydj	pdb_00008ikh
pdb_00007ydj	pdb_00008ioc
pdb_00007ydj	pdb_00008iod
pdb_00007ydj	pdb_00008irs
pdb_00007ydj	pdb_00008irt
pdb_00007ydj	pdb_00008iru
pdb_00007ydj	pdb_00008itf
pdb_00007ydj	pdb_00008itl
pdb_00007ydj	pdb_00008itm
pdb_00007ydj	pdb_00008iu2
pdb_00007ydj	pdb_00008iuk
pdb_00007ydj	pdb_00008iul
pdb_00007ydj	pdb_00008ium
pdb_00007ydj	pdb_00008iw4
pdb_00007ydj	pdb_00008iw9
pdb_00007ydj	pdb_00008iy5
pdb_00007ydj	pdb_00008iz4
pdb_00007ydj	pdb_00008j18
pdb_00007ydj	pdb_00008j19
pdb_00007ydj	pdb_00008j1a
pdb_00007ydj	pdb_00008j23
pdb_00007ydj	pdb_00008j6i
pdb_00007ydj	pdb_00008j6j
pdb_00007ydj	pdb_00008j6l
pdb_00007ydj	pdb_00008j6p
pdb_00007ydj	pdb_00008j6q
pdb_00007ydj	pdb_00008j6r
pdb_00007ydj	pdb_00008jd5
pdb_00007ydj	pdb_00008jef
pdb_00007ydj	pdb_00008jei
pdb_00007ydj	pdb_00008jgf
pdb_00007ydj	pdb_00008jip
pdb_00007ydj	pdb_00008jiq
pdb_00007ydj	pdb_00008jir
pdb_00007ydj	pdb_00008jis
pdb_00007ydj	pdb_00008jit
pdb_00007ydj	pdb_00008jiu
pdb_00007ydj	pdb_00008jjp
pdb_00007ydj	pdb_00008jlj
pdb_00007ydj	pdb_00008jlk
pdb_00007ydj	pdb_00008jln
pdb_00007ydj	pdb_00008jlr
pdb_00007ydj	pdb_00008jlz
pdb_00007ydj	pdb_00008jpn
pdb_00007ydj	pdb_00008jr9
pdb_00007ydj	pdb_00008jso
pdb_00007ydj	pdb_00008jsp
pdb_00007ydj	pdb_00008jsr
pdb_00007ydj	pdb_00008jt6
pdb_00007ydj	pdb_00008jxt
pdb_00007ydj	pdb_00008jxv
pdb_00007ydj	pdb_00008jxw
pdb_00007ydj	pdb_00008jxx
pdb_00007ydj	pdb_00008k2x
pdb_00007ydj	pdb_00008k4n
pdb_00007ydj	pdb_00008k6m
pdb_00007ydj	pdb_00008k6n
pdb_00007ydj	pdb_00008k6o
pdb_00007ydj	pdb_00008k9k
pdb_00007ydj	pdb_00008k9l
pdb_00007ydj	pdb_00008kfx
pdb_00007ydj	pdb_00008kfy
pdb_00007ydj	pdb_00008kfz
pdb_00007ydj	pdb_00008p13
pdb_00007ydj	pdb_00008p15
pdb_00007ydj	pdb_00008pok
pdb_00007ydj	pdb_00008s2t
pdb_00007ydj	pdb_00008sai
pdb_00007ydj	pdb_00008u1u
pdb_00007ydj	pdb_00008utd
pdb_00007ydj	pdb_00008uuj
pdb_00007ydj	pdb_00008vy7
pdb_00007ydj	pdb_00008w87
pdb_00007ydj	pdb_00008w88
pdb_00007ydj	pdb_00008w8b
pdb_00007ydj	pdb_00008w8q
pdb_00007ydj	pdb_00008w8r
pdb_00007ydj	pdb_00008wa3
pdb_00007ydj	pdb_00008wc3
pdb_00007ydj	pdb_00008wc4
pdb_00007ydj	pdb_00008wc5
pdb_00007ydj	pdb_00008wc6
pdb_00007ydj	pdb_00008wc7
pdb_00007ydj	pdb_00008wc8
pdb_00007ydj	pdb_00008wc9
pdb_00007ydj	pdb_00008wcb
pdb_00007ydj	pdb_00008wg7
pdb_00007ydj	pdb_00008wg8
pdb_00007ydj	pdb_00008wrb
pdb_00007ydj	pdb_00008wss
pdb_00007ydj	pdb_00008ww2
pdb_00007ydj	pdb_00008wwh
pdb_00007ydj	pdb_00008wwi
pdb_00007ydj	pdb_00008wwj
pdb_00007ydj	pdb_00008wwk
pdb_00007ydj	pdb_00008wwl
pdb_00007ydj	pdb_00008wwm
pdb_00007ydj	pdb_00008wwn
pdb_00007ydj	pdb_00008wz2
pdb_00007ydj	pdb_00008x16
pdb_00007ydj	pdb_00008x2k
pdb_00007ydj	pdb_00008x3l
pdb_00007ydj	pdb_00008x8l
pdb_00007ydj	pdb_00008x8n
pdb_00007ydj	pdb_00008x9t
pdb_00007ydj	pdb_00008xbe
pdb_00007ydj	pdb_00008xbh
pdb_00007ydj	pdb_00008xgr
pdb_00007ydj	pdb_00008xgu
pdb_00007ydj	pdb_00008xio
pdb_00007ydj	pdb_00008xip
pdb_00007ydj	pdb_00008xiq
pdb_00007ydj	pdb_00008xir
pdb_00007ydj	pdb_00008xml
pdb_00007ydj	pdb_00008xof
pdb_00007ydj	pdb_00008xog
pdb_00007ydj	pdb_00008xoh
pdb_00007ydj	pdb_00008xoi
pdb_00007ydj	pdb_00008xoj
pdb_00007ydj	pdb_00008xos
pdb_00007ydj	pdb_00008xqe
pdb_00007ydj	pdb_00008xqf
pdb_00007ydj	pdb_00008xqn
pdb_00007ydj	pdb_00008xqo
pdb_00007ydj	pdb_00008xqs
pdb_00007ydj	pdb_00008xqt
pdb_00007ydj	pdb_00008xwp
pdb_00007ydj	pdb_00008xwq
pdb_00007ydj	pdb_00008xxu
pdb_00007ydj	pdb_00008xxv
pdb_00007ydj	pdb_00008xzf
pdb_00007ydj	pdb_00008xzh
pdb_00007ydj	pdb_00008xzi
pdb_00007ydj	pdb_00008xzj
pdb_00007ydj	pdb_00008y01
pdb_00007ydj	pdb_00008y02
pdb_00007ydj	pdb_00008y51
pdb_00007ydj	pdb_00008y53
pdb_00007ydj	pdb_00008y62
pdb_00007ydj	pdb_00008y63
pdb_00007ydj	pdb_00008y6w
pdb_00007ydj	pdb_00008y71
pdb_00007ydj	pdb_00008y72
pdb_00007ydj	pdb_00008y73
pdb_00007ydj	pdb_00008yfo
pdb_00007ydj	pdb_00008yfs
pdb_00007ydj	pdb_00008yg4
pdb_00007ydj	pdb_00008yh0
pdb_00007ydj	pdb_00008ykd
pdb_00007ydj	pdb_00008ykv
pdb_00007ydj	pdb_00008ykw
pdb_00007ydj	pdb_00008ykx
pdb_00007ydj	pdb_00008yn5
pdb_00007ydj	pdb_00008yn6
pdb_00007ydj	pdb_00008yn9
pdb_00007ydj	pdb_00008yna
pdb_00007ydj	pdb_00008yut
pdb_00007ydj	pdb_00008yuu
pdb_00007ydj	pdb_00008yuv
pdb_00007ydj	pdb_00008yw4
pdb_00007ydj	pdb_00008yw5
pdb_00007ydj	pdb_00008ywf
pdb_00007ydj	pdb_00008z3m
pdb_00007ydj	pdb_00008z3q
pdb_00007ydj	pdb_00008z3y
pdb_00007ydj	pdb_00008z65
pdb_00007ydj	pdb_00008z68
pdb_00007ydj	pdb_00008z8a
pdb_00007ydj	pdb_00008z8b
pdb_00007ydj	pdb_00008zbe
pdb_00007ydj	pdb_00008zbi
pdb_00007ydj	pdb_00008zce
pdb_00007ydj	pdb_00008zcf
pdb_00007ydj	pdb_00008zcj
pdb_00007ydj	pdb_00008zd1
pdb_00007ydj	pdb_00008zf6
pdb_00007ydj	pdb_00008zf9
pdb_00007ydj	pdb_00008zfa
pdb_00007ydj	pdb_00008zfc
pdb_00007ydj	pdb_00008zps
pdb_00007ydj	pdb_00008zpt
pdb_00007ydj	pdb_00008zqe
pdb_00007ydj	pdb_00008zr5
pdb_00007ydj	pdb_00008zrk
pdb_00007ydj	pdb_00008zvz
pdb_00007ydj	pdb_00008zw0
pdb_00007ydj	pdb_00008zwg
pdb_00007ydj	pdb_00009ast
pdb_00007ydj	pdb_00009au0
pdb_00007ydj	pdb_00009auc
pdb_00007ydj	pdb_00009b54
pdb_00007ydj	pdb_00009b65
pdb_00007ydj	pdb_00009blb
pdb_00007ydj	pdb_00009blc
pdb_00007ydj	pdb_00009blw
pdb_00007ydj	pdb_00009bp3
pdb_00007ydj	pdb_00009bq3
pdb_00007ydj	pdb_00009btw
pdb_00007ydj	pdb_00009bub
pdb_00007ydj	pdb_00009buc
pdb_00007ydj	pdb_00009bud
pdb_00007ydj	pdb_00009bue
pdb_00007ydj	pdb_00009buy
pdb_00007ydj	pdb_00009byo
pdb_00007ydj	pdb_00009c0k
pdb_00007ydj	pdb_00009cgj
pdb_00007ydj	pdb_00009cm7
pdb_00007ydj	pdb_00009e2a
pdb_00007ydj	pdb_00009e7r
pdb_00007ydj	pdb_00009e9s
pdb_00007ydj	pdb_00009ebh
pdb_00007ydj	pdb_00009ebn
pdb_00007ydj	pdb_00009ebo
pdb_00007ydj	pdb_00009ebq
pdb_00007ydj	pdb_00009ego
pdb_00007ydj	pdb_00009erx
pdb_00007ydj	pdb_00009f33
pdb_00007ydj	pdb_00009f34
pdb_00007ydj	pdb_00009gyo
pdb_00007ydj	pdb_00009ik9
pdb_00007ydj	pdb_00009ipv
pdb_00007ydj	pdb_00009iqt
pdb_00007ydj	pdb_00009itb
pdb_00007ydj	pdb_00009iv6
pdb_00007ydj	pdb_00009ivg
pdb_00007ydj	pdb_00009ivm
pdb_00007ydj	pdb_00009ixj
pdb_00007ydj	pdb_00009ixx
pdb_00007ydj	pdb_00009iyb
pdb_00007ydj	pdb_00009iza
pdb_00007ydj	pdb_00009izf
pdb_00007ydj	pdb_00009j0b
pdb_00007ydj	pdb_00009j0i
pdb_00007ydj	pdb_00009j1p
pdb_00007ydj	pdb_00009jco
pdb_00007ydj	pdb_00009jcq
pdb_00007ydj	pdb_00009jed
pdb_00007ydj	pdb_00009jfw
pdb_00007ydj	pdb_00009jfy
pdb_00007ydj	pdb_00009jh3
pdb_00007ydj	pdb_00009jh5
pdb_00007ydj	pdb_00009jh6
pdb_00007ydj	pdb_00009jhj
pdb_00007ydj	pdb_00009jic
pdb_00007ydj	pdb_00009jid
pdb_00007ydj	pdb_00009jkq
pdb_00007ydj	pdb_00009jks
pdb_00007ydj	pdb_00009jkt
pdb_00007ydj	pdb_00009jkv
pdb_00007ydj	pdb_00009jkx
pdb_00007ydj	pdb_00009jlc
pdb_00007ydj	pdb_00009jmc
pdb_00007ydj	pdb_00009jmd
pdb_00007ydj	pdb_00009jvg
pdb_00007ydj	pdb_00009k26
pdb_00007ydj	pdb_00009k3f
pdb_00007ydj	pdb_00009k3h
pdb_00007ydj	pdb_00009k3k
pdb_00007ydj	pdb_00009k3l
pdb_00007ydj	pdb_00009k3p
pdb_00007ydj	pdb_00009k6l
pdb_00007ydj	pdb_00009kfi
pdb_00007ydj	pdb_00009kfj
pdb_00007ydj	pdb_00009kfk
pdb_00007ydj	pdb_00009kft
pdb_00007ydj	pdb_00009ko4
pdb_00007ydj	pdb_00009kpe
pdb_00007ydj	pdb_00009kpf
pdb_00007ydj	pdb_00009kt7
pdb_00007ydj	pdb_00009kt8
pdb_00007ydj	pdb_00009kt9
pdb_00007ydj	pdb_00009kvg
pdb_00007ydj	pdb_00009kvh
pdb_00007ydj	pdb_00009kvi
pdb_00007ydj	pdb_00009l42
pdb_00007ydj	pdb_00009l84
pdb_00007ydj	pdb_00009llf
pdb_00007ydj	pdb_00009llh
pdb_00007ydj	pdb_00009lr3
pdb_00007ydj	pdb_00009lrd
pdb_00007ydj	pdb_00009lre
pdb_00007ydj	pdb_00009lw5
pdb_00007ydj	pdb_00009lyb
pdb_00007ydj	pdb_00009m0j
pdb_00007ydj	pdb_00009m1s
pdb_00007ydj	pdb_00009m1u
pdb_00007ydj	pdb_00009m40
pdb_00007ydj	pdb_00009m55
pdb_00007ydj	pdb_00009m57
pdb_00007ydj	pdb_00009mxu
pdb_00007ydj	pdb_00009mze
pdb_00007ydj	pdb_00009mzg
pdb_00007ydj	pdb_00009n04
pdb_00007ydj	pdb_00009n05
pdb_00007ydj	pdb_00009n1p
pdb_00007ydj	pdb_00009n1q
pdb_00007ydj	pdb_00009n2i
pdb_00007ydj	pdb_00009ns9
pdb_00007ydj	pdb_00009o36
pdb_00007ydj	pdb_00009p0k
pdb_00007ydj	pdb_00009p0l
pdb_00007ydj	pdb_00009p92
pdb_00007ydj	pdb_00009pa2
pdb_00007ydj	pdb_00009pa5
pdb_00007ydj	pdb_00009pa6
pdb_00007ydj	pdb_00009plo
pdb_00007ydj	pdb_00009ppw
pdb_00007ydj	pdb_00009ppx
pdb_00007ydj	pdb_00009ppy
pdb_00007ydj	pdb_00009ppz
pdb_00007ydj	pdb_00009pq0
pdb_00007ydj	pdb_00009pt4
pdb_00007ydj	pdb_00009pxv
pdb_00007ydj	pdb_00009u9v
pdb_00007ydj	pdb_00009ust
pdb_00007ydj	pdb_00009uwv
pdb_00007ydj	pdb_00009uy3
pdb_00007ydj	pdb_00009v0x
pdb_00007ydj	pdb_00009v1h
pdb_00007ydj	pdb_00009v2n
pdb_00007ydj	pdb_00009v6o
pdb_00007ydj	pdb_00009vat
pdb_00007ydj	pdb_00009vau
pdb_00007ydj	pdb_00009vav
pdb_00007ydj	pdb_00009vax
pdb_00007ydj	pdb_00009vay
pdb_00007ydj	pdb_00009vaz
pdb_00007ydj	pdb_00009vb0
pdb_00007ydj	pdb_00009vb1
pdb_00007ydj	pdb_00009vb2
pdb_00007ydj	pdb_00009vb3
pdb_00007ydj	pdb_00009vb4
pdb_00007ydj	pdb_00009vb5
pdb_00007ydj	pdb_00009vb6
pdb_00007ydj	pdb_00009vb7
pdb_00007ydj	pdb_00009vi9
pdb_00007ydj	pdb_00009vif
pdb_00007ydj	pdb_00009vj5
pdb_00007ydj	pdb_00009vj6
pdb_00007ydj	pdb_00009vje
pdb_00007ydj	pdb_00009vjf
pdb_00007ydj	pdb_00009vjg
pdb_00007ydj	pdb_00009vjt
pdb_00007ydj	pdb_00009vmn
pdb_00007ydj	pdb_00009vmo
pdb_00007ydj	pdb_00009vmp
pdb_00007ydj	pdb_00009vmy
pdb_00007ydj	pdb_00009vnf
pdb_00007ydj	pdb_00009vo2
pdb_00007ydj	pdb_00009vpm
pdb_00007ydj	pdb_00009vpn
pdb_00007ydj	pdb_00009vus
pdb_00007ydj	pdb_00009w49
pdb_00007ydj	pdb_00009wey
pdb_00007ydj	pdb_00009wik
pdb_00007ydj	pdb_00009wpm
pdb_00007ydj	pdb_00009wqk
pdb_00007ydj	pdb_00009wqm
pdb_00007ydj	pdb_00009wxm
pdb_00007ydj	pdb_00009x20
pdb_00007ydj	pdb_00009x3z
pdb_00007ydj	pdb_00009x40
pdb_00007ydj	pdb_00009xhi
pdb_00007ydj	pdb_00009xjw
pdb_00007ydj	pdb_00009xqc
pdb_00007ydj	pdb_00009xxt
pdb_00007ydj	pdb_00009ydu
pdb_00007ydj	pdb_00009ydv
pdb_00007yi6	pdb_00007yi6
pdb_00007yix	pdb_00007yix
pdb_00008weo	pdb_00008weo
pdb_00008wlj	pdb_00008wlj
pdb_00008wlj	pdb_00008wrd
pdb_00008wlj	pdb_00008wre
pdb_00008wlj	pdb_00008wvg
pdb_00008wsu	pdb_00008wsu
pdb_00008wsu	pdb_00008wqw
pdb_00008wze	pdb_00008wze
pdb_00008x7n	pdb_00008x7n
pdb_00008xa4	pdb_00008xa4
pdb_00008xa4	pdb_000026wc
pdb_00008xej	pdb_00008xej
pdb_00008xej	pdb_00007daa
pdb_00008xej	pdb_00007dce
pdb_00008xld	pdb_00008xld
pdb_00009k3t	pdb_00009k3t
pdb_00009k3t	pdb_00008s0l
pdb_00009k3t	pdb_00008s0m
pdb_00009k3t	pdb_00008s0n
pdb_00009kep	pdb_00009kep
pdb_00009kkj	pdb_00009kkj
pdb_00009kny	pdb_00009kny
pdb_00009kny	pdb_00008yw6
pdb_00009kny	pdb_00008yw8
pdb_00009kny	pdb_00008yw9
pdb_00009kny	pdb_00009knw
pdb_00009kny	pdb_00009knx
pdb_00009kqc	pdb_00009kqc
pdb_00009kqc	pdb_00007sp6
pdb_00009kqc	pdb_00007sp7
pdb_00009kqc	pdb_00007sp8
pdb_00009kqc	pdb_00007sp9
pdb_00009kqc	pdb_00007spa
pdb_00009kqc	pdb_00008snc
pdb_00009kqc	pdb_00008snd
pdb_00009kqc	pdb_00008sne
pdb_00009kqc	pdb_00009yq2
pdb_00009kqc	pdb_00009yq4
pdb_00009kqc	pdb_00009yq5
pdb_00009kur	pdb_00009kur
pdb_00009kur	pdb_00007n0i
pdb_00009kur	pdb_00009c2h
pdb_00009kyz	pdb_00009kyz
pdb_00009kyz	pdb_00004lqf
pdb_00009kyz	pdb_00004lu5
pdb_00009kyz	pdb_00004m1g
pdb_00009kyz	pdb_00009mso
pdb_00009kyz	pdb_00009msp
pdb_00009l1p	pdb_00009l1p
pdb_00009l1p	pdb_00009kwe
pdb_00009l1p	pdb_00009kwz
pdb_00009l1p	pdb_00009l1o
